sample_id,stratum_name,cl250,cl500
0,historic_core,1,1
1,historic_core,1,1
2,historic_core,1,1
3,historic_core,1,1
4,historic_core,1,1
5,historic_core,1,1
6,historic_core,1,1
7,historic_core,1,1
8,historic_core,1,1
9,historic_core,1,1
10,historic_core,1,1
11,historic_core,1,1
12,historic_core,1,1
13,historic_core,1,1
14,historic_core,1,1
15,historic_core,1,1
16,historic_core,1,1
17,historic_core,1,1
18,historic_core,1,1
19,historic_core,1,1
20,historic_core,1,1
21,historic_core,1,1
22,historic_core,1,1
23,historic_core,1,1
24,historic_core,1,1
25,historic_core,1,1
26,historic_core,1,1
27,historic_core,1,1
28,historic_core,1,1
29,historic_core,1,1
30,historic_core,1,1
31,historic_core,1,1
32,historic_core,1,1
33,historic_core,1,1
34,historic_core,1,1
35,historic_core,1,1
36,historic_core,1,1
37,historic_core,1,1
38,historic_core,1,1
39,historic_core,1,1
40,historic_core,1,1
41,historic_core,1,1
42,historic_core,2,2
43,historic_core,1,1
44,historic_core,2,2
45,historic_core,1,2
46,historic_core,2,2
47,historic_core,1,1
48,historic_core,4,2
49,historic_core,1,1
50,historic_core,1,1
51,historic_core,1,1
52,historic_core,2,2
53,historic_core,1,1
54,historic_core,1,1
55,historic_core,1,1
56,historic_core,1,1
57,historic_core,1,1
58,historic_core,1,1
59,historic_core,1,1
60,historic_core,1,1
61,historic_core,2,2
62,historic_core,1,1
63,historic_core,1,1
64,historic_core,1,1
65,historic_core,1,1
66,historic_core,1,1
67,historic_core,1,1
68,historic_core,1,1
69,historic_core,1,1
70,historic_core,1,1
71,historic_core,2,2
72,historic_core,1,1
73,historic_core,1,1
74,historic_core,1,1
75,historic_core,1,1
76,historic_core,1,2
77,historic_core,1,1
78,historic_core,2,1
79,historic_core,2,2
80,historic_core,1,1
81,historic_core,1,1
82,historic_core,1,1
83,historic_core,1,1
84,historic_core,1,1
85,historic_core,1,1
86,historic_core,1,1
87,historic_core,4,2
88,historic_core,1,1
89,historic_core,1,1
90,historic_core,2,1
91,historic_core,4,2
92,historic_core,1,1
93,historic_core,2,2
94,historic_core,1,1
95,historic_core,1,1
96,historic_core,1,1
97,historic_core,2,1
98,historic_core,1,1
99,historic_core,2,2
100,historic_core,1,1
101,historic_core,1,1
102,historic_core,1,1
103,historic_core,1,1
104,historic_core,2,1
105,historic_core,1,1
106,historic_core,1,1
107,historic_core,1,1
108,historic_core,1,1
109,historic_core,1,1
110,grid_residential,4,2
111,grid_residential,4,2
112,grid_residential,4,2
113,grid_residential,3,3
114,grid_residential,4,2
115,grid_residential,4,2
116,grid_residential,4,2
117,grid_residential,4,2
118,grid_residential,4,2
119,grid_residential,2,3
120,grid_residential,4,2
121,grid_residential,4,2
122,grid_residential,2,2
123,grid_residential,4,2
124,grid_residential,4,3
125,grid_residential,2,2
126,grid_residential,4,2
127,grid_residential,2,3
128,grid_residential,4,2
129,grid_residential,4,2
130,grid_residential,4,2
131,grid_residential,4,2
132,grid_residential,2,3
133,grid_residential,2,2
134,grid_residential,4,2
135,grid_residential,4,2
136,grid_residential,2,2
137,grid_residential,4,2
138,grid_residential,2,2
139,grid_residential,2,2
140,grid_residential,2,2
141,grid_residential,2,2
142,grid_residential,4,2
143,grid_residential,2,3
144,grid_residential,2,3
145,grid_residential,2,2
146,grid_residential,2,3
147,grid_residential,2,2
148,grid_residential,4,2
149,grid_residential,4,2
150,grid_residential,2,2
151,grid_residential,4,3
152,grid_residential,4,2
153,grid_residential,4,2
154,grid_residential,2,2
155,grid_residential,4,3
156,grid_residential,4,2
157,grid_residential,4,3
158,grid_residential,4,2
159,grid_residential,4,2
160,grid_residential,2,2
161,grid_residential,2,1
162,grid_residential,4,2
163,grid_residential,4,2
164,grid_residential,4,2
165,grid_residential,2,2
166,grid_residential,2,2
167,grid_residential,4,2
168,grid_residential,4,2
169,grid_residential,4,2
170,grid_residential,1,1
171,grid_residential,1,1
172,grid_residential,4,2
173,grid_residential,4,2
174,grid_residential,4,2
175,grid_residential,2,1
176,grid_residential,4,2
177,grid_residential,4,2
178,grid_residential,4,2
179,grid_residential,2,2
180,grid_residential,4,2
181,grid_residential,4,2
182,grid_residential,4,2
183,grid_residential,4,2
184,grid_residential,2,2
185,grid_residential,4,2
186,grid_residential,4,3
187,grid_residential,4,2
188,grid_residential,3,3
189,grid_residential,4,3
190,grid_residential,4,2
191,grid_residential,2,2
192,grid_residential,4,2
193,grid_residential,4,2
194,grid_residential,3,3
195,grid_residential,4,2
196,grid_residential,2,2
197,grid_residential,4,2
198,grid_residential,2,2
199,grid_residential,4,2
200,grid_residential,4,2
201,grid_residential,4,2
202,grid_residential,4,2
203,grid_residential,2,2
204,grid_residential,4,3
205,grid_residential,4,2
206,grid_residential,2,2
207,grid_residential,4,2
208,grid_residential,4,2
209,grid_residential,4,2
210,grid_residential,4,2
211,grid_residential,4,2
212,grid_residential,4,2
213,grid_residential,4,2
214,grid_residential,4,2
215,grid_residential,2,2
216,grid_residential,4,2
217,grid_residential,4,2
218,grid_residential,1,2
219,grid_residential,1,1
220,grid_residential,4,3
221,grid_residential,4,2
222,grid_residential,4,3
223,grid_residential,4,2
224,grid_residential,4,2
225,grid_residential,4,3
226,grid_residential,4,2
227,grid_residential,4,2
228,grid_residential,4,2
229,grid_residential,4,2
230,grid_residential,4,2
231,grid_residential,4,2
232,grid_residential,2,2
233,grid_residential,2,2
234,grid_residential,4,2
235,grid_residential,4,2
236,grid_residential,4,3
237,grid_residential,4,3
238,grid_residential,4,2
239,grid_residential,4,2
240,grid_residential,4,2
241,grid_residential,2,1
242,grid_residential,4,2
243,grid_residential,4,2
244,grid_residential,4,2
245,grid_residential,4,2
246,grid_residential,4,2
247,grid_residential,3,3
248,grid_residential,4,2
249,grid_residential,4,2
250,grid_residential,1,1
251,grid_residential,4,2
252,grid_residential,2,2
253,grid_residential,4,2
254,grid_residential,4,2
255,grid_residential,4,2
256,grid_residential,2,2
257,grid_residential,2,2
258,grid_residential,2,2
259,grid_residential,2,2
260,grid_residential,2,2
261,grid_residential,2,2
262,grid_residential,1,1
263,grid_residential,4,2
264,grid_residential,2,2
265,grid_residential,2,2
266,grid_residential,2,2
267,grid_residential,4,2
268,grid_residential,1,1
269,grid_residential,2,2
270,grid_residential,4,2
271,grid_residential,2,2
272,grid_residential,2,2
273,grid_residential,4,2
274,grid_residential,2,2
275,grid_residential,2,1
276,grid_residential,4,2
277,grid_residential,4,1
278,grid_residential,2,2
279,grid_residential,2,2
280,grid_residential,2,2
281,grid_residential,2,2
282,grid_residential,1,2
283,grid_residential,4,2
284,grid_residential,1,1
285,grid_residential,2,2
286,grid_residential,1,1
287,grid_residential,1,1
288,grid_residential,1,1
289,grid_residential,4,2
290,grid_residential,4,3
291,grid_residential,4,3
292,grid_residential,4,2
293,grid_residential,2,2
294,grid_residential,2,2
295,grid_residential,2,1
296,grid_residential,2,1
297,grid_residential,1,1
298,grid_residential,4,3
299,grid_residential,4,3
300,grid_residential,4,2
301,grid_residential,4,2
302,grid_residential,4,2
303,grid_residential,1,2
304,grid_residential,2,2
305,grid_residential,1,1
306,grid_residential,2,1
307,grid_residential,2,1
308,grid_residential,4,2
309,grid_residential,1,1
310,grid_residential,2,1
311,grid_residential,4,2
312,grid_residential,2,1
313,grid_residential,2,1
314,grid_residential,2,1
315,grid_residential,4,2
316,grid_residential,4,2
317,grid_residential,4,2
318,grid_residential,4,2
319,grid_residential,4,2
320,grid_residential,4,3
321,grid_residential,4,3
322,grid_residential,4,2
323,grid_residential,4,2
324,grid_residential,4,2
325,grid_residential,4,2
326,grid_residential,4,2
327,grid_residential,4,2
328,grid_residential,1,1
329,grid_residential,4,2
330,grid_residential,4,3
331,grid_residential,4,2
332,grid_residential,4,2
333,grid_residential,4,2
334,grid_residential,4,2
335,grid_residential,4,2
336,grid_residential,4,2
337,grid_residential,4,3
338,grid_residential,4,2
339,grid_residential,2,2
340,grid_residential,4,2
341,grid_residential,4,2
342,grid_residential,4,2
343,grid_residential,4,2
344,grid_residential,2,2
345,grid_residential,1,1
346,grid_residential,4,2
347,grid_residential,4,2
348,grid_residential,4,2
349,grid_residential,4,2
350,grid_residential,1,1
351,grid_residential,4,2
352,grid_residential,2,2
353,grid_residential,4,2
354,grid_residential,2,2
355,grid_residential,4,2
356,grid_residential,4,2
357,grid_residential,2,2
358,grid_residential,2,2
359,grid_residential,2,2
360,grid_residential,2,2
361,grid_residential,4,2
362,grid_residential,4,2
363,grid_residential,4,2
364,grid_residential,2,2
365,grid_residential,2,2
366,grid_residential,4,2
367,grid_residential,2,2
368,grid_residential,2,1
369,grid_residential,4,2
370,grid_residential,4,2
371,grid_residential,4,2
372,grid_residential,2,2
373,grid_residential,2,2
374,grid_residential,2,2
375,grid_residential,2,2
376,grid_residential,1,1
377,grid_residential,1,1
378,grid_residential,2,2
379,grid_residential,4,2
380,grid_residential,4,2
381,grid_residential,4,2
382,grid_residential,2,2
383,grid_residential,1,1
384,grid_residential,2,2
385,grid_residential,4,2
386,grid_residential,1,1
387,grid_residential,2,2
388,grid_residential,2,2
389,grid_residential,4,2
390,grid_residential,4,2
391,grid_residential,4,2
392,grid_residential,2,2
393,grid_residential,4,2
394,grid_residential,4,2
395,grid_residential,2,1
396,grid_residential,2,2
397,grid_residential,2,2
398,grid_residential,4,2
399,grid_residential,4,2
400,grid_residential,4,2
401,grid_residential,4,3
402,grid_residential,4,3
403,grid_residential,4,2
404,grid_residential,4,2
405,grid_residential,4,2
406,grid_residential,4,2
407,grid_residential,4,2
408,grid_residential,4,2
409,grid_residential,4,2
410,grid_residential,4,2
411,grid_residential,4,2
412,grid_residential,4,2
413,grid_residential,4,3
414,grid_residential,2,2
415,grid_residential,4,3
416,grid_residential,2,2
417,grid_residential,2,2
418,grid_residential,4,2
419,grid_residential,2,2
420,grid_residential,4,2
421,grid_residential,4,2
422,grid_residential,4,2
423,grid_residential,4,3
424,grid_residential,2,2
425,grid_residential,2,2
426,grid_residential,2,1
427,grid_residential,1,1
428,grid_residential,2,2
429,grid_residential,2,2
430,grid_residential,4,2
431,grid_residential,2,2
432,grid_residential,2,2
433,grid_residential,2,2
434,grid_residential,2,3
435,grid_residential,4,2
436,grid_residential,2,2
437,grid_residential,4,2
438,grid_residential,4,2
439,grid_residential,2,2
440,grid_residential,2,2
441,grid_residential,4,2
442,grid_residential,4,2
443,grid_residential,3,3
444,grid_residential,2,2
445,grid_residential,2,2
446,grid_residential,2,2
447,grid_residential,4,2
448,grid_residential,2,2
449,grid_residential,1,1
450,grid_residential,2,2
451,grid_residential,4,2
452,grid_residential,4,2
453,grid_residential,4,2
454,grid_residential,4,2
455,grid_residential,2,2
456,grid_residential,2,2
457,grid_residential,2,2
458,grid_residential,3,3
459,grid_residential,4,3
460,grid_residential,4,3
461,grid_residential,1,1
462,grid_residential,4,2
463,grid_residential,2,2
464,grid_residential,4,2
465,grid_residential,2,2
466,grid_residential,4,2
467,grid_residential,1,2
468,grid_residential,4,2
469,grid_residential,2,2
470,grid_residential,2,2
471,grid_residential,4,2
472,grid_residential,4,2
473,grid_residential,2,2
474,grid_residential,4,2
475,grid_residential,4,2
476,grid_residential,4,2
477,grid_residential,2,2
478,grid_residential,2,1
479,grid_residential,2,2
480,grid_residential,1,1
481,grid_residential,2,2
482,grid_residential,4,2
483,grid_residential,4,2
484,grid_residential,4,2
485,grid_residential,4,2
486,grid_residential,4,2
487,grid_residential,4,2
488,grid_residential,2,2
489,grid_residential,1,1
490,grid_residential,4,2
491,grid_residential,4,2
492,grid_residential,4,2
493,grid_residential,2,2
494,grid_residential,2,2
495,grid_residential,2,1
496,grid_residential,2,2
497,grid_residential,2,2
498,grid_residential,2,1
499,grid_residential,2,2
500,grid_residential,2,2
501,grid_residential,2,2
502,grid_residential,2,2
503,grid_residential,2,2
504,grid_residential,2,2
505,grid_residential,4,2
506,grid_residential,1,1
507,grid_residential,2,1
508,grid_residential,2,1
509,grid_residential,2,2
510,grid_residential,2,1
511,grid_residential,2,1
512,grid_residential,4,1
513,grid_residential,1,1
514,grid_residential,4,2
515,grid_residential,3,3
516,grid_residential,4,3
517,grid_residential,1,1
518,grid_residential,2,2
519,grid_residential,1,1
520,grid_residential,4,2
521,grid_residential,3,3
522,grid_residential,4,3
523,grid_residential,1,1
524,grid_residential,2,1
525,grid_residential,1,1
526,grid_residential,4,2
527,grid_residential,3,3
528,grid_residential,4,2
529,grid_residential,2,2
530,grid_residential,2,2
531,grid_residential,1,1
532,grid_residential,2,2
533,grid_residential,4,3
534,grid_residential,4,3
535,grid_residential,2,2
536,grid_residential,2,2
537,grid_residential,4,2
538,grid_residential,2,2
539,grid_residential,1,2
540,grid_residential,2,2
541,grid_residential,4,2
542,grid_residential,4,2
543,grid_residential,4,2
544,grid_residential,4,2
545,grid_residential,4,2
546,grid_residential,2,1
547,grid_residential,2,2
548,grid_residential,2,2
549,grid_residential,4,2
550,grid_residential,2,1
551,grid_residential,2,2
552,grid_residential,2,2
553,grid_residential,4,2
554,grid_residential,4,2
555,grid_residential,2,2
556,grid_residential,2,1
557,grid_residential,1,1
558,grid_residential,2,1
559,grid_residential,2,1
560,grid_residential,2,2
561,grid_residential,4,2
562,grid_residential,4,2
563,grid_residential,4,2
564,grid_residential,4,2
565,grid_residential,2,2
566,grid_residential,2,2
567,grid_residential,4,2
568,grid_residential,1,1
569,grid_residential,4,2
570,grid_residential,4,2
571,grid_residential,4,2
572,grid_residential,4,2
573,grid_residential,4,2
574,grid_residential,4,3
575,grid_residential,4,2
576,grid_residential,4,2
577,grid_residential,4,3
578,grid_residential,2,2
579,grid_residential,4,2
580,grid_residential,4,3
581,grid_residential,4,2
582,grid_residential,2,3
583,grid_residential,4,2
584,grid_residential,4,2
585,grid_residential,4,2
586,grid_residential,2,2
587,grid_residential,2,2
588,grid_residential,2,3
589,grid_residential,4,2
590,grid_residential,4,2
591,grid_residential,2,2
592,grid_residential,4,2
593,grid_residential,2,2
594,grid_residential,2,2
595,grid_residential,2,1
596,grid_residential,2,2
597,grid_residential,2,2
598,grid_residential,2,2
599,grid_residential,4,2
600,grid_residential,4,2
601,apartment_block,2,2
602,apartment_block,1,1
603,apartment_block,2,1
604,apartment_block,2,2
605,apartment_block,2,2
606,apartment_block,2,2
607,apartment_block,1,1
608,apartment_block,1,1
609,apartment_block,1,1
610,apartment_block,1,1
611,apartment_block,2,1
612,apartment_block,2,1
613,apartment_block,1,1
614,apartment_block,1,1
615,apartment_block,1,1
616,apartment_block,1,1
617,apartment_block,1,1
618,apartment_block,2,1
619,apartment_block,1,1
620,apartment_block,2,2
621,apartment_block,2,2
622,apartment_block,2,1
623,apartment_block,2,1
624,apartment_block,2,2
625,apartment_block,2,2
626,apartment_block,2,2
627,apartment_block,2,2
628,apartment_block,2,2
629,apartment_block,2,1
630,apartment_block,2,2
631,apartment_block,2,2
632,apartment_block,2,2
633,apartment_block,2,3
634,apartment_block,4,2
635,apartment_block,1,2
636,apartment_block,1,1
637,apartment_block,2,1
638,apartment_block,2,1
639,apartment_block,2,1
640,apartment_block,2,3
641,apartment_block,4,3
642,apartment_block,2,2
643,apartment_block,1,1
644,apartment_block,1,1
645,apartment_block,1,1
646,apartment_block,1,1
647,apartment_block,2,1
648,apartment_block,2,3
649,apartment_block,2,3
650,apartment_block,1,1
651,apartment_block,1,1
652,apartment_block,2,1
653,apartment_block,2,2
654,apartment_block,2,2
655,apartment_block,4,3
656,apartment_block,2,2
657,apartment_block,1,1
658,apartment_block,1,1
659,apartment_block,1,1
660,apartment_block,1,1
661,apartment_block,2,2
662,apartment_block,2,2
663,apartment_block,2,2
664,apartment_block,2,2
665,apartment_block,1,1
666,apartment_block,1,1
667,apartment_block,1,1
668,apartment_block,2,2
669,apartment_block,2,2
670,apartment_block,2,2
671,apartment_block,1,1
672,apartment_block,1,1
673,apartment_block,1,1
674,apartment_block,1,1
675,apartment_block,2,2
676,apartment_block,2,2
677,apartment_block,2,1
678,apartment_block,2,1
679,apartment_block,2,1
680,apartment_block,2,2
681,apartment_block,2,1
682,apartment_block,2,2
683,apartment_block,2,2
684,apartment_block,2,2
685,apartment_block,2,2
686,apartment_block,2,2
687,apartment_block,2,2
688,apartment_block,4,2
689,apartment_block,2,2
690,apartment_block,2,2
691,apartment_block,2,2
692,apartment_block,2,2
693,apartment_block,2,2
694,apartment_block,2,3
695,apartment_block,4,2
696,apartment_block,4,2
697,apartment_block,4,2
698,apartment_block,4,2
699,apartment_block,4,2
700,apartment_block,4,2
701,apartment_block,4,2
702,apartment_block,4,2
703,apartment_block,1,1
704,apartment_block,2,1
705,apartment_block,2,1
706,apartment_block,4,2
707,apartment_block,1,1
708,apartment_block,2,2
709,apartment_block,1,1
710,apartment_block,1,1
711,apartment_block,2,2
712,apartment_block,2,2
713,apartment_block,4,3
714,apartment_block,1,2
715,apartment_block,2,2
716,apartment_block,1,1
717,apartment_block,1,1
718,apartment_block,2,2
719,apartment_block,1,1
720,apartment_block,2,1
721,apartment_block,1,1
722,apartment_block,2,2
723,apartment_block,1,1
724,apartment_block,1,1
725,apartment_block,1,1
726,apartment_block,1,1
727,apartment_block,1,1
728,apartment_block,1,1
729,apartment_block,2,2
730,apartment_block,1,1
731,apartment_block,1,1
732,apartment_block,1,1
733,apartment_block,1,1
734,apartment_block,1,1
735,apartment_block,1,1
736,apartment_block,1,1
737,apartment_block,1,1
738,apartment_block,1,1
739,apartment_block,1,1
740,apartment_block,1,1
741,apartment_block,4,3
742,apartment_block,1,1
743,apartment_block,1,1
744,apartment_block,1,1
745,apartment_block,1,1
746,apartment_block,1,1
747,apartment_block,1,1
748,apartment_block,1,1
749,apartment_block,1,1
750,apartment_block,1,1
751,apartment_block,1,1
752,apartment_block,1,1
753,apartment_block,1,1
754,apartment_block,1,2
755,apartment_block,1,1
756,apartment_block,1,1
757,apartment_block,1,1
758,apartment_block,1,1
759,apartment_block,4,2
760,apartment_block,1,1
761,apartment_block,1,1
762,apartment_block,1,1
763,apartment_block,1,1
764,apartment_block,1,1
765,apartment_block,1,1
766,apartment_block,1,1
767,apartment_block,1,1
768,apartment_block,1,1
769,apartment_block,1,1
770,apartment_block,1,1
771,apartment_block,1,1
772,apartment_block,1,1
773,apartment_block,1,1
774,apartment_block,1,1
775,apartment_block,2,2
776,apartment_block,4,2
777,apartment_block,1,1
778,apartment_block,1,1
779,apartment_block,1,1
780,apartment_block,1,1
781,apartment_block,1,1
782,apartment_block,1,1
783,apartment_block,1,1
784,apartment_block,1,1
785,apartment_block,1,1
786,apartment_block,1,1
787,apartment_block,1,1
788,apartment_block,1,1
789,apartment_block,1,1
790,apartment_block,1,1
791,apartment_block,1,1
792,apartment_block,1,1
793,apartment_block,1,1
794,apartment_block,1,1
795,apartment_block,2,2
796,apartment_block,2,2
797,apartment_block,2,2
798,apartment_block,2,2
799,apartment_block,2,2
800,apartment_block,2,2
801,apartment_block,1,1
802,apartment_block,1,1
803,apartment_block,1,1
804,apartment_block,1,1
805,apartment_block,1,1
806,apartment_block,1,1
807,apartment_block,1,1
808,apartment_block,1,1
809,apartment_block,1,1
810,apartment_block,1,1
811,apartment_block,1,1
812,apartment_block,1,1
813,apartment_block,1,1
814,apartment_block,1,1
815,apartment_block,1,1
816,apartment_block,1,1
817,apartment_block,2,2
818,apartment_block,2,2
819,apartment_block,2,2
820,apartment_block,2,2
821,apartment_block,4,3
822,apartment_block,1,1
823,apartment_block,1,1
824,apartment_block,1,1
825,apartment_block,1,1
826,apartment_block,2,1
827,apartment_block,1,1
828,apartment_block,1,1
829,apartment_block,1,1
830,apartment_block,1,1
831,apartment_block,1,1
832,apartment_block,1,1
833,apartment_block,2,2
834,apartment_block,2,2
835,apartment_block,2,2
836,apartment_block,1,1
837,apartment_block,1,1
838,apartment_block,1,1
839,apartment_block,1,1
840,apartment_block,1,1
841,apartment_block,1,1
842,apartment_block,1,1
843,apartment_block,1,1
844,apartment_block,1,1
845,apartment_block,1,1
846,apartment_block,1,1
847,apartment_block,1,1
848,apartment_block,1,1
849,apartment_block,2,2
850,apartment_block,2,2
851,apartment_block,2,2
852,apartment_block,1,1
853,apartment_block,1,1
854,apartment_block,1,1
855,apartment_block,2,2
856,apartment_block,2,2
857,apartment_block,2,1
858,apartment_block,1,1
859,apartment_block,1,1
860,apartment_block,1,1
861,apartment_block,1,1
862,apartment_block,1,1
863,apartment_block,2,2
864,apartment_block,2,2
865,apartment_block,1,1
866,apartment_block,1,1
867,apartment_block,1,1
868,apartment_block,1,1
869,apartment_block,1,2
870,apartment_block,1,1
871,apartment_block,1,1
872,apartment_block,1,1
873,apartment_block,1,1
874,apartment_block,1,1
875,apartment_block,1,1
876,apartment_block,1,1
877,apartment_block,1,1
878,apartment_block,2,2
879,apartment_block,1,1
880,apartment_block,1,1
881,apartment_block,1,1
882,apartment_block,1,1
883,apartment_block,1,1
884,apartment_block,1,1
885,apartment_block,1,1
886,apartment_block,1,1
887,apartment_block,1,1
888,apartment_block,1,1
889,apartment_block,1,1
890,apartment_block,1,1
891,apartment_block,2,1
892,apartment_block,1,1
893,apartment_block,1,1
894,apartment_block,1,1
895,apartment_block,2,2
896,apartment_block,2,1
897,apartment_block,1,1
898,apartment_block,1,1
899,apartment_block,1,1
900,apartment_block,1,1
901,apartment_block,1,1
902,apartment_block,1,1
903,apartment_block,1,1
904,apartment_block,1,1
905,apartment_block,1,1
906,apartment_block,1,1
907,apartment_block,1,1
908,apartment_block,1,1
909,apartment_block,1,1
910,apartment_block,1,1
911,apartment_block,1,1
912,apartment_block,1,1
913,apartment_block,2,2
914,apartment_block,2,2
915,apartment_block,2,1
916,apartment_block,1,2
917,apartment_block,1,1
918,apartment_block,1,1
919,apartment_block,1,1
920,apartment_block,1,1
921,apartment_block,1,1
922,apartment_block,1,1
923,apartment_block,1,1
924,apartment_block,1,1
925,apartment_block,1,1
926,apartment_block,1,1
927,apartment_block,1,1
928,apartment_block,1,1
929,apartment_block,2,1
930,apartment_block,2,1
931,apartment_block,2,1
932,apartment_block,2,2
933,apartment_block,2,1
934,apartment_block,2,2
935,apartment_block,2,2
936,apartment_block,1,1
937,apartment_block,1,1
938,apartment_block,1,1
939,apartment_block,1,1
940,apartment_block,1,1
941,apartment_block,1,1
942,apartment_block,4,2
943,apartment_block,2,1
944,apartment_block,2,1
945,apartment_block,4,3
946,apartment_block,4,2
947,apartment_block,3,3
948,apartment_block,1,1
949,apartment_block,1,1
950,apartment_block,1,1
951,apartment_block,1,1
952,apartment_block,1,1
953,apartment_block,1,1
954,apartment_block,1,1
955,apartment_block,1,1
956,apartment_block,1,2
957,apartment_block,4,2
958,apartment_block,2,2
959,apartment_block,1,1
960,apartment_block,4,2
961,apartment_block,1,1
962,apartment_block,1,1
963,apartment_block,4,2
964,apartment_block,4,2
965,apartment_block,1,1
966,apartment_block,1,1
967,apartment_block,4,2
968,apartment_block,2,2
969,apartment_block,1,1
970,apartment_block,2,1
971,apartment_block,1,1
972,apartment_block,1,1
973,apartment_block,1,1
974,apartment_block,1,1
975,apartment_block,2,2
976,apartment_block,2,2
977,apartment_block,2,2
978,apartment_block,2,2
979,apartment_block,2,2
980,apartment_block,4,2
981,apartment_block,4,2
982,apartment_block,2,2
983,apartment_block,1,1
984,apartment_block,1,1
985,apartment_block,1,1
986,apartment_block,1,1
987,apartment_block,1,1
988,apartment_block,1,1
989,apartment_block,1,1
990,apartment_block,1,1
991,apartment_block,1,1
992,apartment_block,1,1
993,apartment_block,1,1
994,apartment_block,1,1
995,apartment_block,1,1
996,apartment_block,1,2
997,apartment_block,2,2
998,apartment_block,4,3
999,apartment_block,2,2
1000,apartment_block,2,2
1001,apartment_block,2,2
1002,apartment_block,4,2
1003,apartment_block,4,2
1004,apartment_block,2,2
1005,apartment_block,2,2
1006,apartment_block,2,1
1007,apartment_block,2,1
1008,apartment_block,2,1
1009,apartment_block,2,1
1010,apartment_block,2,2
1011,apartment_block,1,1
1012,apartment_block,1,1
1013,apartment_block,1,1
1014,apartment_block,1,1
1015,apartment_block,1,1
1016,apartment_block,1,1
1017,apartment_block,1,1
1018,apartment_block,1,1
1019,apartment_block,1,1
1020,apartment_block,1,1
1021,apartment_block,2,1
1022,apartment_block,4,2
1023,apartment_block,2,2
1024,apartment_block,2,2
1025,apartment_block,2,2
1026,apartment_block,2,2
1027,apartment_block,2,2
1028,apartment_block,2,2
1029,apartment_block,4,2
1030,apartment_block,4,2
1031,apartment_block,1,1
1032,apartment_block,1,1
1033,apartment_block,1,1
1034,apartment_block,4,2
1035,apartment_block,2,2
1036,apartment_block,1,1
1037,apartment_block,2,1
1038,apartment_block,1,1
1039,apartment_block,1,1
1040,apartment_block,1,1
1041,apartment_block,1,1
1042,apartment_block,1,1
1043,apartment_block,1,1
1044,apartment_block,1,1
1045,apartment_block,1,1
1046,apartment_block,1,1
1047,apartment_block,1,1
1048,apartment_block,2,2
1049,apartment_block,4,3
1050,apartment_block,2,2
1051,apartment_block,2,2
1052,apartment_block,2,2
1053,apartment_block,4,2
1054,apartment_block,4,3
1055,apartment_block,2,2
1056,apartment_block,2,2
1057,apartment_block,2,2
1058,apartment_block,1,1
1059,apartment_block,2,1
1060,apartment_block,2,1
1061,apartment_block,2,1
1062,apartment_block,2,2
1063,apartment_block,2,2
1064,apartment_block,2,1
1065,apartment_block,1,1
1066,apartment_block,1,1
1067,apartment_block,1,1
1068,apartment_block,1,1
1069,apartment_block,1,1
1070,apartment_block,1,1
1071,apartment_block,1,1
1072,apartment_block,1,1
1073,apartment_block,1,1
1074,apartment_block,1,1
1075,apartment_block,2,2
1076,apartment_block,2,2
1077,apartment_block,2,2
1078,apartment_block,4,2
1079,apartment_block,4,3
1080,apartment_block,4,2
1081,apartment_block,2,2
1082,apartment_block,2,2
1083,apartment_block,2,2
1084,apartment_block,2,2
1085,apartment_block,2,2
1086,apartment_block,4,3
1087,apartment_block,2,2
1088,apartment_block,1,1
1089,apartment_block,1,1
1090,apartment_block,1,1
1091,apartment_block,1,1
1092,apartment_block,1,1
1093,apartment_block,1,1
1094,apartment_block,1,1
1095,apartment_block,1,1
1096,apartment_block,1,1
1097,apartment_block,4,2
1098,apartment_block,4,2
1099,apartment_block,4,2
1100,apartment_block,4,2
1101,apartment_block,2,2
1102,apartment_block,2,2
1103,apartment_block,4,2
1104,apartment_block,2,2
1105,apartment_block,1,1
1106,apartment_block,1,1
1107,apartment_block,1,1
1108,apartment_block,1,1
1109,apartment_block,1,1
1110,apartment_block,1,1
1111,apartment_block,1,1
1112,apartment_block,1,1
1113,apartment_block,1,1
1114,apartment_block,1,1
1115,apartment_block,2,1
1116,apartment_block,2,2
1117,apartment_block,2,2
1118,apartment_block,2,2
1119,apartment_block,2,2
1120,apartment_block,2,2
1121,apartment_block,2,2
1122,apartment_block,2,2
1123,apartment_block,4,2
1124,apartment_block,2,2
1125,apartment_block,2,1
1126,apartment_block,1,1
1127,apartment_block,1,1
1128,apartment_block,1,1
1129,apartment_block,1,1
1130,apartment_block,1,1
1131,apartment_block,1,1
1132,apartment_block,1,1
1133,apartment_block,1,1
1134,apartment_block,1,1
1135,apartment_block,1,1
1136,apartment_block,2,2
1137,apartment_block,4,2
1138,apartment_block,2,3
1139,apartment_block,2,2
1140,apartment_block,4,2
1141,apartment_block,2,2
1142,apartment_block,2,2
1143,apartment_block,2,2
1144,apartment_block,4,2
1145,apartment_block,2,2
1146,apartment_block,2,2
1147,apartment_block,2,1
1148,apartment_block,1,1
1149,apartment_block,1,1
1150,apartment_block,1,1
1151,apartment_block,1,1
1152,apartment_block,1,1
1153,apartment_block,1,1
1154,apartment_block,1,1
1155,apartment_block,1,1
1156,apartment_block,1,1
1157,apartment_block,2,2
1158,apartment_block,2,2
1159,apartment_block,2,2
1160,apartment_block,2,2
1161,apartment_block,2,3
1162,apartment_block,2,2
1163,apartment_block,2,2
1164,apartment_block,1,1
1165,apartment_block,1,1
1166,apartment_block,1,1
1167,apartment_block,1,1
1168,apartment_block,1,1
1169,apartment_block,2,2
1170,apartment_block,2,2
1171,apartment_block,2,2
1172,apartment_block,4,2
1173,apartment_block,4,2
1174,apartment_block,1,1
1175,apartment_block,2,2
1176,apartment_block,2,2
1177,apartment_block,2,2
1178,apartment_block,1,1
1179,apartment_block,2,2
1180,apartment_block,1,1
1181,apartment_block,1,1
1182,apartment_block,1,1
1183,apartment_block,1,1
1184,apartment_block,4,2
1185,apartment_block,1,1
1186,apartment_block,1,1
1187,apartment_block,1,1
1188,apartment_block,2,1
1189,apartment_block,2,2
1190,apartment_block,2,2
1191,apartment_block,2,2
1192,apartment_block,1,2
1193,apartment_block,1,1
1194,apartment_block,2,1
1195,apartment_block,2,1
1196,apartment_block,4,2
1197,apartment_block,2,2
1198,apartment_block,2,2
1199,apartment_block,1,2
1200,apartment_block,1,1
1201,apartment_block,1,1
1202,apartment_block,1,1
1203,apartment_block,1,1
1204,apartment_block,4,2
1205,apartment_block,1,1
1206,apartment_block,1,1
1207,apartment_block,1,1
1208,apartment_block,2,1
1209,apartment_block,4,2
1210,apartment_block,2,2
1211,apartment_block,4,2
1212,apartment_block,1,1
1213,apartment_block,1,1
1214,apartment_block,1,1
1215,apartment_block,2,1
1216,apartment_block,2,2
1217,apartment_block,2,2
1218,apartment_block,2,2
1219,apartment_block,4,2
1220,apartment_block,2,2
1221,apartment_block,2,2
1222,apartment_block,1,2
1223,apartment_block,1,1
1224,apartment_block,1,1
1225,apartment_block,1,1
1226,apartment_block,1,1
1227,apartment_block,1,1
1228,apartment_block,1,1
1229,apartment_block,2,1
1230,apartment_block,3,3
1231,apartment_block,2,2
1232,apartment_block,1,1
1233,apartment_block,1,1
1234,apartment_block,2,2
1235,apartment_block,1,1
1236,apartment_block,2,1
1237,apartment_block,2,2
1238,apartment_block,2,2
1239,apartment_block,2,2
1240,apartment_block,2,2
1241,apartment_block,2,2
1242,apartment_block,2,2
1243,apartment_block,1,2
1244,apartment_block,2,2
1245,apartment_block,2,1
1246,apartment_block,2,2
1247,apartment_block,2,2
1248,apartment_block,2,2
1249,apartment_block,1,1
1250,apartment_block,1,1
1251,apartment_block,1,1
1252,apartment_block,2,1
1253,apartment_block,2,2
1254,apartment_block,2,2
1255,apartment_block,2,2
1256,apartment_block,2,2
1257,apartment_block,2,2
1258,apartment_block,2,2
1259,apartment_block,2,2
1260,apartment_block,2,2
1261,apartment_block,2,2
1262,apartment_block,2,2
1263,apartment_block,2,2
1264,apartment_block,2,2
1265,apartment_block,1,1
1266,apartment_block,1,1
1267,apartment_block,1,1
1268,apartment_block,1,1
1269,apartment_block,1,1
1270,apartment_block,1,1
1271,apartment_block,1,1
1272,apartment_block,1,1
1273,apartment_block,2,1
1274,apartment_block,1,1
1275,apartment_block,1,1
1276,apartment_block,4,3
1277,apartment_block,4,1
1278,apartment_block,2,2
1279,apartment_block,4,2
1280,apartment_block,2,2
1281,apartment_block,3,3
1282,apartment_block,2,2
1283,apartment_block,2,2
1284,apartment_block,2,2
1285,apartment_block,2,2
1286,apartment_block,1,1
1287,apartment_block,1,2
1288,apartment_block,1,1
1289,apartment_block,1,1
1290,apartment_block,1,1
1291,apartment_block,1,1
1292,apartment_block,1,1
1293,apartment_block,1,1
1294,apartment_block,1,1
1295,apartment_block,1,1
1296,apartment_block,1,2
1297,apartment_block,1,2
1298,apartment_block,1,2
1299,apartment_block,1,1
1300,apartment_block,1,1
1301,apartment_block,1,1
1302,apartment_block,1,1
1303,apartment_block,4,2
1304,apartment_block,2,2
1305,apartment_block,2,2
1306,apartment_block,2,2
1307,apartment_block,2,2
1308,apartment_block,4,2
1309,apartment_block,1,1
1310,apartment_block,1,1
1311,apartment_block,1,1
1312,apartment_block,1,1
1313,apartment_block,1,1
1314,apartment_block,1,1
1315,apartment_block,1,1
1316,apartment_block,1,1
1317,apartment_block,2,2
1318,apartment_block,1,1
1319,apartment_block,1,1
1320,apartment_block,1,1
1321,apartment_block,2,2
1322,apartment_block,1,2
1323,apartment_block,1,2
1324,apartment_block,1,1
1325,apartment_block,1,1
1326,apartment_block,1,1
1327,apartment_block,2,1
1328,apartment_block,2,2
1329,apartment_block,1,1
1330,apartment_block,1,1
1331,apartment_block,1,1
1332,apartment_block,1,1
1333,apartment_block,1,1
1334,apartment_block,1,1
1335,apartment_block,1,1
1336,apartment_block,1,1
1337,apartment_block,1,1
1338,apartment_block,1,1
1339,apartment_block,1,1
1340,apartment_block,1,2
1341,apartment_block,1,1
1342,apartment_block,1,1
1343,apartment_block,1,1
1344,apartment_block,2,2
1345,apartment_block,1,1
1346,apartment_block,1,1
1347,apartment_block,1,1
1348,apartment_block,1,1
1349,apartment_block,1,1
1350,apartment_block,1,1
1351,apartment_block,1,1
1352,apartment_block,1,1
1353,apartment_block,1,1
1354,apartment_block,2,1
1355,apartment_block,1,1
1356,apartment_block,1,1
1357,apartment_block,1,1
1358,apartment_block,1,1
1359,apartment_block,1,1
1360,apartment_block,1,1
1361,apartment_block,2,1
1362,apartment_block,1,1
1363,apartment_block,1,1
1364,apartment_block,1,1
1365,apartment_block,1,1
1366,apartment_block,1,1
1367,apartment_block,1,1
1368,apartment_block,1,1
1369,apartment_block,1,1
1370,apartment_block,1,1
1371,apartment_block,1,1
1372,apartment_block,1,1
1373,apartment_block,1,1
1374,apartment_block,1,1
1375,apartment_block,1,1
1376,apartment_block,1,1
1377,apartment_block,1,1
1378,apartment_block,1,1
1379,apartment_block,1,1
1380,apartment_block,1,1
1381,apartment_block,1,1
1382,apartment_block,1,1
1383,apartment_block,1,1
1384,apartment_block,1,1
1385,apartment_block,1,1
1386,apartment_block,2,1
1387,apartment_block,2,1
1388,apartment_block,2,1
1389,apartment_block,1,1
1390,apartment_block,1,1
1391,apartment_block,1,1
1392,apartment_block,1,1
1393,apartment_block,1,1
1394,apartment_block,1,1
1395,apartment_block,1,1
1396,apartment_block,1,1
1397,apartment_block,1,1
1398,apartment_block,1,1
1399,apartment_block,1,1
1400,apartment_block,1,1
1401,apartment_block,1,1
1402,apartment_block,1,1
1403,apartment_block,1,1
1404,apartment_block,1,1
1405,apartment_block,1,1
1406,apartment_block,1,1
1407,apartment_block,1,1
1408,apartment_block,1,1
1409,apartment_block,1,1
1410,apartment_block,2,2
1411,apartment_block,2,2
1412,apartment_block,2,2
1413,apartment_block,2,2
1414,apartment_block,2,1
1415,apartment_block,1,1
1416,apartment_block,1,1
1417,apartment_block,1,1
1418,apartment_block,1,1
1419,apartment_block,1,1
1420,apartment_block,1,1
1421,apartment_block,1,1
1422,apartment_block,1,1
1423,apartment_block,1,1
1424,apartment_block,1,1
1425,apartment_block,1,1
1426,apartment_block,1,1
1427,apartment_block,3,3
1428,apartment_block,2,2
1429,apartment_block,2,2
1430,apartment_block,2,2
1431,apartment_block,2,2
1432,apartment_block,2,2
1433,apartment_block,2,1
1434,apartment_block,2,2
1435,apartment_block,1,1
1436,apartment_block,1,1
1437,apartment_block,1,1
1438,apartment_block,1,1
1439,apartment_block,1,1
1440,apartment_block,2,2
1441,apartment_block,1,1
1442,apartment_block,2,3
1443,apartment_block,2,2
1444,apartment_block,2,2
1445,apartment_block,2,2
1446,apartment_block,1,2
1447,apartment_block,1,1
1448,apartment_block,1,2
1449,apartment_block,1,1
1450,apartment_block,1,1
1451,apartment_block,1,1
1452,apartment_block,1,1
1453,apartment_block,1,1
1454,apartment_block,1,1
1455,apartment_block,1,1
1456,apartment_block,1,1
1457,apartment_block,1,1
1458,apartment_block,2,2
1459,apartment_block,2,2
1460,apartment_block,2,2
1461,apartment_block,2,1
1462,apartment_block,1,1
1463,apartment_block,1,2
1464,apartment_block,1,1
1465,apartment_block,1,1
1466,apartment_block,1,2
1467,apartment_block,1,1
1468,apartment_block,1,1
1469,apartment_block,1,1
1470,apartment_block,1,1
1471,apartment_block,1,1
1472,apartment_block,1,1
1473,apartment_block,1,1
1474,apartment_block,2,1
1475,apartment_block,2,1
1476,apartment_block,2,2
1477,apartment_block,2,2
1478,apartment_block,2,2
1479,apartment_block,2,2
1480,apartment_block,2,1
1481,apartment_block,2,1
1482,apartment_block,1,1
1483,apartment_block,1,1
1484,apartment_block,2,2
1485,apartment_block,2,2
1486,apartment_block,2,2
1487,apartment_block,2,2
1488,apartment_block,2,2
1489,apartment_block,1,1
1490,apartment_block,2,1
1491,apartment_block,2,1
1492,apartment_block,1,1
1493,apartment_block,1,2
1494,apartment_block,2,2
1495,apartment_block,2,1
1496,apartment_block,1,2
1497,apartment_block,4,2
1498,apartment_block,2,2
1499,apartment_block,2,2
1500,apartment_block,2,2
1501,apartment_block,2,2
1502,apartment_block,1,1
1503,apartment_block,1,1
1504,apartment_block,1,1
1505,apartment_block,1,1
1506,apartment_block,1,1
1507,apartment_block,2,2
1508,apartment_block,2,2
1509,apartment_block,2,2
1510,apartment_block,2,2
1511,apartment_block,1,1
1512,apartment_block,1,1
1513,apartment_block,1,1
1514,apartment_block,1,1
1515,apartment_block,2,2
1516,apartment_block,1,1
1517,apartment_block,2,2
1518,apartment_block,1,1
1519,apartment_block,1,1
1520,apartment_block,1,1
1521,apartment_block,1,1
1522,apartment_block,1,1
1523,apartment_block,1,1
1524,apartment_block,1,1
1525,apartment_block,1,1
1526,apartment_block,1,1
1527,apartment_block,1,1
1528,apartment_block,4,3
1529,apartment_block,2,2
1530,apartment_block,2,1
1531,apartment_block,4,3
1532,apartment_block,4,3
1533,apartment_block,2,1
1534,apartment_block,2,2
1535,apartment_block,2,1
1536,apartment_block,4,2
1537,apartment_block,4,3
1538,apartment_block,2,2
1539,apartment_block,1,1
1540,apartment_block,1,1
1541,apartment_block,2,2
1542,apartment_block,2,2
1543,apartment_block,1,1
1544,apartment_block,2,2
1545,apartment_block,2,3
1546,apartment_block,2,3
1547,apartment_block,2,2
1548,apartment_block,2,2
1549,apartment_block,2,2
1550,apartment_block,2,3
1551,apartment_block,2,2
1552,apartment_block,2,2
1553,apartment_block,4,2
1554,apartment_block,2,2
1555,apartment_block,2,2
1556,apartment_block,2,2
1557,apartment_block,2,2
1558,apartment_block,2,2
1559,apartment_block,2,2
1560,apartment_block,2,2
1561,apartment_block,2,2
1562,apartment_block,1,1
1563,apartment_block,2,2
1564,apartment_block,2,2
1565,apartment_block,2,2
1566,waterfront_transformation,3,3
1567,waterfront_transformation,4,3
1568,waterfront_transformation,4,3
1569,waterfront_transformation,2,2
1570,waterfront_transformation,1,1
1571,waterfront_transformation,3,3
1572,waterfront_transformation,4,3
1573,waterfront_transformation,4,3
1574,waterfront_transformation,4,3
1575,waterfront_transformation,2,2
1576,waterfront_transformation,2,2
1577,waterfront_transformation,1,1
1578,waterfront_transformation,1,1
1579,waterfront_transformation,1,1
1580,waterfront_transformation,1,1
1581,waterfront_transformation,1,1
1582,waterfront_transformation,1,1
1583,waterfront_transformation,1,1
1584,waterfront_transformation,4,2
1585,waterfront_transformation,4,2
1586,waterfront_transformation,4,2
1587,waterfront_transformation,4,2
1588,waterfront_transformation,1,1
1589,waterfront_transformation,1,1
1590,waterfront_transformation,1,1
1591,waterfront_transformation,1,1
1592,waterfront_transformation,1,1
1593,waterfront_transformation,1,1
1594,waterfront_transformation,1,1
1595,waterfront_transformation,1,1
1596,waterfront_transformation,1,1
1597,waterfront_transformation,2,2
1598,waterfront_transformation,4,2
1599,waterfront_transformation,2,2
1600,waterfront_transformation,2,2
1601,waterfront_transformation,1,1
1602,waterfront_transformation,4,2
1603,waterfront_transformation,2,1
1604,waterfront_transformation,2,1
1605,waterfront_transformation,1,1
1606,waterfront_transformation,2,1
1607,waterfront_transformation,2,2
1608,waterfront_transformation,4,2
1609,waterfront_transformation,4,2
1610,waterfront_transformation,4,2
1611,waterfront_transformation,4,2
1612,waterfront_transformation,4,2
1613,waterfront_transformation,2,3
1614,waterfront_transformation,2,2
1615,waterfront_transformation,4,2
1616,waterfront_transformation,2,1
1617,waterfront_transformation,4,2
1618,waterfront_transformation,4,2
1619,waterfront_transformation,4,2
1620,waterfront_transformation,4,2
1621,waterfront_transformation,4,2
1622,waterfront_transformation,4,2
1623,waterfront_transformation,4,2
1624,waterfront_transformation,4,2
1625,waterfront_transformation,1,1
1626,waterfront_transformation,1,1
1627,waterfront_transformation,1,1
1628,waterfront_transformation,1,1
1629,waterfront_transformation,2,2
1630,waterfront_transformation,2,2
1631,waterfront_transformation,4,2
1632,waterfront_transformation,4,2
1633,waterfront_transformation,4,2
1634,waterfront_transformation,4,3
1635,waterfront_transformation,4,2
1636,waterfront_transformation,4,2
1637,waterfront_transformation,1,1
1638,waterfront_transformation,1,1
1639,waterfront_transformation,4,2
1640,waterfront_transformation,2,2
1641,waterfront_transformation,4,2
1642,waterfront_transformation,4,2
1643,waterfront_transformation,4,2
1644,waterfront_transformation,2,2
1645,waterfront_transformation,4,2
1646,waterfront_transformation,2,2
1647,waterfront_transformation,2,2
1648,waterfront_transformation,4,2
1649,waterfront_transformation,4,2
1650,waterfront_transformation,2,2
1651,waterfront_transformation,4,2
1652,waterfront_transformation,4,2
1653,waterfront_transformation,4,2
1654,waterfront_transformation,2,2
1655,waterfront_transformation,4,2
1656,waterfront_transformation,2,2
1657,waterfront_transformation,2,1
1658,waterfront_transformation,2,1
1659,waterfront_transformation,2,1
1660,waterfront_transformation,4,2
1661,waterfront_transformation,1,1
1662,waterfront_transformation,2,2
1663,waterfront_transformation,2,2
1664,waterfront_transformation,4,2
1665,waterfront_transformation,2,2
1666,waterfront_transformation,2,2
1667,waterfront_transformation,4,2
1668,waterfront_transformation,2,1
1669,waterfront_transformation,2,2
1670,waterfront_transformation,2,2
1671,waterfront_transformation,2,1
1672,waterfront_transformation,1,1
1673,waterfront_transformation,2,1
1674,waterfront_transformation,2,2
1675,waterfront_transformation,4,2
1676,waterfront_transformation,2,2
1677,waterfront_transformation,2,2
1678,waterfront_transformation,4,2
1679,waterfront_transformation,4,2
1680,waterfront_transformation,4,2
1681,waterfront_transformation,2,2
1682,waterfront_transformation,2,2
1683,waterfront_transformation,1,1
1684,waterfront_transformation,4,1
1685,waterfront_transformation,2,3
1686,waterfront_transformation,4,3
1687,waterfront_transformation,2,3
1688,waterfront_transformation,2,1
1689,waterfront_transformation,1,1
1690,waterfront_transformation,2,2
1691,waterfront_transformation,2,2
1692,waterfront_transformation,2,2
1693,waterfront_transformation,2,2
1694,waterfront_transformation,1,2
1695,waterfront_transformation,2,2
1696,waterfront_transformation,2,2
1697,waterfront_transformation,2,2
1698,waterfront_transformation,2,1
1699,waterfront_transformation,1,1
1700,waterfront_transformation,2,1
1701,waterfront_transformation,1,1
1702,waterfront_transformation,2,3
1703,waterfront_transformation,2,2
1704,waterfront_transformation,2,1
1705,waterfront_transformation,2,2
1706,waterfront_transformation,1,1
1707,waterfront_transformation,1,1
1708,waterfront_transformation,1,1
1709,waterfront_transformation,2,1
1710,waterfront_transformation,1,1
1711,waterfront_transformation,1,1
1712,waterfront_transformation,2,3
1713,waterfront_transformation,2,2
1714,waterfront_transformation,1,1
1715,waterfront_transformation,2,2
1716,waterfront_transformation,2,1
1717,waterfront_transformation,2,1
1718,waterfront_transformation,1,1
1719,waterfront_transformation,1,1
1720,waterfront_transformation,1,1
1721,waterfront_transformation,1,1
1722,waterfront_transformation,1,1
1723,waterfront_transformation,1,1
1724,waterfront_transformation,1,1
1725,waterfront_transformation,2,1
1726,waterfront_transformation,2,2
1727,waterfront_transformation,2,2
1728,waterfront_transformation,2,2
1729,waterfront_transformation,2,2
1730,waterfront_transformation,2,1
1731,waterfront_transformation,1,1
1732,waterfront_transformation,1,1
1733,waterfront_transformation,1,1
1734,waterfront_transformation,1,1
1735,waterfront_transformation,1,1
1736,waterfront_transformation,1,1
1737,waterfront_transformation,1,1
1738,waterfront_transformation,1,1
1739,waterfront_transformation,1,1
1740,waterfront_transformation,2,2
1741,waterfront_transformation,2,2
1742,waterfront_transformation,2,2
1743,waterfront_transformation,4,2
1744,waterfront_transformation,1,1
1745,waterfront_transformation,1,1
1746,waterfront_transformation,1,1
1747,waterfront_transformation,1,1
1748,waterfront_transformation,1,1
1749,waterfront_transformation,1,1
1750,waterfront_transformation,1,1
1751,waterfront_transformation,1,1
1752,waterfront_transformation,2,1
1753,waterfront_transformation,2,2
1754,waterfront_transformation,2,2
1755,waterfront_transformation,2,2
1756,waterfront_transformation,4,2
1757,waterfront_transformation,2,2
1758,waterfront_transformation,2,1
1759,waterfront_transformation,1,1
1760,waterfront_transformation,1,1
1761,waterfront_transformation,1,1
1762,waterfront_transformation,1,1
1763,waterfront_transformation,2,2
1764,waterfront_transformation,2,2
1765,waterfront_transformation,1,1
1766,waterfront_transformation,1,1
1767,waterfront_transformation,2,2
1768,waterfront_transformation,2,1
1769,waterfront_transformation,1,1
1770,waterfront_transformation,1,1
1771,waterfront_transformation,1,1
1772,waterfront_transformation,2,2
1773,waterfront_transformation,4,2
1774,waterfront_transformation,2,2
1775,waterfront_transformation,1,1
1776,waterfront_transformation,4,2
1777,waterfront_transformation,4,2
1778,waterfront_transformation,4,2
1779,waterfront_transformation,2,1
1780,waterfront_transformation,2,2
1781,waterfront_transformation,4,3
1782,waterfront_transformation,2,2
1783,waterfront_transformation,2,2
1784,waterfront_transformation,2,2
1785,waterfront_transformation,1,1
1786,waterfront_transformation,1,1
1787,waterfront_transformation,2,2
1788,waterfront_transformation,2,2
1789,waterfront_transformation,2,2
1790,waterfront_transformation,2,2
1791,waterfront_transformation,2,2
1792,waterfront_transformation,2,1
1793,waterfront_transformation,2,1
1794,waterfront_transformation,1,1
1795,waterfront_transformation,1,1
1796,waterfront_transformation,1,1
1797,waterfront_transformation,1,1
1798,waterfront_transformation,1,1
1799,waterfront_transformation,4,2
1800,waterfront_transformation,4,2
1801,waterfront_transformation,2,2
1802,waterfront_transformation,2,2
1803,waterfront_transformation,1,1
1804,waterfront_transformation,2,1
1805,waterfront_transformation,2,1
1806,waterfront_transformation,1,1
1807,waterfront_transformation,2,2
1808,waterfront_transformation,2,2
1809,waterfront_transformation,2,2
1810,waterfront_transformation,2,1
1811,waterfront_transformation,1,2
1812,waterfront_transformation,2,2
1813,waterfront_transformation,2,2
1814,waterfront_transformation,2,2
1815,hillside_incremental,4,2
1816,hillside_incremental,4,2
1817,hillside_incremental,1,2
1818,hillside_incremental,4,2
1819,hillside_incremental,4,2
1820,hillside_incremental,1,2
1821,hillside_incremental,4,2
1822,hillside_incremental,4,2
1823,hillside_incremental,4,2
1824,hillside_incremental,4,2
1825,hillside_incremental,4,2
1826,hillside_incremental,4,3
1827,hillside_incremental,4,2
1828,hillside_incremental,4,3
1829,hillside_incremental,4,2
1830,hillside_incremental,4,2
1831,hillside_incremental,3,3
1832,hillside_incremental,4,3
1833,hillside_incremental,4,2
1834,hillside_incremental,4,1
1835,hillside_incremental,4,2
1836,hillside_incremental,4,2
1837,hillside_incremental,4,2
1838,hillside_incremental,2,2
1839,hillside_incremental,3,3
1840,hillside_incremental,4,2
1841,hillside_incremental,4,2
1842,hillside_incremental,4,2
1843,hillside_incremental,1,2
1844,hillside_incremental,4,2
1845,hillside_incremental,4,2
1846,hillside_incremental,4,2
1847,hillside_incremental,4,2
1848,hillside_incremental,4,2
1849,hillside_incremental,4,2
1850,hillside_incremental,1,1
1851,hillside_incremental,1,1
1852,hillside_incremental,1,1
1853,hillside_incremental,4,3
1854,hillside_incremental,4,2
1855,hillside_incremental,3,3
1856,hillside_incremental,1,2
1857,hillside_incremental,4,2
1858,hillside_incremental,3,3
1859,hillside_incremental,4,2
1860,hillside_incremental,4,2
1861,hillside_incremental,4,2
1862,hillside_incremental,4,2
1863,hillside_incremental,4,3
1864,hillside_incremental,4,2
1865,hillside_incremental,2,2
1866,hillside_incremental,4,2
1867,hillside_incremental,4,2
1868,hillside_incremental,4,3
1869,hillside_incremental,4,2
1870,hillside_incremental,4,2
1871,hillside_incremental,4,2
1872,hillside_incremental,3,3
1873,hillside_incremental,4,2
1874,hillside_incremental,4,2
1875,hillside_incremental,4,2
1876,hillside_incremental,4,2
1877,hillside_incremental,2,2
1878,hillside_incremental,4,2
1879,hillside_incremental,4,2
1880,hillside_incremental,4,2
1881,hillside_incremental,2,2
1882,hillside_incremental,4,2
1883,hillside_incremental,4,2
1884,hillside_incremental,4,2
1885,hillside_incremental,4,2
1886,hillside_incremental,4,2
1887,hillside_incremental,4,2
1888,hillside_incremental,3,3
1889,hillside_incremental,4,2
1890,hillside_incremental,4,2
1891,hillside_incremental,4,2
1892,hillside_incremental,4,3
1893,hillside_incremental,4,2
1894,hillside_incremental,4,2
1895,hillside_incremental,4,2
1896,hillside_incremental,4,2
1897,hillside_incremental,4,3
1898,hillside_incremental,3,3
1899,hillside_incremental,4,2
1900,hillside_incremental,4,2
1901,hillside_incremental,4,2
1902,hillside_incremental,4,2
1903,hillside_incremental,4,2
1904,hillside_incremental,4,2
1905,hillside_incremental,4,2
1906,hillside_incremental,4,2
1907,hillside_incremental,4,2
1908,hillside_incremental,4,2
1909,hillside_incremental,4,2
1910,hillside_incremental,4,2
1911,hillside_incremental,3,3
1912,hillside_incremental,4,2
1913,hillside_incremental,4,2
1914,hillside_incremental,4,2
1915,hillside_incremental,2,2
1916,hillside_incremental,2,2
1917,hillside_incremental,4,2
1918,hillside_incremental,4,3
1919,hillside_incremental,4,2
1920,hillside_incremental,4,2
1921,hillside_incremental,1,1
1922,hillside_incremental,2,2
1923,hillside_incremental,1,2
1924,hillside_incremental,1,1
1925,hillside_incremental,2,2
1926,hillside_incremental,4,2
1927,hillside_incremental,4,2
1928,hillside_incremental,4,2
1929,hillside_incremental,4,2
1930,hillside_incremental,2,2
1931,hillside_incremental,4,3
1932,hillside_incremental,4,2
1933,hillside_incremental,4,2
1934,hillside_incremental,1,1
1935,hillside_incremental,1,1
1936,hillside_incremental,1,2
1937,hillside_incremental,1,1
1938,hillside_incremental,1,2
1939,hillside_incremental,4,2
1940,hillside_incremental,4,2
1941,hillside_incremental,1,2
1942,hillside_incremental,2,2
1943,hillside_incremental,2,2
1944,hillside_incremental,4,2
1945,hillside_incremental,1,1
1946,hillside_incremental,1,1
1947,hillside_incremental,1,1
1948,hillside_incremental,1,2
1949,hillside_incremental,1,1
1950,hillside_incremental,1,1
1951,hillside_incremental,1,2
1952,hillside_incremental,4,2
1953,hillside_incremental,4,2
1954,hillside_incremental,4,2
1955,hillside_incremental,1,2
1956,hillside_incremental,1,1
1957,hillside_incremental,1,2
1958,hillside_incremental,2,2
1959,hillside_incremental,1,1
1960,hillside_incremental,1,1
1961,hillside_incremental,1,1
1962,hillside_incremental,1,1
1963,hillside_incremental,1,1
1964,hillside_incremental,1,1
1965,hillside_incremental,1,1
1966,hillside_incremental,4,3
1967,hillside_incremental,4,2
1968,hillside_incremental,4,2
1969,hillside_incremental,1,2
1970,hillside_incremental,1,1
1971,hillside_incremental,2,2
1972,hillside_incremental,1,1
1973,hillside_incremental,1,1
1974,hillside_incremental,4,2
1975,hillside_incremental,1,2
1976,hillside_incremental,4,2
1977,hillside_incremental,4,2
1978,hillside_incremental,1,1
1979,hillside_incremental,1,1
1980,hillside_incremental,2,2
1981,hillside_incremental,4,2
1982,hillside_incremental,4,2
1983,hillside_incremental,1,2
1984,hillside_incremental,1,1
1985,hillside_incremental,1,2
1986,hillside_incremental,1,1
1987,hillside_incremental,1,1
1988,hillside_incremental,1,1
1989,hillside_incremental,1,2
1990,hillside_incremental,2,2
1991,hillside_incremental,1,2
1992,hillside_incremental,4,2
1993,hillside_incremental,4,3
1994,hillside_incremental,4,3
1995,hillside_incremental,3,3
1996,hillside_incremental,4,2
1997,hillside_incremental,4,2
1998,hillside_incremental,4,2
1999,hillside_incremental,4,2
2000,hillside_incremental,4,2
2001,hillside_incremental,4,2
2002,hillside_incremental,1,2
2003,hillside_incremental,1,2
2004,hillside_incremental,4,2
2005,hillside_incremental,4,2
2006,hillside_incremental,1,1
2007,hillside_incremental,1,1
2008,hillside_incremental,4,2
2009,hillside_incremental,1,1
2010,hillside_incremental,1,1
2011,hillside_incremental,1,2
2012,hillside_incremental,1,2
2013,hillside_incremental,4,3
2014,hillside_incremental,4,2
2015,hillside_incremental,1,2
2016,hillside_incremental,4,2
2017,hillside_incremental,2,2
2018,hillside_incremental,4,2
2019,hillside_incremental,4,3
2020,hillside_incremental,1,2
2021,hillside_incremental,4,2
2022,hillside_incremental,4,2
2023,hillside_incremental,4,2
2024,hillside_incremental,4,2
2025,hillside_incremental,4,2
2026,hillside_incremental,1,1
2027,hillside_incremental,1,2
2028,hillside_incremental,1,1
2029,hillside_incremental,1,2
2030,hillside_incremental,1,2
2031,hillside_incremental,1,2
2032,hillside_incremental,1,1
2033,hillside_incremental,4,2
2034,hillside_incremental,2,2
2035,hillside_incremental,2,2
2036,hillside_incremental,2,2
2037,hillside_incremental,4,2
2038,hillside_incremental,4,3
2039,hillside_incremental,4,2
2040,hillside_incremental,4,2
2041,hillside_incremental,4,2
2042,hillside_incremental,4,2
2043,hillside_incremental,2,2
2044,hillside_incremental,2,2
2045,hillside_incremental,1,1
2046,hillside_incremental,1,1
2047,hillside_incremental,1,1
2048,hillside_incremental,1,1
2049,hillside_incremental,1,1
2050,hillside_incremental,1,1
2051,hillside_incremental,1,1
2052,hillside_incremental,1,1
2053,hillside_incremental,1,1
2054,hillside_incremental,4,2
2055,hillside_incremental,4,2
2056,hillside_incremental,2,2
2057,hillside_incremental,2,2
2058,hillside_incremental,4,2
2059,hillside_incremental,4,2
2060,hillside_incremental,4,3
2061,hillside_incremental,1,1
2062,hillside_incremental,1,1
2063,hillside_incremental,1,1
2064,hillside_incremental,1,1
2065,hillside_incremental,1,1
2066,hillside_incremental,1,1
2067,hillside_incremental,1,1
2068,hillside_incremental,1,1
2069,hillside_incremental,4,2
2070,hillside_incremental,2,2
2071,hillside_incremental,1,1
2072,hillside_incremental,1,1
2073,hillside_incremental,1,1
2074,hillside_incremental,1,1
2075,hillside_incremental,1,1
2076,hillside_incremental,1,1
2077,hillside_incremental,1,1
2078,hillside_incremental,1,1
2079,hillside_incremental,4,2
2080,hillside_incremental,4,2
2081,hillside_incremental,4,2
2082,hillside_incremental,2,2
2083,hillside_incremental,1,1
2084,hillside_incremental,1,1
2085,hillside_incremental,1,1
2086,hillside_incremental,1,1
2087,hillside_incremental,1,1
2088,hillside_incremental,1,1
2089,hillside_incremental,1,1
2090,hillside_incremental,1,1
2091,hillside_incremental,1,1
2092,hillside_incremental,1,1
2093,hillside_incremental,1,1
2094,hillside_incremental,1,1
2095,hillside_incremental,2,2
2096,hillside_incremental,4,2
2097,hillside_incremental,4,2
2098,hillside_incremental,4,2
2099,hillside_incremental,1,1
2100,hillside_incremental,1,1
2101,hillside_incremental,1,1
2102,hillside_incremental,1,1
2103,hillside_incremental,1,1
2104,hillside_incremental,1,1
2105,hillside_incremental,1,1
2106,hillside_incremental,1,1
2107,hillside_incremental,1,1
2108,hillside_incremental,1,1
2109,hillside_incremental,1,2
2110,hillside_incremental,4,2
2111,hillside_incremental,4,2
2112,hillside_incremental,4,2
2113,hillside_incremental,1,2
2114,hillside_incremental,1,1
2115,hillside_incremental,1,1
2116,hillside_incremental,1,1
2117,hillside_incremental,1,1
2118,hillside_incremental,1,1
2119,hillside_incremental,1,1
2120,hillside_incremental,1,1
2121,hillside_incremental,1,1
2122,hillside_incremental,2,2
2123,hillside_incremental,4,2
2124,hillside_incremental,4,2
2125,hillside_incremental,2,2
2126,hillside_incremental,1,1
2127,hillside_incremental,1,1
2128,hillside_incremental,1,1
2129,hillside_incremental,1,1
2130,hillside_incremental,1,1
2131,hillside_incremental,1,1
2132,hillside_incremental,1,1
2133,hillside_incremental,1,1
2134,hillside_incremental,4,2
2135,hillside_incremental,1,1
2136,hillside_incremental,1,1
2137,hillside_incremental,1,2
2138,hillside_incremental,3,3
2139,hillside_incremental,4,2
2140,hillside_incremental,4,2
2141,hillside_incremental,4,3
2142,hillside_incremental,4,2
2143,hillside_incremental,2,2
2144,hillside_incremental,1,1
2145,hillside_incremental,1,1
2146,hillside_incremental,1,1
2147,hillside_incremental,1,1
2148,hillside_incremental,1,1
2149,hillside_incremental,1,1
2150,hillside_incremental,1,1
2151,hillside_incremental,1,1
2152,hillside_incremental,1,1
2153,hillside_incremental,1,1
2154,hillside_incremental,1,1
2155,hillside_incremental,1,1
2156,hillside_incremental,4,1
2157,hillside_incremental,2,2
2158,hillside_incremental,4,2
2159,hillside_incremental,1,1
2160,hillside_incremental,1,1
2161,hillside_incremental,1,1
2162,hillside_incremental,3,3
2163,hillside_incremental,4,2
2164,hillside_incremental,4,3
2165,hillside_incremental,2,2
2166,hillside_incremental,4,2
2167,hillside_incremental,2,2
2168,hillside_incremental,2,2
2169,hillside_incremental,1,2
2170,hillside_incremental,1,1
2171,hillside_incremental,4,2
2172,hillside_incremental,1,1
2173,hillside_incremental,1,1
2174,hillside_incremental,2,2
2175,hillside_incremental,1,1
2176,hillside_incremental,1,1
2177,hillside_incremental,1,1
2178,hillside_incremental,1,1
2179,hillside_incremental,1,1
2180,hillside_incremental,1,1
2181,hillside_incremental,1,1
2182,hillside_incremental,1,1
2183,hillside_incremental,1,1
2184,hillside_incremental,1,1
2185,hillside_incremental,2,2
2186,hillside_incremental,2,2
2187,hillside_incremental,2,2
2188,hillside_incremental,1,2
2189,hillside_incremental,1,2
2190,hillside_incremental,1,2
2191,hillside_incremental,1,1
2192,hillside_incremental,1,2
2193,hillside_incremental,1,1
2194,hillside_incremental,1,1
2195,hillside_incremental,1,1
2196,hillside_incremental,1,1
2197,hillside_incremental,1,1
2198,hillside_incremental,1,1
2199,hillside_incremental,1,1
2200,hillside_incremental,1,1
2201,hillside_incremental,1,1
2202,hillside_incremental,4,2
2203,hillside_incremental,1,1
2204,hillside_incremental,1,1
2205,hillside_incremental,1,1
2206,hillside_incremental,1,1
2207,hillside_incremental,1,1
2208,hillside_incremental,4,3
2209,hillside_incremental,4,2
2210,hillside_incremental,1,2
2211,hillside_incremental,1,2
2212,hillside_incremental,1,2
2213,hillside_incremental,1,2
2214,hillside_incremental,1,2
2215,hillside_incremental,1,1
2216,hillside_incremental,1,2
2217,hillside_incremental,1,1
2218,hillside_incremental,1,1
2219,hillside_incremental,1,1
2220,hillside_incremental,1,1
2221,hillside_incremental,1,1
2222,hillside_incremental,1,1
2223,hillside_incremental,1,1
2224,hillside_incremental,1,1
2225,hillside_incremental,1,1
2226,hillside_incremental,1,1
2227,hillside_incremental,1,1
2228,hillside_incremental,1,1
2229,hillside_incremental,1,1
2230,hillside_incremental,4,2
2231,hillside_incremental,1,1
2232,hillside_incremental,1,1
2233,hillside_incremental,1,1
2234,hillside_incremental,1,1
2235,hillside_incremental,1,1
2236,hillside_incremental,1,1
2237,hillside_incremental,4,2
2238,hillside_incremental,4,2
2239,hillside_incremental,1,2
2240,hillside_incremental,1,1
2241,hillside_incremental,1,1
2242,hillside_incremental,2,2
2243,hillside_incremental,2,2
2244,hillside_incremental,1,1
2245,hillside_incremental,1,1
2246,hillside_incremental,1,1
2247,hillside_incremental,1,1
2248,hillside_incremental,1,1
2249,hillside_incremental,1,1
2250,hillside_incremental,1,1
2251,hillside_incremental,1,1
2252,hillside_incremental,1,1
2253,hillside_incremental,1,1
2254,hillside_incremental,1,1
2255,hillside_incremental,1,1
2256,hillside_incremental,1,1
2257,hillside_incremental,1,1
2258,hillside_incremental,1,1
2259,hillside_incremental,4,2
2260,hillside_incremental,4,2
2261,hillside_incremental,1,1
2262,hillside_incremental,1,1
2263,hillside_incremental,1,1
2264,hillside_incremental,1,1
2265,hillside_incremental,1,1
2266,hillside_incremental,1,1
2267,hillside_incremental,1,1
2268,hillside_incremental,1,1
2269,hillside_incremental,1,1
2270,hillside_incremental,1,1
2271,hillside_incremental,1,1
2272,hillside_incremental,1,1
2273,hillside_incremental,1,1
2274,hillside_incremental,1,2
2275,hillside_incremental,4,2
2276,hillside_incremental,1,1
2277,hillside_incremental,1,1
2278,hillside_incremental,1,1
2279,hillside_incremental,1,1
2280,hillside_incremental,1,1
2281,hillside_incremental,1,1
2282,hillside_incremental,1,1
2283,hillside_incremental,1,1
2284,hillside_incremental,4,2
2285,hillside_incremental,1,2
2286,hillside_incremental,1,1
2287,hillside_incremental,1,1
2288,hillside_incremental,1,1
2289,hillside_incremental,1,1
2290,hillside_incremental,1,1
2291,hillside_incremental,1,1
2292,hillside_incremental,1,1
2293,hillside_incremental,4,2
2294,hillside_incremental,2,1
2295,hillside_incremental,2,1
2296,hillside_incremental,1,1
2297,hillside_incremental,1,2
2298,hillside_incremental,1,2
2299,hillside_incremental,4,2
2300,hillside_incremental,4,3
2301,hillside_incremental,1,1
2302,hillside_incremental,1,1
2303,hillside_incremental,1,1
2304,hillside_incremental,4,2
2305,hillside_incremental,2,2
2306,hillside_incremental,1,1
2307,hillside_incremental,1,1
2308,hillside_incremental,1,1
2309,hillside_incremental,1,1
2310,hillside_incremental,1,1
2311,hillside_incremental,1,1
2312,hillside_incremental,1,1
2313,hillside_incremental,1,1
2314,hillside_incremental,1,2
2315,hillside_incremental,1,2
2316,hillside_incremental,4,2
2317,hillside_incremental,1,1
2318,hillside_incremental,1,1
2319,hillside_incremental,1,2
2320,hillside_incremental,1,1
2321,hillside_incremental,1,1
2322,hillside_incremental,4,2
2323,hillside_incremental,2,2
2324,hillside_incremental,1,1
2325,hillside_incremental,1,1
2326,hillside_incremental,1,1
2327,hillside_incremental,1,1
2328,hillside_incremental,1,1
2329,hillside_incremental,1,2
2330,hillside_incremental,1,2
2331,hillside_incremental,1,2
2332,hillside_incremental,1,1
2333,hillside_incremental,1,2
2334,hillside_incremental,1,1
2335,hillside_incremental,1,1
2336,hillside_incremental,1,1
2337,hillside_incremental,1,1
2338,hillside_incremental,1,2
2339,hillside_incremental,2,2
2340,hillside_incremental,4,2
2341,hillside_incremental,4,2
2342,hillside_incremental,1,1
2343,hillside_incremental,4,2
2344,hillside_incremental,4,2
2345,hillside_incremental,4,2
2346,hillside_incremental,2,2
2347,hillside_incremental,2,2
2348,hillside_incremental,4,2
2349,hillside_incremental,1,1
2350,hillside_incremental,1,1
2351,hillside_incremental,1,1
2352,hillside_incremental,4,3
2353,hillside_incremental,4,3
2354,hillside_incremental,4,2
2355,hillside_incremental,1,1
2356,hillside_incremental,1,1
2357,hillside_incremental,1,1
2358,hillside_incremental,4,3
2359,hillside_incremental,2,2
2360,hillside_incremental,1,1
2361,hillside_incremental,1,1
2362,hillside_incremental,1,1
2363,hillside_incremental,1,1
2364,hillside_incremental,1,1
2365,hillside_incremental,1,1
2366,hillside_incremental,1,1
2367,hillside_incremental,1,2
2368,hillside_incremental,4,2
2369,hillside_incremental,4,3
2370,hillside_incremental,1,1
2371,hillside_incremental,4,2
2372,hillside_incremental,1,1
2373,hillside_incremental,4,2
2374,hillside_incremental,1,1
2375,hillside_incremental,1,1
2376,hillside_incremental,4,2
2377,hillside_incremental,1,1
2378,hillside_incremental,1,2
2379,hillside_incremental,1,2
2380,hillside_incremental,1,2
2381,hillside_incremental,1,2
2382,hillside_incremental,1,2
2383,hillside_incremental,4,2
2384,hillside_incremental,1,2
2385,hillside_incremental,1,2
2386,hillside_incremental,4,2
2387,hillside_incremental,2,1
2388,hillside_incremental,1,1
2389,hillside_incremental,1,1
2390,hillside_incremental,4,2
2391,hillside_incremental,2,2
2392,hillside_incremental,2,2
2393,hillside_incremental,2,1
2394,hillside_incremental,4,2
2395,hillside_incremental,4,2
2396,hillside_incremental,4,3
2397,hillside_incremental,2,2
2398,hillside_incremental,4,3
2399,hillside_incremental,4,2
2400,hillside_incremental,4,2
2401,hillside_incremental,4,2
2402,hillside_incremental,4,2
2403,hillside_incremental,2,1
2404,hillside_incremental,4,2
2405,hillside_incremental,4,2
2406,hillside_incremental,1,1
2407,hillside_incremental,4,3
2408,hillside_incremental,3,3
2409,hillside_incremental,3,2
2410,hillside_incremental,3,3
2411,hillside_incremental,4,2
2412,hillside_incremental,4,2
2413,hillside_incremental,4,2
2414,hillside_incremental,4,2
2415,hillside_incremental,1,1
2416,hillside_incremental,3,3
2417,hillside_incremental,4,2
2418,hillside_incremental,4,2
2419,hillside_incremental,4,2
2420,hillside_incremental,1,1
2421,hillside_incremental,1,1
2422,hillside_incremental,1,1
2423,hillside_incremental,1,1
2424,hillside_incremental,1,1
2425,hillside_incremental,2,1
2426,hillside_incremental,1,1
2427,hillside_incremental,1,2
2428,hillside_incremental,1,1
2429,hillside_incremental,4,2
2430,hillside_incremental,1,1
2431,hillside_incremental,1,1
2432,hillside_incremental,4,2
2433,hillside_incremental,4,2
2434,hillside_incremental,4,2
2435,hillside_incremental,1,1
2436,hillside_incremental,1,1
2437,hillside_incremental,1,2
2438,hillside_incremental,1,2
2439,hillside_incremental,1,1
2440,hillside_incremental,2,2
2441,hillside_incremental,1,1
2442,hillside_incremental,1,1
2443,hillside_incremental,1,1
2444,hillside_incremental,1,1
2445,hillside_incremental,4,3
2446,hillside_incremental,2,2
2447,hillside_incremental,2,2
2448,hillside_incremental,1,2
2449,hillside_incremental,1,1
2450,hillside_incremental,1,1
2451,hillside_incremental,1,1
2452,hillside_incremental,1,1
2453,hillside_incremental,1,1
2454,hillside_incremental,2,2
2455,hillside_incremental,2,2
2456,hillside_incremental,1,1
2457,hillside_incremental,1,1
2458,hillside_incremental,1,1
2459,hillside_incremental,1,1
2460,hillside_incremental,1,1
2461,hillside_incremental,4,2
2462,hillside_incremental,2,1
2463,hillside_incremental,4,2
2464,hillside_incremental,1,2
2465,hillside_incremental,1,2
2466,hillside_incremental,4,2
2467,hillside_incremental,2,2
2468,hillside_incremental,2,2
2469,hillside_incremental,1,2
2470,hillside_incremental,2,2
2471,hillside_incremental,1,1
2472,hillside_incremental,2,2
2473,hillside_incremental,4,2
2474,hillside_incremental,1,2
2475,hillside_incremental,1,1
2476,hillside_incremental,1,1
2477,hillside_incremental,4,3
2478,hillside_incremental,2,2
2479,hillside_incremental,1,2
2480,hillside_incremental,1,2
2481,hillside_incremental,4,2
2482,hillside_incremental,2,2
2483,hillside_incremental,4,2
2484,hillside_incremental,1,2
2485,hillside_incremental,1,2
2486,hillside_incremental,1,2
2487,hillside_incremental,1,1
2488,hillside_incremental,1,1
2489,hillside_incremental,1,1
2490,hillside_incremental,1,1
2491,hillside_incremental,1,2
2492,hillside_incremental,1,1
2493,hillside_incremental,1,2
2494,hillside_incremental,4,2
2495,hillside_incremental,1,2
2496,hillside_incremental,1,2
2497,hillside_incremental,1,1
2498,hillside_incremental,4,2
2499,hillside_incremental,2,2
2500,hillside_incremental,1,2
2501,hillside_incremental,1,1
2502,hillside_incremental,1,1
2503,hillside_incremental,1,1
2504,hillside_incremental,1,1
2505,hillside_incremental,1,1
2506,hillside_incremental,1,2
2507,hillside_incremental,1,1
2508,hillside_incremental,1,1
2509,hillside_incremental,4,2
2510,hillside_incremental,1,1
2511,hillside_incremental,1,1
2512,hillside_incremental,1,1
2513,hillside_incremental,1,1
2514,hillside_incremental,1,1
2515,hillside_incremental,4,2
2516,hillside_incremental,2,2
2517,hillside_incremental,4,2
2518,hillside_incremental,4,2
2519,hillside_incremental,1,1
2520,hillside_incremental,1,1
2521,hillside_incremental,1,2
2522,hillside_incremental,2,2
2523,hillside_incremental,1,2
2524,hillside_incremental,1,2
2525,hillside_incremental,1,1
2526,hillside_incremental,1,1
2527,hillside_incremental,1,1
2528,hillside_incremental,1,1
2529,hillside_incremental,1,1
2530,hillside_incremental,1,1
2531,hillside_incremental,1,1
2532,hillside_incremental,1,1
2533,hillside_incremental,1,1
2534,hillside_incremental,1,1
2535,hillside_incremental,1,1
2536,hillside_incremental,1,1
2537,hillside_incremental,1,1
2538,hillside_incremental,1,1
2539,hillside_incremental,4,2
2540,hillside_incremental,4,2
2541,hillside_incremental,4,2
2542,hillside_incremental,1,1
2543,hillside_incremental,1,1
2544,hillside_incremental,1,1
2545,hillside_incremental,1,2
2546,hillside_incremental,1,1
2547,hillside_incremental,1,1
2548,hillside_incremental,1,2
2549,hillside_incremental,4,3
2550,hillside_incremental,1,1
2551,hillside_incremental,1,1
2552,hillside_incremental,1,1
2553,hillside_incremental,1,1
2554,hillside_incremental,1,1
2555,hillside_incremental,1,1
2556,hillside_incremental,4,2
2557,hillside_incremental,1,1
2558,hillside_incremental,1,1
2559,hillside_incremental,4,2
2560,hillside_incremental,4,2
2561,hillside_incremental,1,1
2562,hillside_incremental,1,1
2563,hillside_incremental,1,1
2564,hillside_incremental,2,3
2565,hillside_incremental,1,1
2566,hillside_incremental,1,1
2567,hillside_incremental,1,1
2568,hillside_incremental,1,1
2569,hillside_incremental,1,1
2570,hillside_incremental,4,3
2571,hillside_incremental,2,2
2572,hillside_incremental,2,2
2573,hillside_incremental,2,2
2574,hillside_incremental,4,2
2575,hillside_incremental,2,2
2576,hillside_incremental,4,2
2577,hillside_incremental,1,1
2578,hillside_incremental,2,2
2579,hillside_incremental,1,2
2580,hillside_incremental,1,2
2581,hillside_incremental,1,1
2582,hillside_incremental,2,2
2583,hillside_incremental,1,1
2584,hillside_incremental,1,1
2585,hillside_incremental,2,1
2586,hillside_incremental,2,2
2587,hillside_incremental,2,2
2588,hillside_incremental,4,2
2589,hillside_incremental,4,2
2590,hillside_incremental,4,3
2591,hillside_incremental,2,2
2592,hillside_incremental,2,2
2593,hillside_incremental,2,2
2594,hillside_incremental,1,2
2595,hillside_incremental,1,2
2596,hillside_incremental,4,2
2597,hillside_incremental,4,2
2598,hillside_incremental,4,2
2599,hillside_incremental,4,2
2600,hillside_incremental,1,2
2601,hillside_incremental,1,2
2602,hillside_incremental,2,2
2603,hillside_incremental,2,2
2604,hillside_incremental,4,2
2605,hillside_incremental,2,2
2606,hillside_incremental,2,2
2607,hillside_incremental,4,2
2608,hillside_incremental,2,2
2609,hillside_incremental,1,2
2610,hillside_incremental,4,2
2611,hillside_incremental,1,2
2612,hillside_incremental,1,2
2613,hillside_incremental,1,2
2614,hillside_incremental,2,2
2615,hillside_incremental,2,2
2616,hillside_incremental,2,1
2617,hillside_incremental,1,2
2618,hillside_incremental,2,2
2619,hillside_incremental,2,2
2620,hillside_incremental,1,2
2621,hillside_incremental,4,2
2622,hillside_incremental,4,2
2623,hillside_incremental,1,2
2624,hillside_incremental,2,2
2625,hillside_incremental,2,2
2626,hillside_incremental,2,2
2627,hillside_incremental,1,2
2628,hillside_incremental,1,1
2629,hillside_incremental,1,2
2630,hillside_incremental,2,2
2631,hillside_incremental,1,2
2632,hillside_incremental,1,2
2633,hillside_incremental,2,2
2634,hillside_incremental,1,2
2635,hillside_incremental,2,2
2636,hillside_incremental,4,2
2637,hillside_incremental,4,2
2638,hillside_incremental,4,2
2639,hillside_incremental,4,2
2640,hillside_incremental,1,2
2641,hillside_incremental,4,2
2642,hillside_incremental,4,2
2643,hillside_incremental,4,2
2644,hillside_incremental,4,2
2645,hillside_incremental,4,2
2646,hillside_incremental,4,2
2647,hillside_incremental,4,2
2648,hillside_incremental,1,1
2649,hillside_incremental,1,2
2650,hillside_incremental,4,2
2651,hillside_incremental,4,2
2652,hillside_incremental,4,2
2653,hillside_incremental,4,2
2654,hillside_incremental,2,2
2655,hillside_incremental,4,2
2656,hillside_incremental,4,2
2657,hillside_incremental,1,2
2658,hillside_incremental,4,2
2659,hillside_incremental,4,2
2660,hillside_incremental,4,2
2661,hillside_incremental,1,2
2662,hillside_incremental,4,2
2663,hillside_incremental,4,2
2664,hillside_incremental,4,2
2665,hillside_incremental,2,3
2666,hillside_incremental,2,2
2667,hillside_incremental,2,2
2668,hillside_incremental,2,2
2669,hillside_incremental,2,2
2670,hillside_incremental,4,2
2671,hillside_incremental,4,2
2672,hillside_incremental,2,2
2673,hillside_incremental,4,2
2674,hillside_incremental,1,2
2675,hillside_incremental,4,2
2676,hillside_incremental,4,2
2677,hillside_incremental,1,2
2678,hillside_incremental,4,2
2679,hillside_incremental,2,2
2680,hillside_incremental,2,2
2681,hillside_incremental,2,2
2682,hillside_incremental,2,2
2683,hillside_incremental,2,2
2684,hillside_incremental,2,2
2685,hillside_incremental,2,2
2686,hillside_incremental,2,2
2687,hillside_incremental,4,3
2688,industrial_logistics,4,3
2689,industrial_logistics,4,3
2690,industrial_logistics,4,3
2691,industrial_logistics,4,3
2692,industrial_logistics,4,3
2693,industrial_logistics,4,3
2694,industrial_logistics,3,2
2695,industrial_logistics,4,2
2696,industrial_logistics,4,3
2697,industrial_logistics,4,3
2698,industrial_logistics,4,2
2699,industrial_logistics,3,2
2700,industrial_logistics,3,2
2701,industrial_logistics,3,3
2702,industrial_logistics,4,3
2703,industrial_logistics,4,3
2704,industrial_logistics,3,2
2705,industrial_logistics,3,2
2706,industrial_logistics,3,2
2707,industrial_logistics,3,3
2708,industrial_logistics,4,2
2709,industrial_logistics,4,2
2710,industrial_logistics,4,2
2711,industrial_logistics,4,2
2712,industrial_logistics,4,2
2713,industrial_logistics,4,2
2714,industrial_logistics,4,2
2715,industrial_logistics,2,3
2716,industrial_logistics,2,3
2717,industrial_logistics,4,2
2718,industrial_logistics,4,2
2719,industrial_logistics,4,2
2720,industrial_logistics,4,2
2721,industrial_logistics,2,3
2722,industrial_logistics,2,3
2723,industrial_logistics,4,3
2724,industrial_logistics,4,2
2725,industrial_logistics,4,2
2726,industrial_logistics,2,3
2727,industrial_logistics,2,3
2728,industrial_logistics,4,3
2729,industrial_logistics,4,2
2730,industrial_logistics,4,2
2731,industrial_logistics,4,2
2732,industrial_logistics,2,3
2733,industrial_logistics,2,3
2734,industrial_logistics,4,2
2735,industrial_logistics,4,2
2736,industrial_logistics,4,2
2737,industrial_logistics,4,2
2738,industrial_logistics,4,3
2739,industrial_logistics,4,3
2740,industrial_logistics,4,2
2741,industrial_logistics,4,2
2742,industrial_logistics,4,2
2743,industrial_logistics,2,2
2744,industrial_logistics,4,2
2745,industrial_logistics,4,2
2746,industrial_logistics,4,2
2747,industrial_logistics,4,2
2748,industrial_logistics,4,2
2749,industrial_logistics,4,2
2750,industrial_logistics,2,2
2751,industrial_logistics,4,2
2752,industrial_logistics,4,2
2753,industrial_logistics,4,2
2754,industrial_logistics,2,2
2755,industrial_logistics,2,2
2756,industrial_logistics,4,2
2757,industrial_logistics,4,2
2758,industrial_logistics,4,2
2759,industrial_logistics,4,2
2760,industrial_logistics,2,2
2761,industrial_logistics,2,2
2762,industrial_logistics,1,2
2763,industrial_logistics,2,2
2764,industrial_logistics,2,2
2765,industrial_logistics,4,2
2766,industrial_logistics,4,2
2767,industrial_logistics,4,2
2768,industrial_logistics,4,2
2769,industrial_logistics,2,2
2770,industrial_logistics,2,2
2771,industrial_logistics,2,2
2772,industrial_logistics,2,2
2773,industrial_logistics,2,2
2774,industrial_logistics,4,2
2775,industrial_logistics,4,2
2776,industrial_logistics,4,2
2777,industrial_logistics,4,2
2778,industrial_logistics,4,2
2779,industrial_logistics,4,3
2780,industrial_logistics,2,2
2781,industrial_logistics,2,2
2782,industrial_logistics,2,2
2783,industrial_logistics,2,2
2784,industrial_logistics,2,2
2785,industrial_logistics,4,2
2786,industrial_logistics,2,2
2787,industrial_logistics,4,2
2788,industrial_logistics,4,2
2789,industrial_logistics,4,3
2790,industrial_logistics,4,3
2791,industrial_logistics,2,2
2792,industrial_logistics,4,2
2793,industrial_logistics,2,2
2794,industrial_logistics,2,2
2795,industrial_logistics,4,2
2796,industrial_logistics,4,2
2797,industrial_logistics,4,2
2798,industrial_logistics,4,2
2799,industrial_logistics,4,3
2800,industrial_logistics,2,2
2801,industrial_logistics,2,2
2802,industrial_logistics,2,2
2803,industrial_logistics,2,2
2804,industrial_logistics,4,3
2805,industrial_logistics,4,2
2806,industrial_logistics,4,2
2807,industrial_logistics,4,3
2808,industrial_logistics,2,2
2809,industrial_logistics,2,2
2810,industrial_logistics,2,2
2811,industrial_logistics,4,3
2812,industrial_logistics,4,3
2813,industrial_logistics,4,3
2814,industrial_logistics,4,3
2815,industrial_logistics,4,3
2816,industrial_logistics,2,2
2817,industrial_logistics,4,3
2818,industrial_logistics,4,2
2819,industrial_logistics,4,2
2820,industrial_logistics,4,3
2821,industrial_logistics,4,3
2822,industrial_logistics,4,3
2823,industrial_logistics,4,2
2824,industrial_logistics,4,2
2825,industrial_logistics,4,3
2826,industrial_logistics,4,2
2827,industrial_logistics,4,2
2828,industrial_logistics,4,2
2829,industrial_logistics,4,3
2830,industrial_logistics,4,2
2831,industrial_logistics,4,2
2832,industrial_logistics,4,2
2833,industrial_logistics,4,3
2834,industrial_logistics,4,2
2835,industrial_logistics,4,2
2836,industrial_logistics,4,2
2837,industrial_logistics,4,2
2838,industrial_logistics,4,2
2839,industrial_logistics,4,2
2840,industrial_logistics,4,2
2841,industrial_logistics,4,2
2842,industrial_logistics,4,2
2843,industrial_logistics,4,2
2844,industrial_logistics,2,2
2845,industrial_logistics,4,2
2846,industrial_logistics,4,3
2847,industrial_logistics,2,2
2848,industrial_logistics,2,2
2849,industrial_logistics,2,1
2850,industrial_logistics,2,1
2851,industrial_logistics,2,3
2852,industrial_logistics,2,2
2853,industrial_logistics,2,2
2854,industrial_logistics,2,2
2855,industrial_logistics,2,3
2856,industrial_logistics,2,2
2857,industrial_logistics,2,2
2858,industrial_logistics,2,3
2859,industrial_logistics,2,3
2860,industrial_logistics,2,3
2861,industrial_logistics,2,2
2862,industrial_logistics,2,2
2863,industrial_logistics,2,2
2864,industrial_logistics,4,2
2865,industrial_logistics,2,3
2866,industrial_logistics,2,3
2867,industrial_logistics,2,3
2868,industrial_logistics,2,3
2869,industrial_logistics,2,2
2870,industrial_logistics,2,2
2871,industrial_logistics,2,3
2872,industrial_logistics,2,3
2873,industrial_logistics,2,3
2874,industrial_logistics,2,3
2875,industrial_logistics,2,3
2876,industrial_logistics,2,2
2877,industrial_logistics,2,3
2878,industrial_logistics,2,3
2879,industrial_logistics,2,3
2880,industrial_logistics,2,3
2881,industrial_logistics,2,3
2882,industrial_logistics,2,2
2883,industrial_logistics,2,3
2884,industrial_logistics,4,3
2885,industrial_logistics,2,3
2886,industrial_logistics,2,3
2887,industrial_logistics,2,3
2888,industrial_logistics,4,2
2889,industrial_logistics,2,2
2890,industrial_logistics,2,2
2891,industrial_logistics,2,3
2892,industrial_logistics,4,2
2893,industrial_logistics,2,2
2894,industrial_logistics,4,2
2895,industrial_logistics,4,2
2896,industrial_logistics,4,2
2897,industrial_logistics,1,2
2898,industrial_logistics,4,2
2899,industrial_logistics,4,2
2900,industrial_logistics,2,2
2901,industrial_logistics,1,1
2902,industrial_logistics,2,2
2903,industrial_logistics,4,2
2904,industrial_logistics,1,1
2905,industrial_logistics,1,1
2906,industrial_logistics,4,2
2907,industrial_logistics,4,2
2908,industrial_logistics,4,2
2909,industrial_logistics,4,3
2910,industrial_logistics,2,1
2911,industrial_logistics,1,1
2912,industrial_logistics,1,1
2913,industrial_logistics,4,3
2914,industrial_logistics,1,1
2915,industrial_logistics,1,1
2916,industrial_logistics,1,1
2917,industrial_logistics,1,1
2918,industrial_logistics,1,1
2919,industrial_logistics,1,1
2920,industrial_logistics,1,1
2921,industrial_logistics,4,2
2922,industrial_logistics,4,2
2923,industrial_logistics,1,1
2924,industrial_logistics,4,3
2925,industrial_logistics,4,2
2926,industrial_logistics,1,1
2927,industrial_logistics,2,1
2928,industrial_logistics,1,1
2929,industrial_logistics,1,1
2930,industrial_logistics,1,1
2931,industrial_logistics,1,1
2932,industrial_logistics,1,2
2933,industrial_logistics,4,2
2934,industrial_logistics,1,1
2935,industrial_logistics,1,1
2936,industrial_logistics,1,1
2937,industrial_logistics,1,1
2938,industrial_logistics,1,2
2939,industrial_logistics,4,3
2940,industrial_logistics,4,3
2941,industrial_logistics,4,3
2942,industrial_logistics,2,3
2943,industrial_logistics,2,2
2944,industrial_logistics,2,2
2945,industrial_logistics,2,2
2946,industrial_logistics,2,2
2947,industrial_logistics,1,2
2948,industrial_logistics,2,2
2949,industrial_logistics,4,2
2950,industrial_logistics,4,2
2951,industrial_logistics,2,2
2952,industrial_logistics,2,2
2953,industrial_logistics,4,2
2954,industrial_logistics,4,2
2955,industrial_logistics,4,2
2956,industrial_logistics,4,2
2957,industrial_logistics,4,2
2958,industrial_logistics,4,2
2959,industrial_logistics,4,2
2960,industrial_logistics,2,1
2961,industrial_logistics,2,2
2962,industrial_logistics,4,2
2963,industrial_logistics,2,2
2964,industrial_logistics,2,2
2965,industrial_logistics,2,2
2966,industrial_logistics,2,1
2967,industrial_logistics,1,1
2968,industrial_logistics,1,1
2969,industrial_logistics,4,2
2970,industrial_logistics,2,2
2971,industrial_logistics,2,2
2972,industrial_logistics,2,1
2973,industrial_logistics,1,1
2974,industrial_logistics,2,2
2975,industrial_logistics,2,2
2976,industrial_logistics,2,2
2977,industrial_logistics,4,2
2978,industrial_logistics,2,2
2979,industrial_logistics,2,2
2980,industrial_logistics,4,2
2981,industrial_logistics,2,2
2982,industrial_logistics,2,2
2983,industrial_logistics,4,2
2984,industrial_logistics,4,2
2985,industrial_logistics,2,2
2986,industrial_logistics,2,2
2987,industrial_logistics,2,2
2988,industrial_logistics,2,2
2989,industrial_logistics,2,2
2990,industrial_logistics,4,2
2991,industrial_logistics,4,2
2992,industrial_logistics,4,2
2993,industrial_logistics,2,2
2994,industrial_logistics,2,2
2995,industrial_logistics,2,2
2996,industrial_logistics,2,2
2997,industrial_logistics,2,2
2998,industrial_logistics,2,2
2999,industrial_logistics,2,2
3000,industrial_logistics,2,2
3001,industrial_logistics,2,2
3002,industrial_logistics,2,2
3003,industrial_logistics,2,2
3004,industrial_logistics,2,2
3005,industrial_logistics,4,2
3006,industrial_logistics,4,2
3007,industrial_logistics,4,2
3008,industrial_logistics,2,2
3009,industrial_logistics,2,2
3010,industrial_logistics,4,2
3011,industrial_logistics,2,2
3012,industrial_logistics,2,2
3013,industrial_logistics,2,2
3014,industrial_logistics,2,2
3015,industrial_logistics,2,2
3016,industrial_logistics,2,2
3017,industrial_logistics,4,2
3018,industrial_logistics,4,3
3019,industrial_logistics,2,2
3020,industrial_logistics,2,2
3021,industrial_logistics,2,2
3022,industrial_logistics,2,2
3023,industrial_logistics,2,2
3024,industrial_logistics,2,2
3025,industrial_logistics,2,2
3026,industrial_logistics,4,3
3027,industrial_logistics,4,3
3028,industrial_logistics,2,2
3029,industrial_logistics,1,1
3030,industrial_logistics,2,2
3031,industrial_logistics,2,2
3032,industrial_logistics,2,2
3033,industrial_logistics,1,1
3034,industrial_logistics,4,3
3035,industrial_logistics,2,1
3036,industrial_logistics,2,2
3037,industrial_logistics,4,2
3038,industrial_logistics,1,1
3039,industrial_logistics,2,1
3040,industrial_logistics,2,2
3041,industrial_logistics,4,2
3042,industrial_logistics,2,2
3043,industrial_logistics,2,2
3044,industrial_logistics,2,2
3045,industrial_logistics,4,2
3046,industrial_logistics,4,3
3047,industrial_logistics,4,2
3048,industrial_logistics,2,2
3049,industrial_logistics,4,2
3050,industrial_logistics,2,2
3051,industrial_logistics,3,3
3052,industrial_logistics,4,2
3053,industrial_logistics,4,2
3054,industrial_logistics,4,2
3055,industrial_logistics,4,2
3056,industrial_logistics,2,2
3057,industrial_logistics,2,2
3058,industrial_logistics,2,2
3059,industrial_logistics,2,2
3060,industrial_logistics,4,2
3061,industrial_logistics,2,2
3062,industrial_logistics,2,2
3063,industrial_logistics,4,2
3064,industrial_logistics,4,2
3065,industrial_logistics,4,2
3066,industrial_logistics,2,3
3067,industrial_logistics,2,3
3068,industrial_logistics,3,3
3069,industrial_logistics,4,3
3070,industrial_logistics,4,3
3071,industrial_logistics,2,3
3072,industrial_logistics,2,3
3073,industrial_logistics,2,3
3074,industrial_logistics,2,3
3075,industrial_logistics,2,3
3076,industrial_logistics,2,3
3077,industrial_logistics,2,3
3078,industrial_logistics,2,3
3079,industrial_logistics,2,3
3080,industrial_logistics,2,3
3081,industrial_logistics,2,3
3082,industrial_logistics,2,3
3083,industrial_logistics,2,3
3084,industrial_logistics,2,3
3085,industrial_logistics,2,3
3086,industrial_logistics,2,3
3087,industrial_logistics,2,3
3088,industrial_logistics,2,3
3089,industrial_logistics,2,3
3090,industrial_logistics,2,3
3091,industrial_logistics,2,3
3092,industrial_logistics,4,3
3093,industrial_logistics,4,2
3094,industrial_logistics,2,3
3095,industrial_logistics,2,3
3096,industrial_logistics,2,3
3097,industrial_logistics,2,3
3098,industrial_logistics,2,3
3099,industrial_logistics,3,2
3100,industrial_logistics,4,3
3101,industrial_logistics,2,2
3102,industrial_logistics,2,2
3103,industrial_logistics,4,2
3104,industrial_logistics,2,3
3105,industrial_logistics,2,3
3106,industrial_logistics,2,3
3107,industrial_logistics,2,3
3108,industrial_logistics,2,3
3109,industrial_logistics,2,3
3110,industrial_logistics,2,3
3111,industrial_logistics,4,3
3112,industrial_logistics,2,3
3113,industrial_logistics,2,3
3114,industrial_logistics,2,3
3115,industrial_logistics,2,3
3116,industrial_logistics,2,3
3117,industrial_logistics,2,3
3118,industrial_logistics,2,3
3119,industrial_logistics,2,3
3120,industrial_logistics,2,3
3121,industrial_logistics,2,3
3122,industrial_logistics,2,3
3123,industrial_logistics,2,3
3124,industrial_logistics,2,3
3125,industrial_logistics,2,3
3126,industrial_logistics,2,3
3127,industrial_logistics,4,3
3128,industrial_logistics,2,3
3129,industrial_logistics,2,3
3130,industrial_logistics,2,3
3131,industrial_logistics,2,3
3132,industrial_logistics,2,3
3133,industrial_logistics,2,3
3134,industrial_logistics,2,3
3135,industrial_logistics,2,3
3136,industrial_logistics,2,3
3137,industrial_logistics,4,3
3138,industrial_logistics,4,2
3139,industrial_logistics,4,2
3140,industrial_logistics,2,2
3141,industrial_logistics,2,3
3142,industrial_logistics,2,3
3143,industrial_logistics,2,3
3144,industrial_logistics,4,3
3145,industrial_logistics,2,2
3146,industrial_logistics,4,2
3147,industrial_logistics,2,2
3148,industrial_logistics,4,2
3149,industrial_logistics,4,2
3150,industrial_logistics,3,3
3151,industrial_logistics,3,3
3152,industrial_logistics,3,3
3153,industrial_logistics,4,3
3154,industrial_logistics,2,3
3155,industrial_logistics,2,3
3156,industrial_logistics,2,3
3157,industrial_logistics,2,3
3158,industrial_logistics,2,2
3159,industrial_logistics,2,2
3160,industrial_logistics,4,2
3161,industrial_logistics,4,3
3162,industrial_logistics,4,2
3163,industrial_logistics,4,2
3164,industrial_logistics,3,3
3165,industrial_logistics,3,3
3166,industrial_logistics,3,3
3167,industrial_logistics,3,3
3168,industrial_logistics,3,3
3169,industrial_logistics,4,2
3170,industrial_logistics,2,3
3171,industrial_logistics,2,3
3172,industrial_logistics,2,3
3173,industrial_logistics,2,3
3174,industrial_logistics,2,2
3175,industrial_logistics,2,2
3176,industrial_logistics,2,1
3177,industrial_logistics,4,2
3178,industrial_logistics,4,2
3179,industrial_logistics,4,3
3180,industrial_logistics,4,3
3181,industrial_logistics,4,3
3182,industrial_logistics,4,2
3183,industrial_logistics,2,2
3184,industrial_logistics,4,2
3185,industrial_logistics,3,3
3186,industrial_logistics,3,3
3187,industrial_logistics,3,3
3188,industrial_logistics,3,3
3189,industrial_logistics,3,3
3190,industrial_logistics,3,3
3191,industrial_logistics,4,3
3192,industrial_logistics,2,3
3193,industrial_logistics,2,3
3194,industrial_logistics,2,3
3195,industrial_logistics,2,3
3196,industrial_logistics,2,2
3197,industrial_logistics,1,1
3198,industrial_logistics,1,1
3199,industrial_logistics,4,3
3200,industrial_logistics,4,3
3201,industrial_logistics,4,3
3202,industrial_logistics,4,3
3203,industrial_logistics,4,2
3204,industrial_logistics,3,3
3205,industrial_logistics,3,3
3206,industrial_logistics,3,3
3207,industrial_logistics,3,3
3208,industrial_logistics,3,3
3209,industrial_logistics,2,3
3210,industrial_logistics,2,3
3211,industrial_logistics,2,3
3212,industrial_logistics,2,3
3213,industrial_logistics,2,2
3214,industrial_logistics,1,1
3215,industrial_logistics,4,3
3216,industrial_logistics,2,2
3217,industrial_logistics,4,3
3218,industrial_logistics,4,3
3219,industrial_logistics,4,2
3220,industrial_logistics,3,3
3221,industrial_logistics,3,3
3222,industrial_logistics,3,3
3223,industrial_logistics,3,3
3224,industrial_logistics,3,3
3225,industrial_logistics,2,3
3226,industrial_logistics,2,3
3227,industrial_logistics,2,3
3228,industrial_logistics,2,3
3229,industrial_logistics,2,3
3230,industrial_logistics,2,2
3231,industrial_logistics,4,3
3232,industrial_logistics,4,2
3233,industrial_logistics,4,2
3234,industrial_logistics,4,2
3235,industrial_logistics,3,3
3236,industrial_logistics,2,3
3237,industrial_logistics,2,3
3238,industrial_logistics,3,3
3239,industrial_logistics,3,3
3240,industrial_logistics,2,3
3241,industrial_logistics,2,3
3242,industrial_logistics,2,2
3243,industrial_logistics,4,2
3244,industrial_logistics,4,2
3245,industrial_logistics,4,2
3246,industrial_logistics,4,2
3247,industrial_logistics,3,3
3248,industrial_logistics,2,3
3249,industrial_logistics,2,3
3250,industrial_logistics,3,3
3251,industrial_logistics,2,3
3252,industrial_logistics,2,2
3253,industrial_logistics,4,2
3254,industrial_logistics,4,2
3255,industrial_logistics,4,2
3256,industrial_logistics,4,2
3257,industrial_logistics,4,2
3258,industrial_logistics,3,3
3259,industrial_logistics,2,3
3260,industrial_logistics,3,3
3261,industrial_logistics,3,3
3262,industrial_logistics,2,3
3263,industrial_logistics,2,3
3264,industrial_logistics,4,2
3265,industrial_logistics,4,2
3266,industrial_logistics,4,2
3267,industrial_logistics,3,3
3268,industrial_logistics,3,3
3269,industrial_logistics,3,3
3270,industrial_logistics,4,2
3271,industrial_logistics,4,2
3272,industrial_logistics,3,3
3273,industrial_logistics,3,3
3274,industrial_logistics,3,3
3275,industrial_logistics,2,2
3276,industrial_logistics,4,2
3277,industrial_logistics,4,2
3278,industrial_logistics,3,2
3279,industrial_logistics,3,2
3280,industrial_logistics,2,2
3281,industrial_logistics,4,2
3282,industrial_logistics,3,2
3283,industrial_logistics,3,2
3284,industrial_logistics,3,3
3285,industrial_logistics,3,3
3286,industrial_logistics,3,3
3287,industrial_logistics,3,3
3288,industrial_logistics,2,2
3289,industrial_logistics,3,3
3290,industrial_logistics,3,3
3291,industrial_logistics,2,2
3292,peripheral_expansion,4,3
3293,peripheral_expansion,4,2
3294,peripheral_expansion,4,3
3295,peripheral_expansion,4,3
3296,peripheral_expansion,3,3
3297,peripheral_expansion,4,2
3298,peripheral_expansion,4,2
3299,peripheral_expansion,3,3
3300,peripheral_expansion,2,3
3301,peripheral_expansion,4,2
3302,peripheral_expansion,4,3
3303,peripheral_expansion,3,3
3304,peripheral_expansion,2,3
3305,peripheral_expansion,2,3
3306,peripheral_expansion,4,2
3307,peripheral_expansion,3,3
3308,peripheral_expansion,4,2
3309,peripheral_expansion,4,3
3310,peripheral_expansion,4,3
3311,peripheral_expansion,4,2
3312,peripheral_expansion,4,2
3313,peripheral_expansion,4,2
3314,peripheral_expansion,4,2
3315,peripheral_expansion,4,2
3316,peripheral_expansion,3,3
3317,peripheral_expansion,4,2
3318,peripheral_expansion,4,2
3319,peripheral_expansion,3,3
3320,peripheral_expansion,4,2
3321,peripheral_expansion,4,2
3322,peripheral_expansion,4,3
3323,peripheral_expansion,4,2
3324,peripheral_expansion,4,2
3325,peripheral_expansion,4,2
3326,peripheral_expansion,3,3
3327,peripheral_expansion,4,3
3328,peripheral_expansion,4,2
3329,peripheral_expansion,4,2
3330,peripheral_expansion,4,2
3331,peripheral_expansion,4,2
3332,peripheral_expansion,3,3
3333,peripheral_expansion,4,2
3334,peripheral_expansion,4,3
3335,peripheral_expansion,4,2
3336,peripheral_expansion,4,2
3337,peripheral_expansion,3,3
3338,peripheral_expansion,4,2
3339,peripheral_expansion,4,2
3340,peripheral_expansion,4,3
3341,peripheral_expansion,4,2
3342,peripheral_expansion,3,3
3343,peripheral_expansion,4,2
3344,peripheral_expansion,4,2
3345,peripheral_expansion,4,2
3346,peripheral_expansion,4,2
3347,peripheral_expansion,4,3
3348,peripheral_expansion,4,2
3349,peripheral_expansion,4,2
3350,peripheral_expansion,4,3
3351,peripheral_expansion,2,2
3352,peripheral_expansion,4,2
3353,peripheral_expansion,4,2
3354,peripheral_expansion,4,2
3355,peripheral_expansion,3,3
3356,peripheral_expansion,4,3
3357,peripheral_expansion,4,2
3358,peripheral_expansion,2,2
3359,peripheral_expansion,4,2
3360,peripheral_expansion,4,2
3361,peripheral_expansion,4,2
3362,peripheral_expansion,2,3
3363,peripheral_expansion,4,2
3364,peripheral_expansion,4,3
3365,peripheral_expansion,4,3
3366,peripheral_expansion,4,2
3367,peripheral_expansion,4,2
3368,peripheral_expansion,4,2
3369,peripheral_expansion,3,3
3370,peripheral_expansion,4,2
3371,peripheral_expansion,4,2
3372,peripheral_expansion,4,2
3373,peripheral_expansion,4,3
3374,peripheral_expansion,4,2
3375,peripheral_expansion,4,2
3376,peripheral_expansion,4,2
3377,peripheral_expansion,4,2
3378,peripheral_expansion,4,2
3379,peripheral_expansion,4,2
3380,peripheral_expansion,4,2
3381,peripheral_expansion,4,3
3382,peripheral_expansion,4,3
3383,peripheral_expansion,4,2
3384,peripheral_expansion,4,2
3385,peripheral_expansion,4,2
3386,peripheral_expansion,4,2
3387,peripheral_expansion,4,3
3388,peripheral_expansion,4,2
3389,peripheral_expansion,3,3
3390,peripheral_expansion,4,2
3391,peripheral_expansion,4,3
3392,peripheral_expansion,4,2
3393,peripheral_expansion,4,2
3394,peripheral_expansion,4,2
3395,peripheral_expansion,4,3
3396,peripheral_expansion,4,2
3397,peripheral_expansion,4,2
3398,peripheral_expansion,4,2
3399,peripheral_expansion,4,2
3400,peripheral_expansion,4,2
3401,peripheral_expansion,4,2
3402,peripheral_expansion,4,2
3403,peripheral_expansion,4,3
3404,peripheral_expansion,4,2
3405,peripheral_expansion,4,2
3406,peripheral_expansion,4,2
3407,peripheral_expansion,4,2
3408,peripheral_expansion,3,3
3409,peripheral_expansion,4,2
3410,peripheral_expansion,4,2
3411,peripheral_expansion,3,3
3412,peripheral_expansion,4,2
3413,peripheral_expansion,3,3
3414,peripheral_expansion,4,2
3415,peripheral_expansion,4,2
3416,peripheral_expansion,4,2
3417,peripheral_expansion,4,2
3418,peripheral_expansion,4,2
3419,peripheral_expansion,3,3
3420,peripheral_expansion,4,3
3421,peripheral_expansion,4,2
3422,peripheral_expansion,4,2
3423,peripheral_expansion,4,2
3424,peripheral_expansion,4,2
3425,peripheral_expansion,4,3
3426,peripheral_expansion,4,2
3427,peripheral_expansion,4,3
3428,peripheral_expansion,3,3
3429,peripheral_expansion,4,2
3430,peripheral_expansion,4,2
3431,peripheral_expansion,2,2
3432,peripheral_expansion,3,3
3433,peripheral_expansion,4,2
3434,peripheral_expansion,4,2
3435,peripheral_expansion,4,2
3436,peripheral_expansion,4,2
3437,peripheral_expansion,4,2
3438,peripheral_expansion,4,2
3439,peripheral_expansion,3,3
3440,peripheral_expansion,4,2
3441,peripheral_expansion,4,2
3442,peripheral_expansion,4,2
3443,peripheral_expansion,4,2
3444,peripheral_expansion,3,2
3445,peripheral_expansion,4,2
3446,peripheral_expansion,4,2
3447,peripheral_expansion,4,2
3448,peripheral_expansion,3,3
3449,peripheral_expansion,4,2
3450,peripheral_expansion,4,2
3451,peripheral_expansion,4,3
3452,peripheral_expansion,4,2
3453,peripheral_expansion,4,2
3454,peripheral_expansion,4,2
3455,peripheral_expansion,4,2
3456,peripheral_expansion,4,2
3457,peripheral_expansion,4,2
3458,peripheral_expansion,4,2
3459,peripheral_expansion,4,2
3460,peripheral_expansion,4,2
3461,peripheral_expansion,4,2
3462,peripheral_expansion,4,2
3463,peripheral_expansion,4,2
3464,peripheral_expansion,4,2
3465,peripheral_expansion,4,2
3466,peripheral_expansion,4,2
3467,peripheral_expansion,4,2
3468,peripheral_expansion,4,2
3469,peripheral_expansion,4,2
3470,peripheral_expansion,4,2
3471,peripheral_expansion,4,3
3472,peripheral_expansion,4,2
3473,peripheral_expansion,4,3
3474,peripheral_expansion,4,2
3475,peripheral_expansion,4,2
3476,peripheral_expansion,4,2
3477,peripheral_expansion,4,3
3478,peripheral_expansion,4,3
3479,peripheral_expansion,4,2
3480,peripheral_expansion,4,2
3481,peripheral_expansion,4,2
3482,peripheral_expansion,4,2
3483,peripheral_expansion,4,2
3484,peripheral_expansion,4,2
3485,peripheral_expansion,4,2
3486,peripheral_expansion,4,2
3487,peripheral_expansion,4,2
3488,peripheral_expansion,4,2
3489,peripheral_expansion,4,2
3490,peripheral_expansion,4,2
3491,peripheral_expansion,4,2
3492,peripheral_expansion,4,2
3493,peripheral_expansion,4,2
3494,peripheral_expansion,4,2
3495,peripheral_expansion,4,2
3496,peripheral_expansion,4,2
3497,peripheral_expansion,4,2
3498,peripheral_expansion,4,2
3499,peripheral_expansion,4,2
3500,peripheral_expansion,4,2
3501,peripheral_expansion,4,2
3502,peripheral_expansion,4,2
3503,peripheral_expansion,4,2
3504,peripheral_expansion,4,2
3505,peripheral_expansion,4,2
3506,peripheral_expansion,4,3
3507,peripheral_expansion,4,2
3508,peripheral_expansion,4,2
3509,peripheral_expansion,4,2
3510,peripheral_expansion,4,2
3511,peripheral_expansion,4,2
3512,peripheral_expansion,2,2
3513,peripheral_expansion,4,2
3514,peripheral_expansion,2,3
3515,peripheral_expansion,4,2
3516,peripheral_expansion,2,2
3517,peripheral_expansion,4,2
3518,peripheral_expansion,4,2
3519,peripheral_expansion,2,2
3520,peripheral_expansion,2,2
3521,peripheral_expansion,4,2
3522,peripheral_expansion,4,2
3523,peripheral_expansion,4,2
3524,peripheral_expansion,2,1
3525,peripheral_expansion,4,2
3526,peripheral_expansion,4,2
3527,peripheral_expansion,2,2
3528,peripheral_expansion,4,3
3529,peripheral_expansion,4,2
3530,peripheral_expansion,2,2
3531,peripheral_expansion,4,2
3532,peripheral_expansion,1,2
3533,peripheral_expansion,4,2
3534,peripheral_expansion,4,3
3535,peripheral_expansion,4,2
3536,peripheral_expansion,4,3
3537,peripheral_expansion,4,2
3538,peripheral_expansion,4,2
3539,peripheral_expansion,4,2
3540,peripheral_expansion,4,2
3541,peripheral_expansion,4,2
3542,peripheral_expansion,4,2
3543,peripheral_expansion,4,2
3544,peripheral_expansion,4,2
3545,peripheral_expansion,4,2
3546,peripheral_expansion,4,2
3547,peripheral_expansion,4,2
3548,peripheral_expansion,4,2
3549,peripheral_expansion,4,2
3550,peripheral_expansion,4,2
3551,peripheral_expansion,4,2
3552,peripheral_expansion,4,2
3553,peripheral_expansion,4,2
3554,peripheral_expansion,4,2
3555,peripheral_expansion,4,2
3556,peripheral_expansion,2,2
3557,peripheral_expansion,4,2
3558,peripheral_expansion,4,2
3559,peripheral_expansion,4,2
3560,peripheral_expansion,4,2
3561,peripheral_expansion,4,2
3562,peripheral_expansion,4,2
3563,peripheral_expansion,4,2
3564,peripheral_expansion,4,2
3565,peripheral_expansion,4,3
3566,peripheral_expansion,4,2
3567,peripheral_expansion,4,2
3568,peripheral_expansion,4,2
3569,peripheral_expansion,2,2
3570,peripheral_expansion,2,2
3571,peripheral_expansion,4,2
3572,peripheral_expansion,4,2
3573,peripheral_expansion,4,2
3574,peripheral_expansion,4,2
3575,peripheral_expansion,4,2
3576,peripheral_expansion,4,2
3577,peripheral_expansion,4,2
3578,peripheral_expansion,4,2
3579,peripheral_expansion,4,2
3580,peripheral_expansion,4,2
3581,peripheral_expansion,4,3
3582,peripheral_expansion,4,2
3583,peripheral_expansion,4,2
3584,peripheral_expansion,4,2
3585,peripheral_expansion,4,2
3586,peripheral_expansion,2,2
3587,peripheral_expansion,4,2
3588,peripheral_expansion,4,2
3589,peripheral_expansion,4,2
3590,peripheral_expansion,4,2
3591,peripheral_expansion,4,2
3592,peripheral_expansion,4,2
3593,peripheral_expansion,4,2
3594,peripheral_expansion,4,3
3595,peripheral_expansion,4,2
3596,peripheral_expansion,4,2
3597,peripheral_expansion,4,2
3598,peripheral_expansion,4,2
3599,peripheral_expansion,4,2
3600,peripheral_expansion,4,2
3601,peripheral_expansion,4,2
3602,peripheral_expansion,2,2
3603,peripheral_expansion,4,2
3604,peripheral_expansion,4,2
3605,peripheral_expansion,2,2
3606,peripheral_expansion,4,2
3607,peripheral_expansion,4,2
3608,peripheral_expansion,4,2
3609,peripheral_expansion,2,2
3610,peripheral_expansion,4,2
3611,peripheral_expansion,4,2
3612,peripheral_expansion,4,2
3613,peripheral_expansion,4,2
3614,peripheral_expansion,4,2
3615,peripheral_expansion,4,2
3616,peripheral_expansion,4,2
3617,peripheral_expansion,4,2
3618,peripheral_expansion,4,1
3619,peripheral_expansion,4,2
3620,peripheral_expansion,4,3
3621,peripheral_expansion,2,2
3622,peripheral_expansion,4,3
3623,peripheral_expansion,2,3
3624,peripheral_expansion,4,2
3625,peripheral_expansion,2,2
3626,peripheral_expansion,2,2
3627,peripheral_expansion,4,2
3628,peripheral_expansion,4,2
3629,peripheral_expansion,4,2
3630,peripheral_expansion,4,3
3631,peripheral_expansion,4,3
3632,peripheral_expansion,4,2
3633,peripheral_expansion,4,2
3634,peripheral_expansion,4,2
3635,peripheral_expansion,4,2
3636,peripheral_expansion,2,2
3637,peripheral_expansion,4,2
3638,peripheral_expansion,4,2
3639,peripheral_expansion,4,2
3640,peripheral_expansion,2,2
3641,peripheral_expansion,2,3
3642,peripheral_expansion,4,2
3643,peripheral_expansion,4,2
3644,peripheral_expansion,4,2
3645,peripheral_expansion,4,2
3646,peripheral_expansion,4,2
3647,peripheral_expansion,4,2
3648,peripheral_expansion,4,2
3649,peripheral_expansion,4,2
3650,peripheral_expansion,3,3
3651,peripheral_expansion,4,2
3652,peripheral_expansion,2,2
3653,peripheral_expansion,4,2
3654,peripheral_expansion,3,3
3655,peripheral_expansion,4,2
3656,peripheral_expansion,4,1
3657,peripheral_expansion,2,2
3658,peripheral_expansion,4,2
3659,peripheral_expansion,2,2
3660,peripheral_expansion,4,2
3661,peripheral_expansion,4,2
3662,peripheral_expansion,4,2
3663,peripheral_expansion,2,2
3664,peripheral_expansion,4,2
3665,peripheral_expansion,2,3
3666,peripheral_expansion,2,3
3667,peripheral_expansion,4,2
3668,peripheral_expansion,4,2
3669,peripheral_expansion,2,2
3670,peripheral_expansion,4,2
3671,peripheral_expansion,4,2
3672,peripheral_expansion,4,2
3673,peripheral_expansion,4,2
3674,peripheral_expansion,4,3
3675,peripheral_expansion,4,3
3676,peripheral_expansion,3,3
3677,peripheral_expansion,3,3
3678,peripheral_expansion,3,3
3679,peripheral_expansion,4,2
3680,peripheral_expansion,4,2
3681,peripheral_expansion,4,2
3682,peripheral_expansion,4,2
3683,peripheral_expansion,4,2
3684,peripheral_expansion,4,2
3685,peripheral_expansion,4,2
3686,peripheral_expansion,4,2
3687,peripheral_expansion,4,2
3688,peripheral_expansion,4,2
3689,peripheral_expansion,4,2
3690,peripheral_expansion,4,2
3691,peripheral_expansion,4,2
3692,peripheral_expansion,4,2
3693,peripheral_expansion,4,2
3694,peripheral_expansion,2,2
3695,peripheral_expansion,3,3
3696,peripheral_expansion,4,3
3697,peripheral_expansion,2,2
3698,peripheral_expansion,2,2
3699,peripheral_expansion,4,3
3700,peripheral_expansion,4,3
3701,peripheral_expansion,4,3
3702,peripheral_expansion,4,2
3703,peripheral_expansion,4,3
3704,peripheral_expansion,4,3
3705,peripheral_expansion,3,3
3706,peripheral_expansion,3,3
3707,peripheral_expansion,3,3
3708,peripheral_expansion,4,3
3709,peripheral_expansion,4,2
3710,peripheral_expansion,4,2
3711,peripheral_expansion,4,2
3712,peripheral_expansion,4,3
3713,peripheral_expansion,4,2
3714,peripheral_expansion,4,3
3715,peripheral_expansion,3,3
3716,peripheral_expansion,4,2
3717,peripheral_expansion,4,2
3718,peripheral_expansion,4,3
3719,peripheral_expansion,4,3
3720,peripheral_expansion,4,2
3721,peripheral_expansion,4,2
3722,peripheral_expansion,4,2
3723,peripheral_expansion,4,2
3724,peripheral_expansion,4,3
3725,peripheral_expansion,4,2
3726,peripheral_expansion,4,3
3727,peripheral_expansion,4,2
3728,peripheral_expansion,4,2
3729,peripheral_expansion,4,2
3730,peripheral_expansion,4,3
3731,peripheral_expansion,4,2
3732,peripheral_expansion,4,2
3733,peripheral_expansion,4,2
3734,peripheral_expansion,4,2
3735,peripheral_expansion,4,3
3736,peripheral_expansion,3,3
3737,peripheral_expansion,4,3
3738,peripheral_expansion,4,2
3739,peripheral_expansion,4,2
3740,peripheral_expansion,4,3
3741,peripheral_expansion,4,2
3742,peripheral_expansion,3,3
3743,peripheral_expansion,4,2
3744,peripheral_expansion,4,2
3745,peripheral_expansion,4,2
3746,peripheral_expansion,4,2
3747,peripheral_expansion,4,2
3748,peripheral_expansion,4,2
3749,peripheral_expansion,4,2
3750,peripheral_expansion,4,2
3751,peripheral_expansion,2,2
3752,peripheral_expansion,4,2
3753,peripheral_expansion,4,3
3754,peripheral_expansion,4,3
3755,peripheral_expansion,4,2
3756,peripheral_expansion,4,2
3757,peripheral_expansion,4,2
3758,peripheral_expansion,4,3
3759,peripheral_expansion,4,2
3760,peripheral_expansion,4,3
3761,peripheral_expansion,4,2
3762,peripheral_expansion,4,3
3763,peripheral_expansion,4,2
3764,peripheral_expansion,4,2
3765,peripheral_expansion,2,2
3766,peripheral_expansion,4,2
3767,peripheral_expansion,4,2
3768,peripheral_expansion,2,2
3769,peripheral_expansion,2,2
3770,peripheral_expansion,4,3
3771,peripheral_expansion,4,2
3772,peripheral_expansion,4,2
3773,peripheral_expansion,4,3
3774,peripheral_expansion,2,2
3775,peripheral_expansion,4,3
3776,peripheral_expansion,4,2
