sample_id,stratum_name,need,lisa,gi_z,gi_hot,burden
0,historic_core,0.1515137119414188,ns,-0.5036435491599967,ns,2.2254568400579604
1,historic_core,0.06808365000032605,ns,-0.2896054694395978,ns,2.114184001756166
2,historic_core,-0.10452893064277435,ns,-0.21590425975138933,ns,1.6735715282595252
3,historic_core,0.6140918987740345,HH,-1.1338066777039433,cold,2.804314395401082
4,historic_core,0.3754711941389227,HH,-1.1614259456389742,cold,2.020144970810043
5,historic_core,0.5438684049887371,HH,-0.906529825363284,cold,3.1938025307277984
6,historic_core,0.25367371773979996,HH,-0.6571144137190207,cold,2.070469671101496
7,historic_core,0.08928689987472385,ns,-0.3425546929609552,ns,2.245326993720178
8,historic_core,0.11992888806500643,ns,-0.2477943649395157,ns,2.1658428665132288
9,historic_core,0.07070611708801691,ns,-0.09795910900251899,ns,1.9816461935852294
10,historic_core,0.7402620994940886,HH,-1.6944269507347935,cold,3.441266508391429
11,historic_core,0.6872819319923444,HH,-1.5404372443856087,cold,3.167836658263698
12,historic_core,0.664278510086848,HH,-1.4281143661458,cold,3.110711735215286
13,historic_core,0.625112967997232,HH,-1.0966822359692137,cold,3.2301547564094952
14,historic_core,0.3029536685682644,HH,-0.8653832716251331,cold,2.308911478037066
15,historic_core,0.209847954896507,ns,-0.5276156952768726,ns,2.177656571546262
16,historic_core,0.2077983414327822,ns,-0.3824344271646301,ns,2.315482931611364
17,historic_core,0.13827958058837977,ns,-0.41564265400453154,ns,2.1467833612814196
18,historic_core,0.7385340145681658,HH,-1.7576135162854964,cold,3.3450343246241565
19,historic_core,0.6484953307168672,HH,-1.7146340536972573,cold,3.205209741425042
20,historic_core,0.8196542048414764,HH,-1.6629593453085092,cold,3.5565222355709185
21,historic_core,0.5048491301443084,HH,-1.6196744776196623,cold,2.856246176603191
22,historic_core,0.5790942490720823,HH,-1.2632117232127074,cold,3.1834161805330283
23,historic_core,0.3080062094621915,HH,-1.0552896837563421,cold,2.280041862355407
24,historic_core,0.3686548042564757,HH,-0.7432898635306358,cold,2.4414956072728464
25,historic_core,0.1399375143051176,HH,-0.5903171565518319,cold,2.1295815704608985
26,historic_core,0.10529408077503641,ns,-0.4907985509724641,ns,2.1433430034176983
27,historic_core,0.29906403687924854,ns,-0.5078826265888552,ns,2.7564628485994156
28,historic_core,0.38400617384270547,ns,-0.26291614109153155,ns,2.712075364889191
29,historic_core,0.6230822774578417,HH,-1.7564800320471237,cold,2.812625305253251
30,historic_core,0.9525713750080775,HH,-1.6200266590549028,cold,3.646636819998567
31,historic_core,0.6634790568817214,HH,-1.569013561378574,cold,2.7320443313545675
32,historic_core,0.6435480155535714,HH,-1.3822501232590465,cold,2.8648662960571993
33,historic_core,0.497266988789259,HH,-1.1375691821532157,cold,2.8065933233243996
34,historic_core,0.46591211674603833,HH,-0.818426344248761,cold,2.8383832141898138
35,historic_core,0.3172890267736245,HH,-0.7063811341254838,cold,2.5649404790194623
36,historic_core,0.28476356593138263,ns,-0.5741342302225613,ns,2.632550111605823
37,historic_core,0.29738913526400956,HH,-0.6385186251028369,cold,2.6587383592512275
38,historic_core,0.4690520078659923,HH,-0.9106576384730377,cold,2.7929690806057215
39,historic_core,0.2516121069674392,HH,-0.7734464792052677,cold,2.486808965755248
40,historic_core,0.275237620825749,HH,-0.7049672926645119,cold,2.659861992236516
41,historic_core,0.2058435865999723,HH,-0.6385186251028369,cold,2.641722434181878
42,historic_core,0.5982431699821358,HH,-1.3159173131448656,cold,3.395677527482072
43,historic_core,0.5223369162868657,HH,-0.908514325443404,cold,2.809726503027968
44,historic_core,0.2528327444581996,HH,-0.9861944342145951,cold,2.2202883947372816
45,historic_core,0.2525126304328587,HH,-0.8952927809768438,cold,2.018443987267201
46,historic_core,0.39278085888775016,HH,-0.9490326739784657,cold,2.140489493780275
47,historic_core,0.5460587548591823,HH,-1.0773591569608718,cold,2.8868443376164588
48,historic_core,0.2569605877338827,HH,-0.9928139664495931,cold,1.8119055319428028
49,historic_core,0.70793671834976,HH,-1.21602114463617,cold,2.910314612407949
50,historic_core,0.4565501774322797,HH,-1.3779767196174784,cold,2.2282146309393176
51,historic_core,0.4327516121228484,HH,-1.1105293356193855,cold,2.5541913640177345
52,historic_core,0.22551759984955702,ns,-0.458507426386969,ns,2.2647960207422577
53,historic_core,0.6883032406752729,HH,-1.3111954011842868,cold,2.8821502788329405
54,historic_core,0.7858812816923555,HH,-1.5193991603890025,cold,2.6127162049211865
55,historic_core,0.5956302313421438,HH,-1.3322352104332695,cold,2.5332896358188677
56,historic_core,0.05157341855534099,HH,-1.0390612584850014,cold,1.5006391199431746
57,historic_core,-0.042737074121561205,LH,-0.6740109224892924,cold,1.612014695940361
58,historic_core,0.05199321107371777,HH,-0.5981034419479373,cold,2.087047454800308
59,historic_core,0.16483922117901217,ns,-0.4636615476043001,ns,2.2986369798518944
60,historic_core,-0.03674291617195874,LH,-0.5153527085321307,cold,1.7517198765711648
61,historic_core,0.37286851393172565,ns,-0.5540786123718185,ns,2.67778823799235
62,historic_core,0.6629695991246336,HH,-1.563507036646494,cold,2.830515665001841
63,historic_core,0.7535678673139434,HH,-1.7580275527450475,cold,2.6127162049211865
64,historic_core,0.676154580856817,HH,-1.5792899367793372,cold,2.6127162049211865
65,historic_core,0.33618111132273887,HH,-1.0954925399006066,cold,1.802525520168308
66,historic_core,0.36093391196852054,HH,-0.788274753423545,cold,2.290363837270421
67,historic_core,0.29811748902921337,HH,-0.7538403690738961,cold,2.2232196217025266
68,historic_core,0.2871025473861454,HH,-0.7057915999895126,cold,2.2754428995125413
69,historic_core,0.2772115551499124,ns,-0.48415082114693364,ns,2.4096056526967495
70,historic_core,0.27501103684326106,ns,-0.4721494561486127,ns,2.5490057310866514
71,historic_core,0.3188899204413551,ns,-0.5538413540725473,ns,2.4912756104090974
72,historic_core,1.0833288671690855,HH,-1.9212122512789018,cold,4.084083911307367
73,historic_core,0.9619530679844608,HH,-1.862805492227903,cold,3.9785179323732143
74,historic_core,0.7425091126202845,HH,-1.3529693130654314,cold,3.4178533975809233
75,historic_core,0.4705997863538879,HH,-1.040469853923727,cold,2.895056747440565
76,historic_core,0.7190245854456784,HH,-0.7078211037089561,cold,3.1367799401076657
77,historic_core,0.3764459615959182,HH,-0.6120679007663332,cold,2.260521966097226
78,historic_core,0.13984955291104276,ns,-0.4231837630625797,ns,2.096710946859759
79,historic_core,0.05348670638956572,ns,-0.4185272637243799,ns,1.9726002621808927
80,historic_core,0.22441273413473684,ns,-0.530754741513768,ns,2.258702575429937
81,historic_core,1.0169538856962492,HH,-1.9543376287799714,cold,4.123671156288025
82,historic_core,0.5996219551023139,HH,-1.9514203708639837,cold,3.1933709261258336
83,historic_core,0.8912611592864483,HH,-1.3907708520121784,cold,4.024703047676848
84,historic_core,0.08962759452312823,HH,-1.0070736559323599,cold,2.0068646241810004
85,historic_core,0.045396465586641364,ns,-0.2824334751735766,ns,1.7988701906536655
86,historic_core,0.1411185037096201,ns,-0.14016244603032688,ns,2.2873210089024
87,historic_core,0.008584621208721976,ns,-0.24933814149593633,ns,1.6337948907667654
88,historic_core,0.7325058196219222,HH,-1.7369051775023225,cold,3.30553483683045
89,historic_core,0.6931648475545409,HH,-1.394569504199149,cold,3.061413427495101
90,historic_core,0.09089718426191977,HH,-0.8016685415531003,cold,1.883192297919136
91,historic_core,0.08457201992110659,ns,-0.06267178445797705,ns,2.0293504636075115
92,historic_core,-0.00623001414500467,ns,-0.21061669944859415,ns,1.9385450992650899
93,historic_core,0.23816675354885417,ns,-0.4205225865698696,ns,2.1790008507493313
94,historic_core,0.7729446983449488,HH,-1.7603523173607747,cold,3.4242964872821275
95,historic_core,0.8249654987488221,HH,-1.6261526352171467,cold,3.2395560875150835
96,historic_core,0.5915517180052055,HH,-1.1874254738203838,cold,3.153783688826112
97,historic_core,0.02809284961075691,ns,-0.4338096939594717,ns,1.928163976772158
98,historic_core,0.5491727305273344,ns,-0.5171474317634797,ns,3.3391528221588493
99,historic_core,0.25959494789316584,HH,-0.5855870139905324,cold,2.046596263329218
100,historic_core,0.9537471788838812,HH,-1.7568929586027189,cold,3.932332817069581
101,historic_core,0.9440712020882784,HH,-1.5679421229716184,cold,4.044496666326709
102,historic_core,0.5813626675697952,HH,-1.2876855331396655,cold,3.0974296425802517
103,historic_core,0.588358700659203,HH,-1.3972709771902694,cold,3.1648872655678115
104,historic_core,0.5476833139185415,HH,-1.2368925629441554,cold,3.1648872917448183
105,historic_core,0.7376513541012625,HH,-1.7601667844882187,cold,2.9387843640962723
106,historic_core,1.012868233612044,HH,-1.7220466968720634,cold,4.097279661554487
107,historic_core,0.6604418842941489,HH,-1.9289629267269142,cold,3.119915534360776
108,historic_core,0.522455300596695,HH,-1.7030096268013026,cold,2.682809869274358
109,historic_core,0.7681619446281557,HH,-1.6911630887548967,cold,2.9929328136015285
110,grid_residential,0.07935301141899802,HH,-0.7641105216722387,cold,1.6466083316379614
111,grid_residential,0.22844557202144639,HH,-0.7071039481372556,cold,1.8995512139363278
112,grid_residential,0.3186522589423767,HH,-0.8704131795507768,cold,2.1747624299449635
113,grid_residential,0.8067876413136512,HH,-0.9476279339843986,cold,2.235312651944605
114,grid_residential,-0.06163773242288047,LH,-0.7142095834592705,cold,1.5970117786195912
115,grid_residential,0.05463215188917414,HH,-0.7142095834592705,cold,1.9830200759438206
116,grid_residential,0.10628908640163988,HH,-0.6974577975460079,cold,2.1673730621402054
117,grid_residential,-0.33278877161835424,ns,-0.41431582900579794,ns,1.1846913846555163
118,grid_residential,-0.005508283723824769,LL,0.5464308948392884,hot,2.008249295949368
119,grid_residential,-0.5302299085593444,ns,0.6561477328880384,ns,0.7805511525098466
120,grid_residential,-0.051486600878222696,LL,0.5505062748641762,hot,1.9325615419463982
121,grid_residential,-0.1592895586280098,LL,0.6008596580567558,hot,1.9376073859475076
122,grid_residential,-0.021194345274086934,ns,0.32589039572650746,ns,1.7680736882793209
123,grid_residential,-0.03557248144999041,LL,0.5449439784341834,hot,1.7975336556779098
124,grid_residential,-0.6428233322164658,ns,0.5077501045513065,ns,0.7002814417167821
125,grid_residential,-0.6627053915171055,LL,1.7387593730467863,hot,1.0793061928864998
126,grid_residential,0.00683486753005591,HL,0.6776413353136846,hot,1.8564692419313196
127,grid_residential,-0.6107883178160876,LL,0.7181936627270233,hot,0.663032446573981
128,grid_residential,-0.8487447538814482,LL,1.4763515198814425,hot,0.9456156804468061
129,grid_residential,-0.0007119477068145308,ns,0.11487983371834906,ns,1.4102430635570558
130,grid_residential,-0.02189493585581883,ns,0.4502547970857383,ns,1.6796626399939165
131,grid_residential,-0.6649506294646695,LL,1.0023143766893041,hot,0.6779320261293169
132,grid_residential,-0.51639502557491,LL,1.0638629795225036,hot,0.8368611522463346
133,grid_residential,-0.4906073300390098,LL,1.642778434576913,hot,2.008363399931401
134,grid_residential,-0.1253873587970921,LL,0.8274838526404013,hot,1.393404291022619
135,grid_residential,-0.8286364012752945,LL,1.2086854963116072,hot,0.6506160840234064
136,grid_residential,-0.21770208494345336,LL,0.7598330510678888,hot,1.368146249838083
137,grid_residential,-0.11381187625006209,ns,0.5372359249095529,ns,1.363936576307327
138,grid_residential,-0.29539973190711594,LL,0.8906516487484235,hot,1.1239847929971714
139,grid_residential,-0.8430661151808805,LL,1.045561935866577,hot,0.5016200109432795
140,grid_residential,-0.263916928351384,ns,0.5341484600008092,ns,1.371812021607388
141,grid_residential,-0.2882821854902876,LL,0.8146043621916925,hot,1.970130584084557
142,grid_residential,-0.628553121396539,LL,0.9343646247895303,hot,0.8070619468812014
143,grid_residential,0.01864551504872063,HL,1.2564344552681386,hot,1.0509719672821667
144,grid_residential,-0.3313200431292775,LL,1.2564344552681386,hot,0.8767567897832534
145,grid_residential,0.0025378081233243836,HL,0.6827069975946373,hot,1.8233767400115912
146,grid_residential,-0.5219750664573969,LL,1.2564344552681386,hot,0.6779242397032335
147,grid_residential,-0.3735134522345421,LL,1.5819771101988485,hot,1.679817476283449
148,grid_residential,-0.40425436710625007,ns,0.5178795522469033,ns,1.3326127327473554
149,grid_residential,-0.17268281283685755,LL,0.6093836182454211,hot,1.8611278174934556
150,grid_residential,-0.43830196813482275,ns,0.489453128056544,ns,1.284555115411603
151,grid_residential,0.4538306634583413,HH,-1.0867181301352205,cold,1.9773213614464122
152,grid_residential,-0.1449996702585936,LL,0.6617421298799429,hot,1.6497218257851254
153,grid_residential,-0.38244257526706554,LL,0.6724875449705905,hot,1.2155674885882288
154,grid_residential,-0.41904446641412185,ns,0.4243301839407135,ns,1.1298866793792208
155,grid_residential,0.22752584623610614,HH,-0.7394648069233019,cold,1.7012425487289358
156,grid_residential,-0.6007498049472978,ns,0.47684826314493584,ns,0.5214862095259832
157,grid_residential,0.36284143982463146,HH,-0.6459286385683816,cold,0.9493861044137576
158,grid_residential,-0.5984963071082747,LL,1.86947499954019,hot,0.5643056295798353
159,grid_residential,-0.5779614475658267,LL,1.86947499954019,hot,0.8464585149134591
160,grid_residential,-0.3363855874729514,ns,0.5855062207690209,ns,1.3763678424647061
161,grid_residential,-0.39088626549213484,ns,0.41202411785137805,ns,1.5685337418592635
162,grid_residential,-0.610904675606926,LL,1.86947499954019,hot,0.5415819498813794
163,grid_residential,-0.8022630267143699,LL,1.86947499954019,hot,0.38440958506408773
164,grid_residential,-0.5341020144825286,LL,0.6709263616033434,hot,0.9739776724617691
165,grid_residential,-0.48993153707476844,LL,1.3923335170695836,hot,0.9237755050825114
166,grid_residential,-0.1537213108202403,LL,0.6164048781798258,hot,1.3525346179374647
167,grid_residential,-0.40680477736980675,LL,1.0054303141135477,hot,1.0404890632838213
168,grid_residential,-0.4491910014862355,ns,0.5909944353474293,ns,0.9592867184385637
169,grid_residential,-0.2919786723832184,LL,0.7486822224110865,hot,1.21830916014107
170,grid_residential,-0.3323553608122678,ns,0.46907068443343874,ns,1.31678480889211
171,grid_residential,-0.3427562455251995,ns,0.5744290959316406,ns,1.3465763811694231
172,grid_residential,-0.8276976601368207,LL,1.9702138888560987,hot,0.5264527360444285
173,grid_residential,-0.5845960219934592,LL,1.6158800824642758,hot,0.8741101473891357
174,grid_residential,-0.4310582758989113,LL,0.7064921489836219,hot,0.9078366892952863
175,grid_residential,-0.29823180086813766,ns,0.20912300285089636,ns,1.3793469885942342
176,grid_residential,-0.7972235476981915,LL,1.8891702606424396,hot,0.8070619468812014
177,grid_residential,-0.7717516708526995,LL,1.8633369521887804,hot,0.6332331024454642
178,grid_residential,-1.0161632388626285,LL,2.42351103013932,hot,0.6034340358437147
179,grid_residential,-0.18405511682815354,LL,0.8399174393428385,hot,1.8117436484635934
180,grid_residential,-0.8452035975049043,LL,1.9477703697529651,hot,0.6282666684359413
181,grid_residential,-0.2898650294233844,ns,0.5894508048562096,ns,1.7331430433185233
182,grid_residential,-0.3139959540086411,LL,0.6678461089168257,hot,1.4694635712632023
183,grid_residential,-0.3551234150445276,LL,0.6728842447673417,hot,0.8749969950106283
184,grid_residential,-0.238168595734771,LL,0.6297262857569744,hot,1.3516214417363333
185,grid_residential,-0.37591665449541795,ns,0.5576746334218811,ns,1.179008930771041
186,grid_residential,-0.05126547685221611,ns,0.07979328288257964,ns,1.3694059038797863
187,grid_residential,-0.536595414154988,LL,1.1628867369639166,hot,1.3586041398479278
188,grid_residential,0.3532818501112605,ns,0.023258884885476384,ns,1.1335341746254453
189,grid_residential,0.5473390821102608,ns,-0.30009013664262113,ns,1.4077103833717555
190,grid_residential,-0.1767040634491284,LL,0.7469218529364225,hot,1.0493116699541432
191,grid_residential,0.08672815927759077,ns,0.19769199635652313,ns,1.1182036243984912
192,grid_residential,0.18201743853744984,HH,-0.8120620998741618,cold,1.4108806500667426
193,grid_residential,-0.4811150922719314,LL,0.9510813921265656,hot,1.5959507040627745
194,grid_residential,0.4441006552094103,ns,-0.5068562310486128,ns,1.5836741050704102
195,grid_residential,0.09014889531198743,HH,-0.6068061586691604,cold,1.5405716265953566
196,grid_residential,-0.36824730922994175,LL,0.8945400073897388,hot,1.7023473871778336
197,grid_residential,-0.01932466973072664,ns,0.033434161012006976,ns,1.9928922548388024
198,grid_residential,0.14364534348224378,ns,-0.3064683575004107,ns,2.107448146159901
199,grid_residential,0.05727343798765414,ns,-0.3132017842279655,ns,1.4973413010858188
200,grid_residential,-0.4066748212508292,ns,0.5645341581311417,ns,1.1184056049270055
201,grid_residential,-0.3298658154639584,LL,0.8659118702145717,hot,0.9851785693467674
202,grid_residential,-0.6636249488752279,LL,1.1152590571435188,hot,0.9084642094029628
203,grid_residential,-0.3438118751085527,ns,0.21320527819819388,ns,1.8824033593558196
204,grid_residential,0.3356928420003845,ns,-0.03459369492293935,ns,1.5877663555497414
205,grid_residential,-0.25204048164070403,LL,0.6029032164402076,hot,1.0798398944122811
206,grid_residential,-0.22598893871574505,LL,0.7097284954433803,hot,1.5040627100742487
207,grid_residential,-0.37737519642452916,LL,0.7515482690154589,hot,1.111393669434119
208,grid_residential,-0.16147871770212585,ns,0.4227925802166308,ns,1.0549531209411727
209,grid_residential,-0.06307619786773752,ns,0.14165059406507338,ns,2.0914422380442965
210,grid_residential,-0.33237542488636773,ns,0.5546228660639724,ns,1.339163264697857
211,grid_residential,-0.3068677629223893,ns,0.3995453481983001,ns,1.041457908368421
212,grid_residential,-0.3287038261682538,LL,0.7086817739118942,hot,1.209560896942227
213,grid_residential,-0.3949202978610943,LL,0.7718999218585801,hot,0.9851785693467674
214,grid_residential,-0.8289945988561662,LL,1.051568241436713,hot,0.9412017559007245
215,grid_residential,-0.3553301293731575,LL,0.7356181366014504,hot,1.632780348594238
216,grid_residential,-0.2267009218555521,LL,0.7379322924268182,hot,1.2446207050143572
217,grid_residential,-0.3742002809732223,LL,0.7138213722057417,hot,1.160477348492022
218,grid_residential,-0.03515739372688931,ns,0.3003560866662372,ns,1.9771431750353035
219,grid_residential,-0.34675669934598996,LL,0.7662717831634588,hot,1.279223259505451
220,grid_residential,0.07566502321136963,HL,0.7365665464245774,hot,1.3551690734355355
221,grid_residential,-0.7018507309838291,LL,0.9326726127493721,hot,0.9329797026348413
222,grid_residential,0.3334713874086421,HL,0.7896821596034048,hot,1.4389911108688478
223,grid_residential,0.09999104893003836,ns,0.390755142479253,ns,1.579031758097422
224,grid_residential,-0.1755939403317533,LL,0.8023760894113886,hot,1.4635678090360462
225,grid_residential,0.08908275601118779,HL,1.1371203000122485,hot,1.1703638191569088
226,grid_residential,0.045411891003962215,HL,1.1518084341589165,hot,1.3626963141044441
227,grid_residential,-0.04343256624458025,LL,1.2536544385596964,hot,1.289037101264332
228,grid_residential,-0.2952972793808857,LL,0.6723509976132535,hot,1.5899229887319541
229,grid_residential,-0.4401858310257638,ns,0.5845454187135399,ns,0.862469502309708
230,grid_residential,-0.24970942687528236,ns,0.5473206318050986,ns,1.0728279589193948
231,grid_residential,-0.9101477439188403,ns,0.44504446029424954,ns,0.6809199276557771
232,grid_residential,-0.1610687674938686,ns,0.18681821332745746,ns,1.2126259627958893
233,grid_residential,-0.8711906623806996,LL,1.2881640242450447,hot,0.37210467496427
234,grid_residential,-0.9303641096157772,LL,1.5754026422936296,hot,0.34749076110991567
235,grid_residential,-0.7836155510302697,LL,1.8561998948561456,hot,0.30405438226013587
236,grid_residential,-0.4054502080046486,LL,0.7865213663335311,hot,0.9330171024964324
237,grid_residential,0.12942450413546047,ns,0.14374670146165378,ns,1.2235621607144382
238,grid_residential,-0.05464695065797178,LL,0.7779315922493937,hot,2.086106935339095
239,grid_residential,0.08265774599033032,ns,0.3369083129476765,ns,1.111393669434119
240,grid_residential,-0.32533484353966313,ns,0.02753172212383288,ns,0.8309157272878701
241,grid_residential,-0.1735840146048896,ns,0.21724824416681934,ns,1.2348250789278474
242,grid_residential,-0.5492977646361279,LL,2.062517955165336,hot,0.6052130670596396
243,grid_residential,-0.24915931801941155,ns,0.481409738991988,ns,0.4691125355890358
244,grid_residential,0.43433526395358035,ns,-0.21732440022743987,ns,1.4965506552379595
245,grid_residential,0.6746023280134856,ns,-0.3088933494800282,ns,2.13337268113626
246,grid_residential,0.13213364998986804,ns,-0.26878263305242633,ns,1.5902305456603656
247,grid_residential,0.9131246239582751,ns,-0.2183081212511291,ns,1.203871644659711
248,grid_residential,0.23810268175003654,ns,-0.17733980791423096,ns,1.7526132782140909
249,grid_residential,0.0033855364854983748,ns,-0.12273488715250581,ns,1.3635725759749033
250,grid_residential,-0.36679795738592313,ns,0.37786632092548256,ns,1.3222546898858956
251,grid_residential,-0.47703348433350995,LL,1.3179085897768268,hot,0.6095566941570847
252,grid_residential,0.10191979002625509,ns,-0.19431662132489455,ns,2.008038101515356
253,grid_residential,0.24241750999486453,ns,-0.1968083172833173,ns,2.0673504530192077
254,grid_residential,0.06291203603577311,ns,-0.14296121066584952,ns,1.558907006993144
255,grid_residential,-0.14414501312498307,ns,-0.2675752593781539,ns,1.141599595562497
256,grid_residential,0.22577756180637878,HH,-0.6889780331031364,cold,2.266247488740155
257,grid_residential,0.16447092344840036,HH,-0.6006456692778966,cold,1.9367930178284989
258,grid_residential,0.3038915486668893,ns,-0.29467352975830025,ns,2.9883047550687585
259,grid_residential,0.08940669877539124,HH,-0.8120335186087129,cold,1.8119996829924079
260,grid_residential,-0.012813906447374679,LH,-0.9913335687130703,cold,1.7520987855736527
261,grid_residential,0.041182103162464755,ns,-0.4728504156104835,ns,1.5424460165212075
262,grid_residential,-0.13057194156641594,ns,0.5267857459029444,ns,1.6976133891908787
263,grid_residential,-0.7408489979238008,LL,1.3238090159017735,hot,0.5009658549079642
264,grid_residential,0.2170234091120656,ns,-0.41339858323356693,ns,2.2362970400307773
265,grid_residential,-0.04231224939408107,ns,-0.31785422509530376,ns,1.692197981133197
266,grid_residential,0.2512039024512073,ns,-0.37765742908371586,ns,1.9212266584932987
267,grid_residential,0.24569057212380727,ns,-0.2801659722116297,ns,1.427453453824724
268,grid_residential,-0.32820260648006727,LL,0.7935619962989027,hot,1.2877333256697927
269,grid_residential,-0.5645204329199032,LL,0.8785881967029525,hot,0.9424013102749457
270,grid_residential,-0.5220786200747077,ns,0.6403363978841198,ns,0.8939903042377888
271,grid_residential,0.1977994512715278,ns,-0.3583176031829513,ns,2.706774946248876
272,grid_residential,0.13171527685885073,ns,-0.2250133605006062,ns,1.8000277353775773
273,grid_residential,0.1395003270707071,ns,-0.11387951677761245,ns,1.6518958575883023
274,grid_residential,0.2669557693540214,ns,-0.24787561297717184,ns,2.143460542026627
275,grid_residential,-0.32710785132359776,ns,0.5551371800069509,ns,1.2156834078741436
276,grid_residential,-0.09877218805488319,ns,0.40706593281857595,ns,1.420056818317078
277,grid_residential,-0.93147586371567,LL,1.758992882814064,hot,0.5139967631691317
278,grid_residential,-0.6766706373550919,LL,1.6754629308783413,hot,0.6587845488346256
279,grid_residential,0.04079193844808271,ns,-0.23562950141627498,ns,2.284823260617868
280,grid_residential,0.26150022555503416,HH,-0.6016142329255235,cold,3.012836163405964
281,grid_residential,0.1954897334100206,HH,-0.782042757291538,cold,2.293352913004372
282,grid_residential,-0.17750680863794432,ns,0.5481968258391455,ns,1.5968723348524194
283,grid_residential,-0.29920439736586313,ns,0.1793374401368532,ns,0.8863374071373634
284,grid_residential,-1.0454403422486815,LL,1.9446031238731691,hot,0.5168925145674285
285,grid_residential,-0.3290445634757575,ns,0.557497557658171,ns,1.2937596045899498
286,grid_residential,-0.2416499874617984,ns,0.4398003412556424,ns,1.5710730432323468
287,grid_residential,-0.17649876276380003,ns,0.2989691019906918,ns,1.899902328362465
288,grid_residential,-0.37843494114139203,LL,1.094335156685938,hot,1.438214975896139
289,grid_residential,0.8093117460752064,HH,-1.179724561461203,cold,2.485116686208219
290,grid_residential,0.935954445052983,HH,-1.3352906484791711,cold,2.9656226594624124
291,grid_residential,0.3415418852467285,HH,-1.0477048559855624,cold,1.5916760538852208
292,grid_residential,0.5584957462004765,HH,-1.0222294998744523,cold,1.8094050826563384
293,grid_residential,-0.21625674781591994,ns,-0.14122302437093692,ns,1.8948603833864028
294,grid_residential,-0.3282234900526898,ns,0.05374301168773623,ns,1.5366816834811308
295,grid_residential,-0.4770463131305046,ns,0.012157384319377438,ns,1.0577132576477886
296,grid_residential,-0.10393745948476556,ns,0.3163053358877832,ns,2.109987664802203
297,grid_residential,-0.13767629377668916,LL,0.6653368462130131,hot,2.0734510586614427
298,grid_residential,0.6861577491637176,HH,-1.3364554598128005,cold,2.5977352168773806
299,grid_residential,0.7136629546446898,HH,-1.3324528395115263,cold,2.199816343251712
300,grid_residential,0.14468785360714578,ns,-0.36763034293111235,ns,1.4001188057382004
301,grid_residential,0.2057114063695364,ns,-0.32205952362671586,ns,1.8897705214658405
302,grid_residential,0.1599021866427071,ns,-0.2729408179510229,ns,1.715712730998253
303,grid_residential,-0.19699553613143067,ns,0.2772896236835012,ns,1.5233336782990843
304,grid_residential,-0.2207627931406772,ns,0.09597638653631148,ns,1.4129471629856973
305,grid_residential,-0.400782014057676,ns,0.5644072225064837,ns,1.6472081692584404
306,grid_residential,0.15701193502174857,ns,0.26856972734387313,ns,2.2609689978724212
307,grid_residential,0.10790195982052438,ns,0.1805658157353611,ns,1.8354912171352387
308,grid_residential,0.334599541860945,ns,-0.14956192042681857,ns,2.178209148315866
309,grid_residential,0.13097067932735154,HH,-1.008674779550261,cold,2.0712748955209848
310,grid_residential,-0.11281731076938292,ns,0.3597933194231459,ns,1.6925929606574364
311,grid_residential,-0.7877376490824923,LL,0.8078674949308047,hot,0.0
312,grid_residential,0.083158754187658,ns,-0.22335220513104834,ns,1.7241231378345505
313,grid_residential,0.18872029841036914,ns,-0.10397911146609558,ns,2.116195657900434
314,grid_residential,0.0921180750549117,ns,-0.27340601504812845,ns,1.9352697195613895
315,grid_residential,0.013995695118483841,ns,-0.278716548942312,ns,1.4272035953149076
316,grid_residential,-0.033377602825263496,ns,0.1174179343391166,ns,1.575004718466375
317,grid_residential,-0.838063135882064,LL,1.2706923757702506,hot,0.0
318,grid_residential,-0.660709245819893,LL,1.3913190542683471,hot,0.0
319,grid_residential,-0.5033914989861955,LL,0.939624633519504,hot,0.0
320,grid_residential,-0.13020547726808038,ns,0.5428952542128689,ns,0.0
321,grid_residential,-0.15199694532357091,ns,-0.21052694766393085,ns,0.0
322,grid_residential,0.5133952494734982,HH,-0.7533449200157223,cold,1.6166934843543852
323,grid_residential,-0.011811045392959485,ns,-0.42504791274416653,ns,1.3017531809733005
324,grid_residential,-0.11352181714135164,ns,-0.2748081667461154,ns,0.9784144841024235
325,grid_residential,0.3059530404035706,ns,-0.5189429774206036,ns,1.234565876622427
326,grid_residential,0.4792773237341509,ns,-0.5587508797218749,ns,1.27235872554276
327,grid_residential,0.30786616592253263,ns,-0.5660223051702895,ns,1.9526297714599508
328,grid_residential,0.2686124686531403,HH,-0.8515718795660101,cold,1.9610282431660104
329,grid_residential,-0.1322653804955781,ns,-0.3415250115486766,ns,1.213569814681679
330,grid_residential,0.09321196732864455,HH,-0.5833450537310335,cold,1.074996087451303
331,grid_residential,-0.5881946961700832,LL,1.2954233351395912,hot,0.0
332,grid_residential,-0.6818198757815008,LL,0.9094634683728042,hot,0.0
333,grid_residential,-0.5195502353152283,ns,0.318410436120876,ns,0.0
334,grid_residential,-0.5745120476418748,LL,0.7406179272947356,hot,0.0
335,grid_residential,-0.46621939130800377,ns,0.5622625912628729,ns,0.0
336,grid_residential,-0.6042555899027396,LL,0.9559453882187823,hot,0.8721102573557243
337,grid_residential,-0.09339981212244522,ns,0.04601522513281171,ns,1.3580716873864909
338,grid_residential,-0.17575192884116478,ns,0.10705405024929233,ns,1.2281127127502012
339,grid_residential,0.007004451797039202,ns,0.2129730329130922,ns,1.4779815670775571
340,grid_residential,-0.31526640829498304,ns,0.27630144094294506,ns,0.962044968338253
341,grid_residential,-0.3115307787066109,ns,0.1185269947219639,ns,0.7875629962584082
342,grid_residential,-0.04691429249218374,ns,0.25227961451416253,ns,1.6930869282237022
343,grid_residential,0.010236184343221055,ns,0.4469627161911968,ns,1.4918593698360358
344,grid_residential,-0.045531467805839346,LH,-0.6858136454408228,cold,1.7083259285505799
345,grid_residential,-0.3498850569326679,ns,0.39681321035832307,ns,1.4846465842543182
346,grid_residential,-0.7193030497360888,LL,0.7985932523698089,hot,0.8326657098208953
347,grid_residential,-0.7448799619950202,LL,1.1025404926956275,hot,0.8153184725286379
348,grid_residential,-0.4159598538455699,LL,1.2794321253849663,hot,1.3530817946147957
349,grid_residential,0.035963145861997114,ns,-0.3817228249355612,ns,1.315423700611435
350,grid_residential,-0.5352255980263944,ns,0.36980673267390374,ns,1.1718142236253997
351,grid_residential,-0.09553008383845767,ns,0.0682596099432327,ns,1.7104024304950993
352,grid_residential,0.0448903271818971,ns,-0.02829026112030268,ns,1.6234630000223547
353,grid_residential,-0.5268525129293841,LL,1.2355198032591173,hot,0.9506266132160992
354,grid_residential,-0.42663035659761955,LL,1.0124424711153517,hot,1.43287885351507
355,grid_residential,-0.0021871278309986476,LH,-0.5268914778492355,cold,1.3627505515638496
356,grid_residential,-0.23654961665483842,ns,0.1900936847154121,ns,1.0624077294407874
357,grid_residential,-0.6343689294418594,LL,0.9265476696788121,hot,1.2421504223533408
358,grid_residential,0.28462587528272537,ns,-0.14994079186666323,ns,2.1105393769568996
359,grid_residential,0.019938405885513065,ns,-0.20247693313492496,ns,1.40152610938434
360,grid_residential,-0.4082897013794116,ns,0.10009490511487845,ns,1.3938103554850432
361,grid_residential,-0.6065742627209225,ns,0.13345784311866218,ns,0.8122437881566763
362,grid_residential,0.16612907681296174,HH,-0.5873866039449656,cold,1.4507803455132102
363,grid_residential,0.020317716812879062,ns,-0.05262535512493526,ns,1.61447461039123
364,grid_residential,-0.42445209468600814,LL,0.7565467612960598,hot,1.4507803455132102
365,grid_residential,0.22105568249155075,HH,-1.1368776129686946,cold,1.8120510787413788
366,grid_residential,0.1546815583017697,ns,-0.38136420234001445,ns,1.672080493758168
367,grid_residential,-0.43781000020000127,ns,-0.10891661933173913,ns,0.6389036625193741
368,grid_residential,-0.21059621459516084,ns,-0.11702922924370297,ns,1.214844964424759
369,grid_residential,0.1927110498787771,ns,-0.1560668135344238,ns,1.4578374468302189
370,grid_residential,-0.007722111097495088,ns,-0.24523025997518955,ns,1.0605298000899754
371,grid_residential,-0.17493893368640184,ns,-0.1562823235285199,ns,1.0006844012321512
372,grid_residential,-0.1917179543011156,ns,0.260486702288916,ns,1.5021353750088735
373,grid_residential,0.07210170974751873,ns,0.3301747604775575,ns,1.463619147725992
374,grid_residential,0.24258265976554746,HH,-1.261023147868941,cold,1.8460979092321363
375,grid_residential,-0.022128300408977973,ns,-0.2177239465432642,ns,0.8361855339939811
376,grid_residential,-0.3627335347843046,ns,0.2646733477528974,ns,1.4951165273189042
377,grid_residential,-0.2702565291280711,ns,0.29664128173875004,ns,1.6054765069982795
378,grid_residential,-0.056457163660952756,ns,0.13047971459547075,ns,1.0386309336896646
379,grid_residential,-0.14974150740394893,ns,0.13750937359877335,ns,1.3641187145564178
380,grid_residential,0.014202963622905162,ns,0.160361858647649,ns,1.4122640584451742
381,grid_residential,-0.09936369065327236,ns,0.21678241081435545,ns,1.2164729374980867
382,grid_residential,-0.42509739723075485,ns,0.5171511678493887,ns,1.0559883582269738
383,grid_residential,-0.3049393493711989,ns,0.25793480697462634,ns,1.5912372716242416
384,grid_residential,-0.20892005799756602,ns,0.3106934907489097,ns,1.304545498570265
385,grid_residential,-0.09479901708653778,ns,0.2738668717118828,ns,0.8040005552355408
386,grid_residential,-0.31460628055457185,ns,0.47709030276721126,ns,1.3702420395000863
387,grid_residential,-0.2564793646264639,ns,0.4455395385528124,ns,1.4453237839138506
388,grid_residential,-0.13767684017961374,ns,0.2531897612188798,ns,1.1074558757808002
389,grid_residential,-0.002772387418897582,ns,-0.04268957062481561,ns,0.8415413691713114
390,grid_residential,0.05193038290424158,ns,-0.31493556086504204,ns,1.5772206790766088
391,grid_residential,-0.049748848103797025,ns,-0.20128250381544746,ns,1.3578720884874986
392,grid_residential,-0.16601351645943413,ns,0.13042407136130943,ns,1.126697130207083
393,grid_residential,-0.08453305027720177,ns,0.2650795880430745,ns,1.3159733706676613
394,grid_residential,0.32220783855906937,ns,0.24539223611864808,ns,1.187585707250771
395,grid_residential,0.23104557911145118,HH,-0.6877486655354181,cold,1.5598753300560644
396,grid_residential,-0.29342854636369775,ns,0.48992097593563533,ns,1.4421953827525362
397,grid_residential,-0.017145038540455338,ns,0.1369189502404389,ns,1.2670046263633827
398,grid_residential,0.25497816238200255,ns,-0.12788851924622596,ns,1.3201875043768359
399,grid_residential,0.24862623415331578,ns,-0.2906520457239151,ns,1.110584335213226
400,grid_residential,0.1357927902554414,ns,-0.25054781062918896,ns,1.204676259793927
401,grid_residential,0.7554745643023931,ns,-0.5853542290368046,ns,1.0400280109130189
402,grid_residential,0.04660959151116718,ns,-0.471215380770649,ns,1.2688343205413333
403,grid_residential,-0.3857551776854578,ns,0.48278592408503934,ns,0.8978910142990977
404,grid_residential,-0.45550781121989514,ns,0.6049999665567667,ns,0.92215810165885
405,grid_residential,-0.4955055913231582,ns,0.651043614712006,ns,0.8458895039785935
406,grid_residential,-0.2069738735161195,ns,0.5738008692070292,ns,1.133630574513663
407,grid_residential,-0.15545752944506383,ns,0.42508245975265724,ns,0.7606967443251571
408,grid_residential,-0.08273519157001925,ns,0.45636917235430874,ns,1.4649131528291996
409,grid_residential,-0.015659971897904846,ns,0.32118605082227086,ns,1.6425728205901537
410,grid_residential,-0.02410964612372566,ns,0.26127644648651843,ns,0.9973877205196789
411,grid_residential,0.059171764447481845,ns,0.23078231326091414,ns,0.9163068465498674
412,grid_residential,0.08773730604714211,ns,-0.4573016342173817,ns,1.3509087183721524
413,grid_residential,0.5895951545225551,ns,-0.4741403982732934,ns,1.4278611415399656
414,grid_residential,-0.0966157199771646,LH,-0.5110960541860818,cold,1.3572702552552822
415,grid_residential,0.7444587638271583,ns,-0.28026030053700113,ns,1.4421723008356888
416,grid_residential,-0.1840378663379366,ns,-0.07972263566368042,ns,1.1405641479671296
417,grid_residential,-0.31409226516465705,LL,0.7340954955152029,hot,1.1266970656336397
418,grid_residential,-0.5314340771502013,LL,0.8731337844801214,hot,0.8042883215515674
419,grid_residential,-0.21284596814391174,LL,0.809070632711308,hot,1.3589700651285228
420,grid_residential,-0.4622208682245657,ns,0.6246663354283134,ns,0.7384199226179027
421,grid_residential,-0.48238529391624124,LL,0.7259612146926402,hot,0.9693267272701812
422,grid_residential,-0.20066067983392352,LL,0.6599156965008983,hot,1.453990031120117
423,grid_residential,-0.12119519265471468,ns,0.4829767155022873,ns,1.1362306777551077
424,grid_residential,-0.12869393066294618,ns,-0.44670595395018514,ns,1.2716692710930864
425,grid_residential,-0.06342316668510403,ns,-0.24446171454021326,ns,1.4493289388540405
426,grid_residential,-0.27618317322229446,ns,0.35058173138841925,ns,1.190631544200189
427,grid_residential,-0.23110346870467993,ns,0.2960187342831163,ns,1.1314116355946697
428,grid_residential,-0.23520217256650505,ns,0.2994610173554466,ns,1.3215386280912684
429,grid_residential,-0.32321415871768505,ns,0.47924442926425265,ns,1.439978445302307
430,grid_residential,-0.4590978255354444,LL,0.723309616756037,hot,1.2249166872232118
431,grid_residential,-0.8151944007479175,ns,0.7194111877818885,ns,0.5855424121151195
432,grid_residential,-0.39201795581717247,ns,0.5992376107304557,ns,0.9855885473795394
433,grid_residential,-0.2818817272872116,ns,-0.1737183267888428,ns,1.0124072796812544
434,grid_residential,0.44538287968943446,ns,-0.2550205628920108,ns,1.407504691862129
435,grid_residential,-0.17945933870289432,LL,0.7942225045183725,hot,1.2306998925543189
436,grid_residential,-0.1832132941384906,ns,0.21663145150319144,ns,1.2685524979647786
437,grid_residential,-0.34785697070600136,ns,0.5509334830189935,ns,1.1563463431215626
438,grid_residential,-0.31634400280774316,LL,0.6094501219388496,hot,1.0659580646213282
439,grid_residential,-0.41464116171158977,LL,0.6411869230939846,hot,1.3620575495933207
440,grid_residential,-0.49084674878906326,LL,0.9888231478521516,hot,0.8961927452883842
441,grid_residential,-0.3595301933844633,LL,1.0127632155095683,hot,0.9945281525655493
442,grid_residential,-0.5317135396743754,ns,0.3534580632473932,ns,0.9048243940322348
443,grid_residential,-0.0770674978219148,ns,0.04026333318838635,ns,1.1856320202607242
444,grid_residential,-0.40363233072077553,ns,0.5149556737544335,ns,0.9444014162263786
445,grid_residential,-0.29127868816659336,ns,0.3546760204211068,ns,1.2685524979647786
446,grid_residential,-0.26857963834550086,LL,0.8304073877286529,hot,1.0724448555924488
447,grid_residential,-0.3380717354223862,LL,0.9524132304805264,hot,1.0772112690838767
448,grid_residential,-0.3073506428851516,ns,0.18992082916308453,ns,1.2757677648479135
449,grid_residential,0.0256973185932066,ns,-0.3265318274371676,ns,1.9331334535044498
450,grid_residential,-0.4148156693347703,ns,0.19967069750627817,ns,0.8508963645978366
451,grid_residential,-0.6136777538932835,ns,0.11402423716360022,ns,0.7573911968580875
452,grid_residential,-0.29828875033647906,ns,0.023644991386356846,ns,1.1469958495698291
453,grid_residential,-0.48163585470230164,LL,1.0009150216198657,hot,0.7340289206211843
454,grid_residential,-0.8151934051077177,LL,1.1331379731763402,hot,0.5457552769744604
455,grid_residential,-0.5790003451313159,LL,1.0702153544974944,hot,0.8412734017413531
456,grid_residential,-0.6769440413770885,LL,0.85764031243256,hot,0.877021591708583
457,grid_residential,-0.24516819097807813,ns,0.1546249041060326,ns,1.4535305112680248
458,grid_residential,0.4645463073776327,ns,0.11417694366132013,ns,1.4633896561376774
459,grid_residential,0.44712865296962845,ns,0.2825069547023444,ns,1.2037560135460788
460,grid_residential,-0.11551907167615141,ns,0.38294718430031904,ns,1.1464342716985034
461,grid_residential,-0.01927700971088071,ns,-0.3554114457244808,ns,1.4319841488414506
462,grid_residential,-0.20161104617814693,LL,0.5898417424277058,hot,1.3994595818558582
463,grid_residential,-0.3928019962047528,LL,1.1454424094871614,hot,1.0891273472032066
464,grid_residential,-0.772707530886853,LL,1.3296817249032014,hot,0.5457552769744604
465,grid_residential,-0.7896373618773979,LL,0.9719639849079754,hot,0.7125800155189984
466,grid_residential,-0.2421583157920763,ns,-0.22006686011562335,ns,1.3444355106249923
467,grid_residential,-0.08456863848272081,ns,-0.060828127401861734,ns,1.9289939114370787
468,grid_residential,-0.39060363056447106,ns,0.5354648423800661,ns,1.3308891796986055
469,grid_residential,-0.41469686964534036,LL,0.938271458315681,hot,1.0176310116595073
470,grid_residential,-0.32868692185374393,LL,1.0981001412885092,hot,1.1153426657968204
471,grid_residential,-0.5276914352556973,LL,1.2326810806188244,hot,0.9532842963529499
472,grid_residential,-0.6495577058714936,LL,1.2589086402694816,hot,1.0176310116595073
473,grid_residential,-0.6268350235981627,LL,1.472466566133737,hot,0.9628171677265659
474,grid_residential,-0.5314523536002089,LL,1.4218497661867247,hot,1.1129594590511065
475,grid_residential,-0.5271840111890862,LL,1.2991574916194557,hot,1.0509959504902628
476,grid_residential,-0.6561493271431154,LL,0.903197348731828,hot,0.643466886721013
477,grid_residential,-0.06429336824530799,ns,0.07665104127233231,ns,1.2866793092043385
478,grid_residential,0.00372193086482957,ns,-0.18365293757402834,ns,2.062218542472643
479,grid_residential,-0.021979808031428315,ns,-0.1718866132445689,ns,2.2935894828554235
480,grid_residential,-0.3076781706117641,ns,0.2958713629316662,ns,1.3090713033556238
481,grid_residential,-0.5956308570600348,LL,1.110894751183341,hot,0.9580507542351381
482,grid_residential,-0.6797491131403479,LL,1.451769773234799,hot,0.8508062731149691
483,grid_residential,-0.7433604826029855,LL,1.5515991467629917,hot,0.8889376254371527
484,grid_residential,-0.6835775945255109,LL,1.5787851777601973,hot,0.8603390557070647
485,grid_residential,-0.673808327692542,LL,1.2151705785669724,hot,0.7554778257233701
486,grid_residential,-0.6981686599978975,LL,1.2368332379971665,hot,0.643466886721013
487,grid_residential,-0.0769815247238865,LL,0.9998424126151417,hot,1.6496363397836262
488,grid_residential,-0.00531113626543922,ns,-0.20293726829229403,ns,2.1879635515571407
489,grid_residential,-0.7782872490579853,LL,1.1182198653357704,hot,0.8290784882548549
490,grid_residential,-0.7639211299502916,LL,1.3095725575024275,hot,0.8317405747584973
491,grid_residential,-0.9392001928572128,LL,1.2756685348852383,hot,0.5314560365001766
492,grid_residential,-0.7208104218741787,LL,1.273615562333285,hot,0.7387953341126122
493,grid_residential,-0.2726159324065354,LL,0.7153381925529172,hot,1.6827763676327492
494,grid_residential,-0.14470020958355495,ns,0.46516866636811804,ns,1.6864585853285667
495,grid_residential,-0.1555945125308166,ns,0.0766221895555002,ns,1.5233564829538337
496,grid_residential,-0.028724854640359697,ns,0.0813023099490438,ns,1.795639145698472
497,grid_residential,0.03568434701759808,ns,0.1550753028963879,ns,2.3539470909634765
498,grid_residential,-0.5320747475507757,LL,0.8807925858661535,hot,1.0319302965245514
499,grid_residential,0.17386326458311996,HL,1.0853871892439233,hot,0.7101968531640448
500,grid_residential,-0.2297475851809169,ns,0.2852568527522454,ns,1.5131781718718076
501,grid_residential,-0.3558701863465411,ns,0.34428983987571116,ns,1.2519344117321418
502,grid_residential,-0.06508322891249248,ns,0.2820946626443085,ns,1.976711876335279
503,grid_residential,0.004018208406692025,ns,0.24415672531427382,ns,1.976711970022631
504,grid_residential,-0.13518991486263923,ns,0.29882486514513923,ns,1.292403504156829
505,grid_residential,-0.19783613946353779,LL,0.6709184008313814,hot,0.9309686224179266
506,grid_residential,0.024651067507559327,ns,-0.45054828315702367,ns,1.760379419326329
507,grid_residential,-0.08396089110489666,ns,-0.4146979572763052,ns,1.7670374116920176
508,grid_residential,-0.2920912961876405,ns,0.25773006778354673,ns,1.336753797139787
509,grid_residential,-0.3287056876226735,ns,0.2971495092794882,ns,1.1806861077671984
510,grid_residential,-0.7577807308443975,LL,1.0596934164464606,hot,0.636317222093111
511,grid_residential,0.33107861588853427,HH,-0.9407618475240905,cold,1.8633020723643912
512,grid_residential,-0.5637297550707808,ns,0.2561726929677772,ns,0.819055863979553
513,grid_residential,-0.2878791878373024,ns,0.09318196076231225,ns,1.1864716782061977
514,grid_residential,-0.5532567127254566,LL,1.4263516813821968,hot,1.039079916761693
515,grid_residential,0.7041927022767656,HH,-1.4880705871162485,cold,2.048597796124071
516,grid_residential,0.015682480932731613,HH,-1.43370777013222,cold,1.923525522138878
517,grid_residential,-0.23025774234872678,ns,-0.10805924140800396,ns,1.3294672451964247
518,grid_residential,-0.3047246787595716,ns,0.39653067202665115,ns,1.2892547890555501
519,grid_residential,-0.21933229680320646,ns,0.3119408178228874,ns,1.202040501357069
520,grid_residential,-0.2824449643040201,LL,1.5185649664016756,hot,1.3714857679369556
521,grid_residential,0.8351049236693695,HH,-1.43370777013222,cold,2.0054694548703837
522,grid_residential,-0.010839456478330244,LH,-1.4520321827139926,cold,1.2162201793149794
523,grid_residential,-0.07497423474505124,ns,-0.2786474223543252,ns,1.4858038297606229
524,grid_residential,-0.20857290747918147,ns,0.1879587238092981,ns,1.342341731430686
525,grid_residential,-0.09883497654110623,ns,0.0007290459607290578,ns,1.4411592862527052
526,grid_residential,-0.18543187964111857,LL,1.3750875765127533,hot,1.3574552463899652
527,grid_residential,0.8732973762217233,HH,-1.43370777013222,cold,1.7812018875523532
528,grid_residential,0.513391101544389,HH,-1.0955404695434119,cold,1.505180278596755
529,grid_residential,0.1521032713594401,HH,-0.5964465370000253,cold,1.6544837895434914
530,grid_residential,0.06131772180099622,ns,-0.48902917014891734,ns,1.6263736015642463
531,grid_residential,-0.06424824713070156,ns,-0.061430848548458546,ns,1.5292635917648256
532,grid_residential,0.4009888920461573,HH,-0.9041694071103427,cold,1.7165891527898454
533,grid_residential,0.5704465068110534,HH,-1.092195007690481,cold,1.62528123867126
534,grid_residential,0.7237383728977074,HH,-1.0759407425992762,cold,1.6800659735364691
535,grid_residential,0.45249004102718066,HH,-0.9568726076170441,cold,1.2746587586566736
536,grid_residential,0.40627580397672497,HH,-0.7595583203067675,cold,1.263701825289574
537,grid_residential,0.3858994525693632,HH,-0.6843506430740919,cold,1.712936841667479
538,grid_residential,-0.08689774737401514,ns,0.015243179693214886,ns,1.0288349931066647
539,grid_residential,-0.018408954021432184,ns,-0.10831960567472475,ns,1.5362306771348488
540,grid_residential,0.15110265001855774,HH,-0.9049498934910807,cold,1.5011023883919534
541,grid_residential,0.3657431350064517,HH,-1.0034099610011753,cold,1.7092845305451125
542,grid_residential,0.056596286591594255,HH,-1.0216313719478813,cold,1.0737813748076706
543,grid_residential,0.4738276985779719,HH,-1.133425035543721,cold,1.3404004949186934
544,grid_residential,0.3483821661130488,HH,-1.1472479008485807,cold,1.285615692023773
545,grid_residential,0.239952237850118,HH,-0.8217664632310149,cold,1.349408922294014
546,grid_residential,-0.07483746952978376,ns,0.05393921405740996,ns,1.463022199192999
547,grid_residential,-0.11850264927405907,ns,-0.015386857835719468,ns,1.4032428394736498
548,grid_residential,-0.14203167695550106,ns,-0.02170319642166503,ns,1.0760291781976408
549,grid_residential,-0.15824460413644942,ns,0.05808924299584176,ns,0.968417534366678
550,grid_residential,0.06381472966750204,HH,-0.5436997187627967,cold,1.5741487468987063
551,grid_residential,-0.032958155718254466,ns,0.05823047883640034,ns,1.4252667925161053
552,grid_residential,0.250864819231914,ns,0.0217925725074638,ns,1.4504370831687388
553,grid_residential,0.15310403464923472,ns,0.12069657554470924,ns,1.4297200032805628
554,grid_residential,-0.3409837035184673,LL,1.3582733162244816,hot,1.2312690389377314
555,grid_residential,0.27165005528981484,HH,-0.8439543758757034,cold,1.4134467853957347
556,grid_residential,0.15510152606995903,ns,-0.5461914426690001,ns,1.6800659735364691
557,grid_residential,-0.09151052967587354,ns,-0.40215087349146533,ns,1.219873955761753
558,grid_residential,0.04161031106512382,ns,-0.5098491487625455,ns,1.687370595781202
559,grid_residential,-0.17864365122342238,ns,0.016159286763493225,ns,1.3557689629735823
560,grid_residential,-0.36694309784811324,LL,0.6254097489499326,hot,1.3773518194460996
561,grid_residential,-0.3478717931894054,ns,0.4686347533630049,ns,0.939103477920995
562,grid_residential,-0.20192626276350759,ns,0.3305168956201946,ns,1.2034437319871374
563,grid_residential,0.399863380763121,HH,-0.8872052041538944,cold,1.324041012365983
564,grid_residential,-0.6356795185711595,ns,0.5711647157381478,ns,1.8990760170371863
565,grid_residential,-0.22635807341745778,ns,0.42182728494583605,ns,1.544303531578063
566,grid_residential,0.020897229608520362,ns,-0.5103806075082785,ns,1.3325997151550644
567,grid_residential,-0.17026361011047908,ns,0.20411204952073347,ns,1.266050656429524
568,grid_residential,-0.1149642309563034,ns,-0.28504598506745493,ns,1.374374837769272
569,grid_residential,-0.023991683841142985,ns,0.3280537204413703,ns,1.5483085796840135
570,grid_residential,-0.22175846022448686,ns,-0.011383928449604256,ns,1.394742660584896
571,grid_residential,-0.18420472715302058,ns,0.3263017008171132,ns,1.2162201793149794
572,grid_residential,-0.04263452890411532,ns,0.1902645171033847,ns,1.5094931087054808
573,grid_residential,-0.2012828568995378,ns,0.5633436478835007,ns,1.8033203525335895
574,grid_residential,-0.2401086308782751,ns,0.5685958836982151,ns,1.613866766561648
575,grid_residential,-0.13795200760687173,ns,0.2124699090754582,ns,1.3499181536840525
576,grid_residential,-0.14514766299621376,ns,0.24902220568226943,ns,1.2679741406196896
577,grid_residential,-0.23956932421948282,LL,0.6075680622027719,hot,1.7460368935947193
578,grid_residential,-0.44279733372819274,ns,0.4426542924124173,ns,0.4842080092276813
579,grid_residential,-0.10190323836974886,ns,0.17266609147551132,ns,1.5526214097927393
580,grid_residential,-0.2141992334419629,LH,-0.5091103582919577,cold,0.46145148868278635
581,grid_residential,-0.40454452161935156,ns,0.13387519668697725,ns,0.37421817562635806
582,grid_residential,-0.3189511286672192,ns,0.5409566431364448,ns,0.5575345649618969
583,grid_residential,-0.33381806753606624,LL,0.888492720887887,hot,0.6270683280244568
584,grid_residential,-0.2647896551415964,LL,0.7244551353521045,hot,0.5398350385165324
585,grid_residential,-0.2774295493391087,LL,0.8173830058783859,hot,0.6017833222040486
586,grid_residential,-0.5297197891518944,LL,0.843610007173215,hot,0.5486848017392146
587,grid_residential,-0.4682514934298533,LL,0.9872910054296173,hot,0.5423635355662977
588,grid_residential,-0.232867922153685,LL,0.7358687939252823,hot,0.5461562811409455
589,grid_residential,-0.6550451482334381,LL,0.8686800647614226,hot,0.34134771397940966
590,grid_residential,-0.4157193546454877,LL,0.8918225732804468,hot,0.8103614685524297
591,grid_residential,-0.4319805263066633,LL,0.903839211580631,hot,0.8065299788271699
592,grid_residential,-0.38354604467394865,LL,0.8493689510853388,hot,0.7203213172744674
593,grid_residential,-0.3159728822482545,LL,0.7548548234757975,hot,1.1214199445292552
594,grid_residential,-0.3227490668897747,LL,0.6163686457223003,hot,0.8907732801657873
595,grid_residential,-0.2030136074804792,LL,0.5928524902430281,hot,1.235417772819843
596,grid_residential,-0.337552666684467,LL,0.7119989592741736,hot,0.9813784606983651
597,grid_residential,-0.24658643684875187,LL,0.6751218256961247,hot,1.0229427398940634
598,grid_residential,-0.3916111572438141,ns,0.5840887514643502,ns,0.8705404401909282
599,grid_residential,-0.13233560270296932,ns,0.39495267136171924,ns,1.384092890230782
600,grid_residential,-0.20311284786399933,ns,0.41788661145189987,ns,1.1912347783545578
601,apartment_block,-0.27446528327767006,LL,1.316532139656137,hot,1.9107958816799882
602,apartment_block,-0.1604738077030637,LL,0.6750077756412073,hot,2.1842564405419616
603,apartment_block,-0.18248412924289456,LL,0.7339943345517764,hot,2.0281826552677424
604,apartment_block,-0.6132149081662173,LL,1.258558901045906,hot,1.548853325197572
605,apartment_block,-0.26891154821883856,LL,1.8196407861855217,hot,2.3973707885234448
606,apartment_block,-0.27205799817967913,LL,0.7322788276620228,hot,1.9834457786740698
607,apartment_block,-0.2804194993438728,ns,0.48019166339411185,ns,1.9336210800106515
608,apartment_block,-0.22264837982337501,ns,0.44956555749216914,ns,2.0379648871908898
609,apartment_block,-0.029866186542701213,LL,0.6783818004078914,hot,2.7004346213415924
610,apartment_block,-0.058682660761554636,LL,0.9377208134000596,hot,2.7818547647271523
611,apartment_block,-0.22691049352314696,LL,1.0984954941090002,hot,2.329520661136685
612,apartment_block,-0.08527190960642939,LL,0.6475552726541399,hot,2.1842564405419616
613,apartment_block,-0.1555126978395503,ns,0.4462965484017694,ns,2.1736874593097504
614,apartment_block,-0.12798839847967564,ns,0.349245958093939,ns,2.1983484185087785
615,apartment_block,0.068392828984929,ns,0.19649176529908358,ns,2.8135181538215375
616,apartment_block,-0.005963955123875375,ns,0.4804753493495568,ns,2.8270881777191303
617,apartment_block,-0.12571402866202377,ns,0.46402241861635724,ns,1.8920477617226856
618,apartment_block,-0.18180051180458456,ns,0.29323122083098935,ns,1.9075309701835093
619,apartment_block,-0.24040957975761507,ns,0.28535323859420514,ns,1.935400740366041
620,apartment_block,0.02597520185118196,HL,0.510486616559904,hot,2.551164376898583
621,apartment_block,-0.12143669503322559,LL,0.5854385135525781,hot,1.6350265366016699
622,apartment_block,-0.17675660008603494,ns,0.4927911709558653,ns,2.201662981127494
623,apartment_block,-0.04887387328908801,LL,0.6044394334996318,hot,2.3784695830648976
624,apartment_block,-0.2921011650504285,LL,0.592655186451072,hot,1.3086819578244808
625,apartment_block,-0.24103948896747096,ns,0.5217658002182018,ns,2.0459048252552843
626,apartment_block,-0.28313835909124246,ns,0.5057665848965585,ns,1.8911506788880106
627,apartment_block,-0.15400561780126035,ns,0.427939464625868,ns,2.083833942876598
628,apartment_block,-0.16044801676520845,ns,0.3737529401069373,ns,1.4576780077773774
629,apartment_block,-0.07225138423451087,LL,0.521541831079532,hot,2.3363727693459246
630,apartment_block,-0.07381537837730431,ns,0.48963911833819423,ns,2.1385177997547418
631,apartment_block,-0.272517409999644,LL,0.5727379291010913,hot,1.7841043638844867
632,apartment_block,-0.2044325060022202,ns,0.4436367495761073,ns,1.8626050236877338
633,apartment_block,-0.029961338003184613,ns,0.47789739579902596,ns,1.4949270202656013
634,apartment_block,-0.1457017501837899,LL,0.5654171371762747,hot,1.331031373411946
635,apartment_block,-0.1285397867089414,LL,0.5617793526523203,hot,2.103732828965621
636,apartment_block,-0.2020970240569162,ns,0.36776782234268635,ns,1.999242778903611
637,apartment_block,-0.1619570451485674,ns,0.4327792523888414,ns,1.861781332099931
638,apartment_block,-0.16815275682556394,ns,0.38109024649904805,ns,1.7117476709397146
639,apartment_block,0.00949500361290424,ns,0.4725407950695734,ns,1.9845361602113618
640,apartment_block,-0.1676875154401186,LL,0.5475298892216884,hot,1.3061986945652582
641,apartment_block,-0.2749115524062779,LL,0.7019557481147891,hot,1.2043847159192842
642,apartment_block,-0.17121643036676323,ns,0.5178902829917287,ns,1.643976642752654
643,apartment_block,-0.06063976004136369,ns,0.32424778013268846,ns,2.079351812148472
644,apartment_block,-0.16149130705250464,ns,0.35524633121519805,ns,2.001585442775637
645,apartment_block,-0.222805700931416,ns,0.45201340033671306,ns,1.9572573112841969
646,apartment_block,-0.13970901098577387,ns,0.40945319456769913,ns,1.9640770274855828
647,apartment_block,0.023125611742948016,ns,0.447894404615821,ns,2.0629628488921625
648,apartment_block,-0.18177231117958756,ns,0.5278444326230411,ns,1.4129791997296774
649,apartment_block,-0.3657578766229509,LL,0.809622112380244,hot,1.1646524575172605
650,apartment_block,-0.10448055625899526,ns,0.43326683696801666,ns,1.9713787666350076
651,apartment_block,0.02512663299449659,ns,0.22651583714462617,ns,2.1277501153422786
652,apartment_block,-0.22301619558246416,ns,0.5154821774517241,ns,1.9538474611226935
653,apartment_block,-0.27825068911816364,ns,0.49800549679696404,ns,1.4328453289306895
654,apartment_block,-0.32055534941491437,LL,0.6696399424182972,hot,1.3061986945652582
655,apartment_block,-0.30050750434827955,LL,1.0543822416798518,hot,1.2888158054962384
656,apartment_block,-0.15143976855809332,ns,0.524615244533036,ns,1.7964281681113918
657,apartment_block,-0.2557075395154634,ns,0.36854202026585636,ns,1.5670335277006076
658,apartment_block,-0.03875164593964124,ns,0.2669622005165045,ns,1.9171588305061087
659,apartment_block,-0.1896387003590113,ns,0.37425751623156595,ns,1.9231587620340254
660,apartment_block,-0.1428390674780402,LL,0.5637594666242491,hot,2.042503716166384
661,apartment_block,-0.3900721853510438,LL,0.6159625419072515,hot,1.34344771283529
662,apartment_block,-0.23475232497088677,LL,0.9249880782899409,hot,1.522242962371512
663,apartment_block,-0.13265757665544256,LL,0.584361936431997,hot,1.5759709938347
664,apartment_block,-0.2717263069496044,ns,0.4810950527443064,ns,1.4240342637736816
665,apartment_block,-0.1310484331096852,ns,0.4674164524430681,ns,1.8374050229399386
666,apartment_block,-0.14389701725811585,ns,0.34947896729494865,ns,1.9171588305061087
667,apartment_block,-0.18369582858975592,ns,0.3362986943837942,ns,1.9171588305061087
668,apartment_block,-0.2854556744874982,LL,0.6123038880307378,hot,1.4651278091186606
669,apartment_block,-0.11618773044937233,LL,0.7048468491247857,hot,1.8083447734386355
670,apartment_block,-0.14072709153206997,ns,0.5212791593202913,ns,1.6295956935299782
671,apartment_block,-0.25248796968392256,LL,0.600117886094668,hot,1.6593872103162761
672,apartment_block,-0.18093701604256957,ns,0.4927424952556894,ns,1.8650121096249996
673,apartment_block,-0.15621235915121143,ns,0.40225596602590563,ns,1.9171588305061087
674,apartment_block,-0.17623777581563504,ns,0.5169081747206915,ns,1.8895517438210478
675,apartment_block,-0.266188610427716,LL,0.7012059788460601,hot,1.5396258355405605
676,apartment_block,-0.3655266059695029,LL,1.382164465224512,hot,1.1745855105541512
677,apartment_block,-0.1705302853590225,ns,0.5186482143753858,ns,1.809797932683891
678,apartment_block,-0.30632535722668974,ns,0.43282621261000226,ns,1.6288181465574751
679,apartment_block,-0.1537907558940111,LL,0.6231962449397959,hot,1.89568665237006
680,apartment_block,-0.37834415254215076,LL,0.7947315974573028,hot,1.398079597047111
681,apartment_block,-0.1107266858225712,ns,0.2838200793303489,ns,1.9171588305061087
682,apartment_block,-0.23811304628428362,LL,0.6656990607049251,hot,1.5396258355405605
683,apartment_block,-0.16072453575749934,ns,0.4953780120925163,ns,1.5445923707317175
684,apartment_block,0.08726009370582723,ns,0.24349437891052145,ns,2.223061544318271
685,apartment_block,-0.1760765223983262,LL,0.6279867619387717,hot,2.0239652530742807
686,apartment_block,-0.14240200435385747,LL,0.7256463896649924,hot,1.8815993080185962
687,apartment_block,-0.18084859261712638,LL,1.2250162835826288,hot,1.9491803635423137
688,apartment_block,-0.18307977492361366,ns,0.4497646266356843,ns,1.9375046020552045
689,apartment_block,-0.007356923278284744,ns,0.5026714878232302,ns,2.416968214747439
690,apartment_block,-0.22016475567530006,LL,0.6555799508564288,hot,1.906497588145629
691,apartment_block,-0.12524270630654036,ns,0.533232461610775,ns,1.9060643453566752
692,apartment_block,-0.03980440288261163,LL,0.5986136994611919,hot,2.0671955785838185
693,apartment_block,-0.20665262766311768,ns,0.5264617663979022,ns,1.7322095610040018
694,apartment_block,0.17008506835408319,ns,0.044389520558055166,ns,1.8447370059313397
695,apartment_block,-0.2101134819550723,LL,1.084021713335267,hot,2.430755643458514
696,apartment_block,-0.24496463982220998,LL,0.8832343677534443,hot,2.3284511155442678
697,apartment_block,-0.3248576293721569,ns,0.5799266559289762,ns,1.968339171188296
698,apartment_block,0.0018154527952161104,ns,0.13578825374693437,ns,1.6395259010107714
699,apartment_block,-0.20517064315323075,LL,0.8648108043053387,hot,2.316174554663311
700,apartment_block,-0.2971239787484652,ns,0.5640406011611968,ns,1.927417352400316
701,apartment_block,-0.22176509879987827,ns,-0.09750190290321778,ns,1.984707868214362
702,apartment_block,0.942576877048008,ns,-0.4846784699280394,ns,1.8589039969101344
703,apartment_block,-0.05976253677110288,LL,0.5303976578171131,hot,1.850459040198626
704,apartment_block,-0.04106924843126224,ns,0.1827050774739469,ns,1.7875222797937087
705,apartment_block,-0.23625744134434026,ns,0.31259458342424606,ns,1.8913134126229203
706,apartment_block,-0.2095604739928477,LL,0.6695973560259311,hot,2.058367157277289
707,apartment_block,0.045707860586405955,ns,0.04025188014817384,ns,1.9066904190960714
708,apartment_block,-0.06130021277243899,ns,0.22703282715128484,ns,1.8193277097546936
709,apartment_block,-0.020154874105294828,ns,0.42824256227893664,ns,1.9768501969025754
710,apartment_block,-0.1933668443170393,LL,0.6283608740183237,hot,1.4762402924215867
711,apartment_block,-0.20968373200718854,LL,0.7398340702134595,hot,2.2629762131057816
712,apartment_block,0.24738330637388298,ns,0.10479693267857143,ns,3.206522366767508
713,apartment_block,0.8156606587662395,HL,0.5110791926784325,hot,1.909994404894931
714,apartment_block,-0.0028572867827405314,ns,0.33524125917310243,ns,1.4893456087752828
715,apartment_block,0.07989400559582262,ns,0.1772100438787197,ns,2.0492427340984642
716,apartment_block,-0.24303175055083032,ns,0.4799461069321819,ns,1.5733613544302236
717,apartment_block,-0.272451754094745,LL,0.6260600035811772,hot,1.5150887327309355
718,apartment_block,-0.23172934701946973,ns,0.5349210078061455,ns,2.111565498834819
719,apartment_block,0.171885487873037,ns,-0.0071040382952264804,ns,2.710976416125402
720,apartment_block,-0.07277205945500206,ns,0.3230110525246276,ns,1.588012512276379
721,apartment_block,-0.07552760973143265,ns,0.3726329208437247,ns,1.4385724448116257
722,apartment_block,0.12260556937654847,ns,0.044094415122128895,ns,1.9850009124496077
723,apartment_block,-0.16063250223591527,ns,0.4818179106049878,ns,1.9103215848071364
724,apartment_block,0.3311111010018004,ns,0.10421766051693429,ns,3.208458086302344
725,apartment_block,-0.08694432640659563,ns,0.2196764361969361,ns,1.9229937020553278
726,apartment_block,-0.12582359800449622,ns,0.27941267444600026,ns,1.9420018742395442
727,apartment_block,-0.11183313966794199,ns,0.37306384827940114,ns,1.973682167821032
728,apartment_block,0.21071640123504123,ns,-0.07347303479451026,ns,2.844496890798844
729,apartment_block,0.05214706325975833,ns,0.38979505169750034,ns,1.9444826210326818
730,apartment_block,-0.07886705262822244,ns,0.1318950837217074,ns,1.9321474308487978
731,apartment_block,-0.09707464410034189,ns,0.25118482312196766,ns,2.0027574638829964
732,apartment_block,-0.11330397543978452,ns,0.2908504328383612,ns,2.0059670110195476
733,apartment_block,-0.04599278411029774,ns,0.42841911074837363,ns,1.9802906339271371
734,apartment_block,-0.2981168308181098,ns,0.578998820557288,ns,1.4762402924215867
735,apartment_block,-0.1713353026750663,ns,0.5226271763615626,ns,2.0111706543420502
736,apartment_block,-0.08884947452842923,ns,0.037069940509344645,ns,1.9289378741377095
737,apartment_block,-0.09662504048203421,ns,0.21889959313906873,ns,2.0059670110195476
738,apartment_block,-0.15287132878527782,ns,0.25698097889594235,ns,2.0059670110195476
739,apartment_block,-0.11919854002284529,ns,0.34496483608742184,ns,2.0059670110195476
740,apartment_block,-0.19614572787289036,ns,0.3787614635488772,ns,1.7343048559358727
741,apartment_block,0.0015006257618808139,HL,0.5124637627244522,hot,2.0706436800468384
742,apartment_block,-0.018984539891277977,ns,0.25509109166299804,ns,2.028720139372552
743,apartment_block,-0.06095531805328871,ns,0.2043945344845511,ns,1.9234232455337719
744,apartment_block,0.011316582338950975,ns,-0.04125803845388854,ns,2.0059670110195476
745,apartment_block,-0.0679548066752761,ns,0.15579715187693358,ns,1.9514047075964478
746,apartment_block,-0.14557584178393967,ns,0.26137836338353637,ns,1.996338368909318
747,apartment_block,-0.13556771254675876,ns,0.3021830304388715,ns,1.976519340984223
748,apartment_block,-0.10092154211882062,ns,0.28356376282003354,ns,2.0119292964091513
749,apartment_block,-0.21303759274289807,ns,0.28798109916137415,ns,1.3347210239921898
750,apartment_block,-0.0038491267230480685,ns,0.04329451114610379,ns,1.9401146599268217
751,apartment_block,-0.0869645844080977,ns,0.23435425450373745,ns,2.020673074121855
752,apartment_block,-0.06806764334298043,ns,0.12724057148398352,ns,2.047525865828211
753,apartment_block,-0.20068718703097752,ns,0.1657253162164461,ns,1.6009362030599004
754,apartment_block,-0.08575297260319412,ns,0.38832666656275205,ns,2.0228591294646163
755,apartment_block,-0.3305672424712907,ns,0.4851397468085466,ns,1.724788827133282
756,apartment_block,-0.25872617967520606,LL,1.0535984126654283,hot,1.9190368865230534
757,apartment_block,-0.4964691058372349,LL,1.1767670804713364,hot,0.8618189433310562
758,apartment_block,-0.5881211554085779,LL,1.378800783630505,hot,0.8056743906370712
759,apartment_block,0.21838458830507906,ns,-0.19431662132489455,ns,2.1693982815022683
760,apartment_block,0.038946666692293186,ns,0.002524120908263309,ns,2.1088980138620346
761,apartment_block,0.043183539229365964,ns,0.03501512275930174,ns,2.0884232748991454
762,apartment_block,-0.08892819062236351,ns,0.03987690666972587,ns,1.9802906339271371
763,apartment_block,-0.09080011340790695,ns,0.19957171349497588,ns,1.9700811669299167
764,apartment_block,-0.09331272491296268,ns,0.22108058736001163,ns,1.966862081776519
765,apartment_block,-0.11112328689204858,ns,0.25359831022095297,ns,1.9411093855592942
766,apartment_block,-0.0371256564472926,ns,0.27957163888306646,ns,1.8284413564727335
767,apartment_block,-0.030171454255348618,ns,0.286660561927891,ns,1.7857110822158964
768,apartment_block,-0.09322313668265006,ns,0.25759763531854,ns,1.772284674639929
769,apartment_block,-0.0895842582105949,ns,0.23064636057582413,ns,1.9367580658480228
770,apartment_block,-0.14151085469932895,ns,0.3297368354679142,ns,1.6898771185692778
771,apartment_block,-0.15047185432168037,ns,0.44343688939482817,ns,1.7580651372266003
772,apartment_block,-0.09659486880713102,ns,0.3913851960324206,ns,1.8855458514806342
773,apartment_block,-0.10425299000289305,ns,0.5329707130148759,ns,1.885545835885151
774,apartment_block,-0.566929138539077,LL,1.3453506658797778,hot,0.7876457152939037
775,apartment_block,0.13971737268049939,ns,-0.33244233868782247,ns,2.249622700898689
776,apartment_block,0.35238893171386315,ns,-0.33244233868782247,ns,2.3695385970229847
777,apartment_block,-0.11255185226108096,ns,0.0172945507231994,ns,1.6925783255892433
778,apartment_block,0.045633925390642406,ns,0.0051983041418962915,ns,2.1327852073324274
779,apartment_block,-0.14521694989652253,ns,-0.16017805450086922,ns,1.8905008062031272
780,apartment_block,-0.03363578086574487,ns,-0.036003343355227944,ns,1.9493507363055553
781,apartment_block,-0.0739494776883349,ns,0.1825380797839116,ns,2.0119292964091513
782,apartment_block,-0.02681271874097201,ns,0.25962424354496133,ns,2.017126173312221
783,apartment_block,-0.06000988689277313,ns,0.2805539558648683,ns,1.9990529492374167
784,apartment_block,-0.18343051671762847,ns,0.2793122258030114,ns,1.7157732974060902
785,apartment_block,-0.15039750081046274,ns,0.28409328827641894,ns,1.6932396975847945
786,apartment_block,-0.2018551745035288,ns,0.2992587987989351,ns,1.5900385533322028
787,apartment_block,-0.1468730477442241,ns,0.3024702099093373,ns,1.7047006044875075
788,apartment_block,-0.04240745566876658,ns,0.3497519444984719,ns,1.8529354360589139
789,apartment_block,-0.10707492038627815,ns,0.3752458329939025,ns,1.766959226016449
790,apartment_block,-0.26654983282454453,ns,0.44721260286080816,ns,1.3294188591475258
791,apartment_block,-0.29079671848536287,ns,0.4519115292931416,ns,1.4959115430598833
792,apartment_block,-0.28723630416158735,ns,0.5597001388944499,ns,1.49338893090855
793,apartment_block,-0.58030567507581,LL,1.2049996254617392,hot,0.8505900314850419
794,apartment_block,-0.5079407734163623,LL,1.4294627781592553,hot,0.7958490837846897
795,apartment_block,-0.37679304748909914,LL,1.4644655872578833,hot,0.8455608443929591
796,apartment_block,0.25798499415878484,HH,-0.6528753971844021,cold,2.863592201628933
797,apartment_block,0.37729974764552626,HH,-0.6926560008171128,cold,2.700528344178034
798,apartment_block,0.47900441154086487,ns,-0.6110204176077951,ns,2.9301481100294975
799,apartment_block,0.2765198221629197,HH,-0.6994480865951419,cold,2.351106922956509
800,apartment_block,0.32738667041485764,HH,-0.7006919019192013,cold,2.5158341584123374
801,apartment_block,-0.029313247084503703,ns,-0.016414493244285823,ns,2.02017414899547
802,apartment_block,0.01266580705723055,ns,-0.057555226658348266,ns,2.1327852073324274
803,apartment_block,0.01115932101970758,ns,-0.08762221666371077,ns,2.1327852073324274
804,apartment_block,0.11543080236128381,ns,-0.3159930423608216,ns,2.1054855573682194
805,apartment_block,0.008993430058602226,ns,-0.11744735633787404,ns,2.017126173312221
806,apartment_block,-0.1070380741375732,ns,0.18536435955621725,ns,1.98807955691548
807,apartment_block,-0.18648254009689652,ns,0.4820626446118548,ns,1.8525286716305776
808,apartment_block,-0.2346559509371123,LL,0.6367159401236705,hot,1.5523803109643635
809,apartment_block,-0.12133187266889997,ns,0.40450011112111406,ns,1.8202565088857006
810,apartment_block,-0.12883488709767832,ns,0.3897625621354939,ns,1.8540218064606608
811,apartment_block,-0.17216029565166216,ns,0.3426952554316502,ns,1.8601609517991495
812,apartment_block,-0.13015634933937084,ns,0.3381002421887369,ns,1.8529354360589139
813,apartment_block,-0.12927613694265566,ns,0.35422429164579644,ns,1.8351472550278551
814,apartment_block,-0.08823826394650887,ns,0.4614621411867528,ns,1.8529354360589139
815,apartment_block,-0.1994950338433274,LL,0.5760142877205363,hot,1.5766352728647286
816,apartment_block,-0.5140349879474775,LL,1.1660840819431153,hot,0.871644240379308
817,apartment_block,0.47845761627785477,HH,-0.8234040776355628,cold,2.6556027176031174
818,apartment_block,0.6012099100345083,HH,-0.7963586095528271,cold,2.9650902498271923
819,apartment_block,0.49240457845357677,HH,-1.034537573504806,cold,3.089883616624574
820,apartment_block,0.3498398878133602,HH,-0.9034910068529461,cold,2.7803960756837833
821,apartment_block,1.319318503094706,ns,-0.6018518005555995,ns,2.875239031544221
822,apartment_block,0.08088762442360518,ns,-0.14794302085451913,ns,2.3107794297277215
823,apartment_block,0.1157599282998455,ns,-0.22993808392580314,ns,2.2279827730931796
824,apartment_block,0.20839009458541363,ns,-0.4296868205558062,ns,2.1327852073324274
825,apartment_block,-0.11127491713086339,ns,0.24391103768921074,ns,1.9687151447319227
826,apartment_block,-0.3360051374947187,LL,0.7001580955287745,hot,1.5136514941116288
827,apartment_block,-0.2388850310136308,LL,0.6157140259912439,hot,1.6575691484821236
828,apartment_block,-0.14341800195651708,ns,0.3904043848134252,ns,1.8816479551236802
829,apartment_block,-0.1737578975078779,ns,0.37918258458796406,ns,1.8540218064606608
830,apartment_block,-0.15962763726531154,ns,0.38859700582658263,ns,1.8601609482256967
831,apartment_block,-0.22033820894350456,ns,0.3883877297170809,ns,1.8351472550278551
832,apartment_block,-0.24841742204156309,LL,0.6364193154693828,hot,1.5741126564918717
833,apartment_block,0.2128138278354088,ns,-0.049795518052178515,ns,2.477843744576805
834,apartment_block,0.26306716488865955,ns,-0.22346543821687612,ns,2.4957991243361963
835,apartment_block,0.2656165788907846,ns,-0.2801337752172824,ns,2.432955263824089
836,apartment_block,0.04202953366148128,ns,-0.310579302554834,ns,1.994646750318612
837,apartment_block,0.21999311852032197,ns,-0.481018440335743,ns,2.363591020302954
838,apartment_block,0.19072444173248437,ns,-0.4670803544278387,ns,2.2033049842381236
839,apartment_block,0.09309210602060786,ns,-0.2917702427123093,ns,2.160522363205104
840,apartment_block,0.06667189306013624,ns,0.006742331037257052,ns,2.160522363205104
841,apartment_block,-0.09480627998096175,ns,0.4255397302343265,ns,1.7427969988332281
842,apartment_block,-0.14171094264248504,ns,0.5316317856553283,ns,1.807345046959467
843,apartment_block,-0.21604367588636855,ns,0.3484351266741507,ns,1.768073771721822
844,apartment_block,-0.14380412888184405,ns,0.4159561285943572,ns,1.8540217993137555
845,apartment_block,-0.16960420793483594,ns,0.4315396524934415,ns,1.8908566749181392
846,apartment_block,-0.17437045028348602,ns,0.45799042141891505,ns,1.939088139008911
847,apartment_block,-0.2015644684595775,ns,0.5245238800461213,ns,1.939088139008911
848,apartment_block,-0.25335135460649355,LL,0.8244729291041502,hot,1.939088139008911
849,apartment_block,0.2557145148128289,ns,-0.3366033548412344,ns,2.298289863371591
850,apartment_block,0.3021371307087115,ns,-0.42342358986681505,ns,2.4832165549898906
851,apartment_block,0.27028246500169484,ns,-0.48164560631647224,ns,2.5831447557756784
852,apartment_block,0.1472508941817126,ns,-0.3531879940945603,ns,2.3483174103924167
853,apartment_block,0.2003093456173982,ns,-0.5140851639446995,ns,2.3826830329689517
854,apartment_block,-0.005049424414543877,ns,0.11876311261100705,ns,2.07852234595711
855,apartment_block,0.08574414006659253,HL,0.7681203230821602,hot,1.8331642632042104
856,apartment_block,0.07221210786201535,HL,0.5763770603493522,hot,1.8460738788409625
857,apartment_block,-0.16209542774872912,ns,0.5015214186461527,ns,1.5255775540789691
858,apartment_block,-0.17334647920276017,LL,0.6020933248913499,hot,1.8202565088857006
859,apartment_block,-0.23511094449071762,ns,0.41738920082560677,ns,1.8304991998726308
860,apartment_block,-0.19048746854483223,ns,0.5221475733069889,ns,1.7777560054041708
861,apartment_block,-0.31478935329316116,LL,1.1510228544669934,hot,1.8087814207137745
862,apartment_block,-0.7900415019257223,LL,1.9630348688527628,hot,0.7253869523551952
863,apartment_block,0.29704923439088454,ns,-0.24787561297717184,ns,2.5855760649388033
864,apartment_block,0.28837924982850255,ns,-0.42342358986681505,ns,2.982857698516957
865,apartment_block,0.09254840707588115,ns,-0.279495408887204,ns,2.1213266617749653
866,apartment_block,0.21577984629881536,ns,-0.3958783973189868,ns,2.3788646307691423
867,apartment_block,0.25823061733138325,ns,-0.5499720189632311,ns,2.3750462288471588
868,apartment_block,-0.064238386440622,ns,0.21627027225442674,ns,1.9437198365244472
869,apartment_block,-0.01058283542362729,LL,0.6121582880594725,hot,2.1871195552811096
870,apartment_block,-0.11022636340265057,LL,0.589702886415865,hot,1.8584220722065408
871,apartment_block,-0.07071429583279654,ns,0.38315817962883125,ns,1.986776214579006
872,apartment_block,-0.040786496906060225,LL,0.5555780373085388,hot,2.1028180106610668
873,apartment_block,0.3829278838304676,HH,-0.6971717380717865,cold,2.7946742917847427
874,apartment_block,0.11251055684826741,ns,-0.33410638490704186,ns,2.2002461561459223
875,apartment_block,0.16501844593855503,ns,-0.42280262692383064,ns,2.265492334251587
876,apartment_block,-0.0694516820894722,ns,-0.07995490143891956,ns,2.046743848584555
877,apartment_block,-0.07239098931104197,ns,0.14907925709397302,ns,2.0158366393695215
878,apartment_block,-0.16283019768401133,ns,0.49374748423349657,ns,1.6552525771698536
879,apartment_block,0.036275082776533366,ns,0.31607606581779996,ns,2.4948755988952493
880,apartment_block,-0.20108092577590084,LL,0.5830207018208101,hot,1.8496359130955882
881,apartment_block,-0.5753128912139621,LL,1.6173924217293632,hot,0.8079160155352291
882,apartment_block,0.3794231351900659,HH,-0.8684071064109633,cold,2.7946742917847427
883,apartment_block,0.4141070653182156,HH,-0.7686536107875266,cold,3.0035889254925503
884,apartment_block,0.04093978855805551,ns,-0.11407693563299476,ns,2.0018377988983
885,apartment_block,0.1655877300698208,ns,-0.3959419831076744,ns,2.313550728600049
886,apartment_block,-0.037218892986025216,ns,0.16803488276014958,ns,2.0826252393740834
887,apartment_block,-0.03422729329997827,ns,0.17016625269215616,ns,2.1525366887920185
888,apartment_block,-0.02306407350187549,ns,0.17364190787202174,ns,2.18565265023973
889,apartment_block,0.09563261579552501,ns,0.04686636950438609,ns,2.5153926665587245
890,apartment_block,0.12880715374683155,ns,0.1142354424356722,ns,2.3931461709892803
891,apartment_block,0.12857160977193594,ns,0.20279101600516627,ns,2.671737633309399
892,apartment_block,-0.050762858230636795,ns,0.3893398476390657,ns,2.315505936107891
893,apartment_block,-0.6067899886491487,LL,0.8044863261728028,hot,0.754344533760243
894,apartment_block,-0.1894597180776903,LL,1.0449794396252268,hot,1.8199880448181855
895,apartment_block,0.07290775005924162,ns,-0.13946030001101115,ns,2.345075155460834
896,apartment_block,0.47765164343347555,ns,-0.18860167683854956,ns,2.5362709191421784
897,apartment_block,0.461321857095751,HH,-0.9437372001273944,cold,3.0035889254925503
898,apartment_block,0.43491756587584013,HH,-0.781804317975958,cold,3.0035889254925503
899,apartment_block,0.2390898320879614,HH,-0.7863359804152747,cold,2.438008061426674
900,apartment_block,0.1737099247867587,ns,-0.34481288573122043,ns,2.2983715680452756
901,apartment_block,0.17187444663746226,ns,0.11064823966654043,ns,2.277641393724867
902,apartment_block,0.027705897316660455,ns,-0.11790195834457441,ns,1.8434544904635572
903,apartment_block,0.18784910415920225,ns,-0.16667366092098054,ns,2.5646336346834673
904,apartment_block,0.1603227419161794,ns,-0.39761583077943113,ns,2.5153926665587245
905,apartment_block,0.2737101831591198,ns,-0.3727316537744385,ns,2.8361522665701058
906,apartment_block,0.13864246285607948,ns,-0.3433686627970075,ns,2.443384015066371
907,apartment_block,0.10112095119519018,ns,-0.025237885006727325,ns,2.38765991239232
908,apartment_block,-0.26464393054573515,ns,0.26319765190371935,ns,1.8966651568674864
909,apartment_block,-0.2546214293623857,LL,0.918682470529695,hot,1.6804457264013462
910,apartment_block,0.2278996078689392,ns,-0.5145218678257129,ns,2.674833520792276
911,apartment_block,0.20419757219772688,ns,-0.5673100343732208,ns,2.6937704072154065
912,apartment_block,0.23688783038100883,HH,-0.7285962947134769,cold,2.8377296706759054
913,apartment_block,0.4403371989885721,ns,0.0407447860322149,ns,2.839628807671201
914,apartment_block,0.45047907940658505,ns,-0.10516276105637277,ns,2.7103287096097657
915,apartment_block,0.3017179745025653,ns,-0.3827216715176272,ns,2.4964862985238856
916,apartment_block,0.4222673380186393,HH,-0.7021634772750815,cold,3.0236327822404983
917,apartment_block,0.48597148367358,HH,-0.8531390351177374,cold,2.974754470438259
918,apartment_block,-0.04311504827724644,ns,0.008836304595444558,ns,1.8508136120455372
919,apartment_block,0.13249877500316493,ns,-0.11212958020674169,ns,2.17829354579199
920,apartment_block,0.2848022846421219,ns,-0.34116413993523476,ns,2.5383668216560635
921,apartment_block,0.2083532307669887,ns,-0.4992842464980585,ns,2.4889181197989667
922,apartment_block,0.27560023815437623,ns,-0.499764265499774,ns,2.8034516454077125
923,apartment_block,0.20650333562327647,ns,-0.45849161141702693,ns,2.4342165308693695
924,apartment_block,0.09472590560647341,ns,-0.27313431508206426,ns,2.0827680181607224
925,apartment_block,0.17583432076350197,ns,-0.49250959891721724,ns,2.3706693236458865
926,apartment_block,0.27003128202111104,ns,-0.5325617905822148,ns,2.7695179088170816
927,apartment_block,0.28553347018600395,HH,-0.7422059623421269,cold,2.8205473471722367
928,apartment_block,0.3730212235382964,HH,-0.7368992809492231,cold,2.9780398410306432
929,apartment_block,0.32278726069484354,ns,-0.3373523165315831,ns,2.7346423532370214
930,apartment_block,0.2973787916555069,ns,0.08421474847461109,ns,2.8744486315645466
931,apartment_block,-0.5863715692083834,ns,0.5515244511622257,ns,0.0
932,apartment_block,-0.5483226687115215,ns,0.05887112089029089,ns,0.0
933,apartment_block,-0.41748182978086107,ns,-0.16641208178121533,ns,0.0
934,apartment_block,0.5939768684339584,HH,-0.8117069135144307,cold,2.603506403498993
935,apartment_block,0.5139036505378262,ns,-0.5470864835171462,ns,2.4565342607805
936,apartment_block,0.32236627993037925,HH,-0.8885115839883844,cold,2.4183467028807684
937,apartment_block,0.3963049091248909,HH,-1.0703278744065805,cold,2.323972197424825
938,apartment_block,0.6861090948183148,HH,-1.2850265234707063,cold,3.1012995332716518
939,apartment_block,0.1579116063325346,ns,-0.29321492635572793,ns,2.2834953781165286
940,apartment_block,0.06213546910946057,ns,0.360604280397256,ns,2.2296718830413162
941,apartment_block,0.09963493343944321,ns,0.0011880419039201322,ns,2.258913482902584
942,apartment_block,0.878153321512176,ns,-0.14229995867220177,ns,3.791492257291296
943,apartment_block,0.21640538362811182,ns,-0.1648384523145527,ns,2.376577769059495
944,apartment_block,0.25952564024964386,ns,-0.360100845624496,ns,2.6153298622776586
945,apartment_block,0.7400557575605775,ns,-0.3199798785459831,ns,2.271709886536798
946,apartment_block,-0.29342044311282367,LL,0.8626638106836816,hot,0.0
947,apartment_block,0.47676222741434493,HL,0.5314933870439302,hot,0.0
948,apartment_block,0.7280856036117637,HH,-1.163965442820291,cold,3.144598656222321
949,apartment_block,0.027121304521267996,ns,0.16180618003040004,ns,2.0322910967434
950,apartment_block,0.09875020015024423,ns,-0.039141653027652205,ns,2.2698790807229527
951,apartment_block,0.05932075256039182,ns,0.2569245022309293,ns,2.1163606857065123
952,apartment_block,0.7255311951196864,HH,-1.788095324189914,cold,3.3127671140798474
953,apartment_block,0.011879294490010748,ns,-0.02500218225320731,ns,2.1463459478846185
954,apartment_block,0.02331602157258977,ns,0.03268936589900834,ns,2.160420348214385
955,apartment_block,-0.0028779456811024785,ns,0.07765075698154851,ns,2.154422584193045
956,apartment_block,0.1872355531303534,ns,-0.374167846813984,ns,2.6244989069632876
957,apartment_block,-0.06473122434653109,ns,0.13813226928822045,ns,1.5237694208966555
958,apartment_block,-0.031868223991504366,ns,0.14186605287432713,ns,1.6797202449253965
959,apartment_block,0.0957828924262206,ns,-0.42329019777748206,ns,2.2310993999309043
960,apartment_block,0.14084642690746305,ns,0.1859769452500615,ns,1.8486669785211431
961,apartment_block,0.30251977456820484,ns,-0.56294850848488,ns,2.6619073621865716
962,apartment_block,0.23745672539139068,ns,-0.5315855658847821,ns,2.6528839417376773
963,apartment_block,0.009637321897407503,ns,-0.003791864419682434,ns,1.6927161544924019
964,apartment_block,-0.004970179599298563,ns,0.09498232406273882,ns,1.6017448480402463
965,apartment_block,0.32214419012541345,HH,-0.6610297417728196,cold,2.7250712633102845
966,apartment_block,0.26181849152569425,ns,-0.5264909753640583,ns,2.684465902804171
967,apartment_block,-0.018105877053184748,ns,-0.09565060683552071,ns,1.7252059132806947
968,apartment_block,0.07103433056691319,ns,0.07455475453550972,ns,2.030609591425454
969,apartment_block,0.26691438603668355,HH,-0.6795636816534272,cold,2.2619100135581367
970,apartment_block,0.1988098420679684,HH,-0.6447026277747532,cold,2.2748846591163927
971,apartment_block,0.3089846808325384,ns,-0.5169734592070137,ns,2.6178094075877656
972,apartment_block,0.05821512355632351,ns,0.1168523576348193,ns,2.193146996096025
973,apartment_block,-0.020246913862532207,ns,0.027320053865940226,ns,2.160700574710361
974,apartment_block,-0.18088360742797044,ns,-0.060147947217984256,ns,1.8034739997062257
975,apartment_block,-0.09100370578125991,ns,0.11870733320547062,ns,1.6931395364396262
976,apartment_block,-0.11572825529817335,ns,-0.006870230449511731,ns,1.714042523321336
977,apartment_block,0.15683102213308425,ns,-0.10548611775168959,ns,2.1425531460402554
978,apartment_block,0.03712477921290004,ns,-0.17422501909323634,ns,1.7609446418961288
979,apartment_block,0.04389108202866544,ns,0.05741578015648312,ns,2.0920725781535743
980,apartment_block,-0.08773739334511779,ns,0.1081663858225072,ns,1.8873755852321292
981,apartment_block,-0.13105045083981817,ns,0.5131915077377341,ns,1.7937006912616944
982,apartment_block,0.14799044093518865,ns,-0.4590127240161661,ns,1.9198971864859706
983,apartment_block,0.39455347336416385,ns,-0.5644894411103408,ns,2.4954533113783923
984,apartment_block,0.44055964393368086,ns,-0.6044147264249039,ns,2.6165498488543633
985,apartment_block,0.4718705774714075,ns,-0.5627188609533924,ns,2.68574785444549
986,apartment_block,0.503594460631992,ns,-0.49228256127085784,ns,2.7030473583606804
987,apartment_block,0.022222713605841538,ns,-0.4731857080674217,ns,1.1076743496702817
988,apartment_block,0.2839700218195582,HH,-0.627490513211636,cold,2.2315103604241493
989,apartment_block,0.27735502878504525,HH,-0.6393611082718001,cold,2.1772597028586187
990,apartment_block,0.2521522136053827,ns,-0.2704014340197992,ns,2.217043517845287
991,apartment_block,-0.06271810945285931,ns,0.03652965141343502,ns,1.8300554893867382
992,apartment_block,-0.1387377562348884,ns,0.29012864506220504,ns,1.902223273213146
993,apartment_block,0.17858085492982173,ns,0.0065340558392485305,ns,2.48967456972669
994,apartment_block,0.10266458388650226,ns,-0.114500481449645,ns,2.485678302751598
995,apartment_block,0.11852756116908247,ns,-0.06770820772768438,ns,2.393764152438401
996,apartment_block,-0.05039429531426406,ns,0.13836423215596086,ns,1.9233934055791522
997,apartment_block,0.004713373016635225,ns,0.00534579110285488,ns,1.8681608277424306
998,apartment_block,0.2409019872440093,ns,-0.11094566116662942,ns,1.8746587673967128
999,apartment_block,0.05282277329632214,ns,-0.20881436766450676,ns,1.8746587673967128
1000,apartment_block,0.07852652976301656,ns,-0.06486192063582938,ns,1.9006505714015034
1001,apartment_block,0.05596363798072347,ns,-0.04377738335346897,ns,2.1024808979107514
1002,apartment_block,-0.06714182274002824,ns,-0.024474754565303892,ns,1.8145173630877305
1003,apartment_block,-0.03288349717489817,ns,0.09805959543754408,ns,2.085133692930176
1004,apartment_block,-0.2076040017860829,LL,0.8338706186858034,hot,1.9081922409023246
1005,apartment_block,0.40810555257664427,ns,-0.5059558755862155,ns,2.2359607627201687
1006,apartment_block,0.06071021828214525,ns,-0.542973358562552,ns,1.109484274110796
1007,apartment_block,0.09522589233951476,ns,-0.4540199001974649,ns,1.1293934546768096
1008,apartment_block,0.09893339236360302,ns,-0.40114599158636377,ns,1.1312033800391497
1009,apartment_block,0.08397000018035099,ns,-0.5140978083268568,ns,1.0732857642302063
1010,apartment_block,0.2705003738348474,HH,-0.7246105370736791,cold,2.144302995681124
1011,apartment_block,0.34853712523350744,HH,-0.773427622180799,cold,2.209825471148954
1012,apartment_block,0.45804070222791315,HH,-0.7514039142915421,cold,2.2611315333161994
1013,apartment_block,0.3258292067482532,ns,-0.5477415020361792,ns,2.220819626108708
1014,apartment_block,0.12391160418456697,ns,-0.13045029238166897,ns,2.2281490641706423
1015,apartment_block,0.05632369129059524,ns,0.08819310050860187,ns,2.328208052827718
1016,apartment_block,0.08057097343436591,ns,0.08068242674651563,ns,2.48967456972669
1017,apartment_block,0.02816550328184541,ns,-0.05264627725703003,ns,2.3319937549506564
1018,apartment_block,0.035903359084527034,ns,-0.0995908185196736,ns,2.3244223462976397
1019,apartment_block,0.11312248584297876,ns,-0.011795233786847973,ns,2.3357794592771643
1020,apartment_block,0.004530344746783299,ns,0.09097235273813309,ns,1.9568853781460516
1021,apartment_block,0.0042635596226517245,ns,-0.044406469319718964,ns,1.8058505897354884
1022,apartment_block,-0.25016343782634304,ns,-0.2859064354056021,ns,1.501635092224174
1023,apartment_block,0.019748331201824277,ns,0.12999983209094018,ns,1.7057120338009664
1024,apartment_block,-0.1313127845283076,ns,0.18431415906232043,ns,1.8064302951222064
1025,apartment_block,-0.07433003170846054,ns,-0.019411338266819154,ns,1.653728425791386
1026,apartment_block,0.0801488599197294,ns,-0.25104564580258537,ns,1.8291731292998556
1027,apartment_block,0.03808881360451387,ns,-0.17114853572056615,ns,1.8454179935647816
1028,apartment_block,0.023832087997417595,ns,-0.07331955260064443,ns,1.7771895212902753
1029,apartment_block,-0.026986673057612688,ns,-0.262047859348067,ns,1.8552014344590333
1030,apartment_block,0.07135974614949948,ns,-0.32430142699508924,ns,1.6445147478157545
1031,apartment_block,-0.1432442576015593,LL,0.8044299747819965,hot,2.1371753018134623
1032,apartment_block,-0.24603630066211388,ns,0.5263734925547418,ns,2.1128892176679286
1033,apartment_block,-0.27648416955609567,LL,0.6774951040809384,hot,2.0435004139014676
1034,apartment_block,0.25790809487467115,ns,-0.3651312814041538,ns,2.144953949794939
1035,apartment_block,-0.0742863166859847,ns,-0.05609476610494957,ns,0.9809795735163397
1036,apartment_block,-0.0230590175119993,ns,-0.05915791945578409,ns,1.033467405468588
1037,apartment_block,0.1475518700978789,ns,-0.2919245833355869,ns,1.1040544986822227
1038,apartment_block,0.2775916808679079,HH,-0.8613948255697221,cold,2.1255369441024463
1039,apartment_block,0.4145536292006363,HH,-0.7576829536282635,cold,2.173178285105577
1040,apartment_block,0.210395797597524,HH,-0.5946093268766639,cold,2.268460971378133
1041,apartment_block,0.07686092631411309,ns,-0.3492886887924497,ns,2.2134901837804795
1042,apartment_block,0.046981834665637046,ns,-0.18754066833827293,ns,2.275790410506641
1043,apartment_block,0.017709623746039342,ns,-0.07536900085723716,ns,2.3584936835835375
1044,apartment_block,-0.0402204406060782,ns,0.0067012252921046294,ns,2.0356861295890067
1045,apartment_block,-0.06506495213067291,ns,0.03647951337839953,ns,1.9995691197054666
1046,apartment_block,-0.09414962364480615,ns,0.06815917057811598,ns,1.9864356639983956
1047,apartment_block,-0.07529024875475862,ns,0.1266956213735925,ns,2.038969495426944
1048,apartment_block,0.7042879072786127,ns,-0.09759773209885118,ns,1.9396120141535855
1049,apartment_block,0.5028500843587904,ns,-0.037339400634305304,ns,1.6992141244051249
1050,apartment_block,0.1075816599028601,ns,-0.26412605458957694,ns,2.0241116408970448
1051,apartment_block,-0.0011125336122067453,ns,-0.08212918722762882,ns,1.6992141244051249
1052,apartment_block,0.028000476402647544,ns,-0.08744584465680674,ns,1.7382018228477
1053,apartment_block,0.028804984047781045,ns,-0.5078314729739465,ns,1.9803793823764395
1054,apartment_block,0.8010132610702143,ns,-0.7130802255326797,ns,1.8905080359201625
1055,apartment_block,0.09963021648733512,ns,0.22277500727396435,ns,1.8905080359201625
1056,apartment_block,0.05580828976303494,ns,0.4787519800353993,ns,1.9932181481576425
1057,apartment_block,-0.19681100123943257,LL,0.7371244979347662,hot,1.7524913306288408
1058,apartment_block,-0.20698303265753998,LL,0.5855709120812155,hot,1.9771696930329603
1059,apartment_block,-0.2668698348463147,LL,0.7713791999509106,hot,1.7011362712406
1060,apartment_block,-0.08335161279499284,ns,0.2098676682147841,ns,1.1040544986822227
1061,apartment_block,-0.01751629454863122,ns,0.10439019100842385,ns,0.9918391243734863
1062,apartment_block,0.5811190497269975,HH,-0.9010561910025924,cold,2.5311184370027626
1063,apartment_block,0.6240008276216918,HH,-1.202022084383193,cold,2.2536203742813887
1064,apartment_block,0.5965597616115055,HH,-1.0391825771358247,cold,2.1821436508320486
1065,apartment_block,0.3964348345941131,HH,-0.7658808936676094,cold,2.3445640089601882
1066,apartment_block,0.2885179663858979,HH,-0.7076309981473239,cold,2.294184943076802
1067,apartment_block,0.1523270743587613,ns,-0.5363074125384736,ns,2.1236711982830307
1068,apartment_block,0.20361085764951806,ns,-0.2988590671445869,ns,2.3988183761516737
1069,apartment_block,0.1278441713638082,ns,-0.03235377903747103,ns,2.4104443139119027
1070,apartment_block,-0.022883656588430796,ns,0.14954003756776701,ns,2.2631824423828597
1071,apartment_block,-0.008782546310269378,ns,0.20039782559897187,ns,2.371691190300202
1072,apartment_block,-0.050800899496966846,ns,0.12481073572504449,ns,2.0356861295890067
1073,apartment_block,-0.05645959272030969,ns,0.10135724139420173,ns,1.894501439647841
1074,apartment_block,-0.07016896950015929,ns,0.07645634001420493,ns,2.0159859422060604
1075,apartment_block,0.019884923196005468,ns,-0.028246215302898586,ns,1.7901854157280603
1076,apartment_block,0.10500978489032967,ns,-0.4329473202015201,ns,1.9883729118088225
1077,apartment_block,0.10472548437037163,ns,-0.1670834613847002,ns,1.7739405514631343
1078,apartment_block,0.3110764031005665,ns,-0.5057263780127561,ns,1.9226049443012407
1079,apartment_block,0.8629285258916445,ns,-0.6823239106905153,ns,1.7749591597697654
1080,apartment_block,0.05264665647740578,ns,-0.3148380552508238,ns,1.6305230683183412
1081,apartment_block,0.1742360143428808,ns,-0.20089658454548903,ns,1.9771696930329603
1082,apartment_block,0.006765168145813049,ns,-0.03855383540262867,ns,1.8552014344590333
1083,apartment_block,-0.21249256490591922,ns,0.4209323172820864,ns,1.5085548060078418
1084,apartment_block,-0.11243612856577068,ns,0.36864414110346105,ns,1.839152976531922
1085,apartment_block,-0.3042086617828097,ns,0.5821002907243872,ns,1.8712498923861447
1086,apartment_block,1.5918352338846984,HH,-1.527175599793093,cold,3.260452266369531
1087,apartment_block,0.4851666501057544,ns,-0.4356341104020488,ns,1.8801448454183465
1088,apartment_block,0.34569211753184637,HH,-0.7647924226120049,cold,2.348439314779745
1089,apartment_block,0.31733870475588355,HH,-0.7174991505311114,cold,2.1235488300289393
1090,apartment_block,0.2796390294232323,ns,-0.4777449001351337,ns,2.0959254333002875
1091,apartment_block,0.08979261459220542,ns,-0.2687834984614044,ns,2.1580780809644216
1092,apartment_block,-0.0545359829292132,ns,0.06409494435589809,ns,2.006149384887768
1093,apartment_block,0.04336393850008178,ns,0.11898069530868233,ns,2.3755665006312165
1094,apartment_block,0.06923753586109863,ns,0.08037338727978649,ns,2.05210295400077
1095,apartment_block,-0.0848926838646418,ns,0.14557964645712704,ns,1.9733021968243054
1096,apartment_block,0.039777702796992054,ns,0.16024307633509316,ns,1.9207683587066626
1097,apartment_block,-0.03817904895649438,ns,-0.4101936267997595,ns,1.6882974989203954
1098,apartment_block,0.04992533145644451,HH,-0.6048877943102197,cold,1.6080552391774163
1099,apartment_block,0.1491402355736015,HH,-0.586700198976317,cold,1.656200583066173
1100,apartment_block,0.11866237863942308,ns,-0.42632297024984717,ns,1.8969274220802648
1101,apartment_block,0.15700940685405498,ns,-0.25355947163263115,ns,1.9193952512211896
1102,apartment_block,0.07648384697883374,ns,-0.13748198378985665,ns,1.948282473995361
1103,apartment_block,-0.0657839451414693,ns,0.1572747603517353,ns,1.5342323207556736
1104,apartment_block,0.2749742329644291,HH,-0.8576379209545095,cold,1.9971449619299348
1105,apartment_block,0.36281548018436105,HH,-0.7887582187437825,cold,2.337710701657842
1106,apartment_block,0.5452353013308973,HH,-0.789750464018256,cold,2.448345748146799
1107,apartment_block,0.2553595597648364,HH,-0.7372041327240864,cold,2.1546251561221066
1108,apartment_block,0.13935448390645172,ns,-0.4879929033015278,ns,2.1546251561221066
1109,apartment_block,0.0850972687104603,ns,-0.2636526608016743,ns,2.1580780809644216
1110,apartment_block,-0.004223797804492118,ns,0.0658975000050906,ns,2.102831283487384
1111,apartment_block,-0.10281371555348236,ns,0.26720876069942284,ns,1.9472187361589863
1112,apartment_block,-0.04466283921027679,ns,0.11479770508339066,ns,2.1892861602229687
1113,apartment_block,-0.029857917656525512,ns,0.09516280576324372,ns,2.042252860309297
1114,apartment_block,-0.08043837720286365,ns,0.18966051651296156,ns,2.0356861295890067
1115,apartment_block,-0.12846547489498894,ns,0.31877942201996273,ns,1.6736974765875687
1116,apartment_block,0.020820950149765295,ns,-0.27186128979229796,ns,1.8348682268391119
1117,apartment_block,0.22820092081514565,HH,-0.5994740199897513,cold,1.9532468158430398
1118,apartment_block,0.2001881392518992,ns,-0.43652406971867663,ns,1.7107653280613202
1119,apartment_block,0.3792986767089921,ns,-0.45517902902575236,ns,1.9932181481576425
1120,apartment_block,0.11381186663573664,ns,0.01777524912655477,ns,1.8808789641531536
1121,apartment_block,0.0707333403592653,ns,0.04929790722390721,ns,1.9354437091483008
1122,apartment_block,-0.013317058983359553,ns,0.07762814826430628,ns,1.835943290925015
1123,apartment_block,-0.12453797312418188,ns,0.07946671997889986,ns,1.6305230384257638
1124,apartment_block,0.35214304269571794,HH,-0.8136836063885879,cold,1.9761223800858212
1125,apartment_block,0.42351235182232444,HH,-0.8176370139911026,cold,2.438619102341107
1126,apartment_block,0.4240476343448994,HH,-0.8007730266243208,cold,2.4404984854756195
1127,apartment_block,0.26781580531461835,HH,-0.7856207866538337,cold,2.3503094238126376
1128,apartment_block,0.2201141725919738,ns,-0.5319999593740881,ns,2.4443217985876475
1129,apartment_block,0.19537409791333896,ns,-0.3180531232381886,ns,2.4443217985876475
1130,apartment_block,0.048843829923609104,ns,-0.06033216054689937,ns,2.1821665259592695
1131,apartment_block,0.05752030836202786,ns,0.06225200007551376,ns,2.2248843066764428
1132,apartment_block,0.015358321481288854,ns,0.10091109062179858,ns,2.2248843066764428
1133,apartment_block,-0.04377279643305666,ns,0.09727467582938118,ns,2.05210295400077
1134,apartment_block,-0.0717716650362449,ns,0.19206205717922092,ns,2.045536224713857
1135,apartment_block,-0.11794879569592927,ns,0.3432582891610783,ns,1.8452509759683997
1136,apartment_block,0.12572411444827392,ns,-0.19594707299407582,ns,1.935838212211256
1137,apartment_block,0.14815594675383975,HH,-0.7109163925757669,cold,1.8662037166189305
1138,apartment_block,1.0597997695380321,ns,-0.7721799736061542,ns,1.9671737182041125
1139,apartment_block,0.2511566983685801,HH,-0.6124476280103607,cold,2.1168878253606755
1140,apartment_block,0.18751371096694286,HH,-0.8812306198938866,cold,1.875517348431742
1141,apartment_block,0.3528183824114487,HH,-0.8340256545410515,cold,2.1181905587807375
1142,apartment_block,0.13238987692915377,ns,-0.507809137330848,ns,2.028054802086028
1143,apartment_block,-0.020776572998735136,ns,-0.0518680604292612,ns,1.7680477670710513
1144,apartment_block,-0.02282218350948111,ns,0.3357777748762357,ns,1.7300234715953382
1145,apartment_block,2.7736298685998582e-05,ns,0.3299927228055767,ns,1.826314219158006
1146,apartment_block,0.038795100625047874,HH,-0.6486637423773461,cold,1.5272498926186302
1147,apartment_block,0.4469334212558477,HH,-0.673332985629588,cold,2.3346406935909214
1148,apartment_block,0.27105940900235864,HH,-0.7027208139080959,cold,1.8981534167163712
1149,apartment_block,0.4082150953276861,ns,-0.6029515931841279,ns,2.4169015226947317
1150,apartment_block,0.17431799452590396,ns,-0.494470379437776,ns,2.1109702247639808
1151,apartment_block,-0.061415906148497,ns,-0.32410194367344414,ns,1.8155055934522966
1152,apartment_block,0.0381329849219408,ns,-0.12786006447402307,ns,2.217764677074935
1153,apartment_block,0.07755215666151935,ns,0.0008950599695688962,ns,2.2248843066764428
1154,apartment_block,-0.0749092962147248,ns,0.12978159859875688,ns,1.8748012541760646
1155,apartment_block,-0.09387153551380774,ns,0.24233494599662914,ns,1.9306184590872302
1156,apartment_block,-0.17083650466128333,ns,0.4132790863769667,ns,1.8238609654150972
1157,apartment_block,0.0037599604972320512,ns,-0.1938117201112376,ns,1.8592402816514322
1158,apartment_block,0.09521347151067781,ns,-0.07227834390825053,ns,2.127332994024961
1159,apartment_block,0.04034460822644629,ns,-0.12770415956353443,ns,1.7095262028676854
1160,apartment_block,0.08720693139931991,HH,-0.6081052690667582,cold,1.9288747610307195
1161,apartment_block,0.9517773161831778,ns,-0.5938596139435602,ns,1.7056460902906767
1162,apartment_block,-0.05020517173393977,ns,-0.12250200646831372,ns,2.0800561994030065
1163,apartment_block,-0.12077346285319215,ns,0.09608720491346616,ns,1.9968539475524796
1164,apartment_block,0.2745933268879863,HH,-0.6140926800970947,cold,1.9075039247820056
1165,apartment_block,-0.12670393824916987,ns,0.14342126626601065,ns,1.6020539281159036
1166,apartment_block,-0.05338829027919269,ns,0.22342896165450357,ns,1.9733021968243054
1167,apartment_block,-0.12046963588289675,ns,0.2312226259079428,ns,1.9634521040884172
1168,apartment_block,-0.1716759055119173,ns,0.33180313396825856,ns,1.7988337269890275
1169,apartment_block,-0.21205138773341883,ns,0.4587267257484783,ns,1.5798452960703635
1170,apartment_block,0.02037846702400318,ns,0.1616555038681688,ns,1.8836123688898283
1171,apartment_block,-0.008826910876902693,ns,0.16162357773800107,ns,1.8487950967741085
1172,apartment_block,-0.00478216789624718,ns,0.12968516832619037,ns,1.820941356904115
1173,apartment_block,0.050814368577693406,ns,-0.09342475903046857,ns,1.719971355318933
1174,apartment_block,-0.033135938326368006,ns,-0.3133419161008855,ns,1.8706585014856758
1175,apartment_block,0.0827295263318113,ns,-0.35735077073713345,ns,1.751937472253056
1176,apartment_block,0.10720804115015328,ns,-0.1023891556528956,ns,1.7049095458656836
1177,apartment_block,-0.003896521467597136,ns,0.18771347366996627,ns,1.7204937308130412
1178,apartment_block,0.05210164836974,ns,0.12262109012510833,ns,1.8420503574371392
1179,apartment_block,-0.3131371783603001,LL,0.6151454134395712,hot,1.5366003861703637
1180,apartment_block,-0.2856592243299793,ns,0.47473800074327654,ns,1.2604806055073152
1181,apartment_block,-0.24061678852460117,ns,0.4150260182078896,ns,1.383399809966815
1182,apartment_block,-0.23249481572371664,ns,0.413406297921164,ns,1.316352971407248
1183,apartment_block,-0.27846982783924307,ns,0.3876484215998322,ns,1.3208227583896939
1184,apartment_block,0.44693652405224915,ns,-0.23772070443831633,ns,1.633216428078871
1185,apartment_block,-0.1194306123497552,ns,-0.29048831867915914,ns,1.8032763013585646
1186,apartment_block,-0.0870137993884054,ns,0.2560460468852548,ns,1.9990055635101978
1187,apartment_block,-0.06545457264206596,ns,0.14397062418968035,ns,1.8738671727016831
1188,apartment_block,0.06485986683593525,ns,-0.14037692517365014,ns,1.8578237867385161
1189,apartment_block,0.03338790596935237,ns,-0.30686951591417005,ns,1.880284530075263
1190,apartment_block,-0.08363317503729298,ns,0.0841120119145842,ns,1.6952458269706419
1191,apartment_block,-0.09147342838769398,ns,0.5001215248586226,ns,1.8235159349714025
1192,apartment_block,0.3190226362468408,HH,-0.7468713865107177,cold,2.289128018659941
1193,apartment_block,0.5106064118630409,HH,-0.8138685030457374,cold,2.566472638668659
1194,apartment_block,0.20235227322505808,ns,-0.38063317386319817,ns,1.8856860738383503
1195,apartment_block,0.10348536719605653,ns,-0.08440392153048033,ns,1.71737689962913
1196,apartment_block,0.12212817918525418,ns,-0.02542153732198984,ns,1.848284027061912
1197,apartment_block,-0.011626585759821817,ns,0.04010449687846509,ns,1.6768580216687803
1198,apartment_block,-0.208454173133208,ns,0.31108177560544586,ns,1.5646519248811677
1199,apartment_block,-0.25321891584362705,LL,0.7583391507582519,hot,1.3007087143669274
1200,apartment_block,-0.3030354894576529,LL,0.66488902186703,hot,1.3901044943431238
1201,apartment_block,-0.26502668852543904,LL,0.657815401759668,hot,1.3968091787194323
1202,apartment_block,-0.28470417079310684,LL,0.6485327473425089,hot,1.3968091787194323
1203,apartment_block,-0.26069169187111035,ns,0.22678613980729795,ns,1.3968091787194323
1204,apartment_block,0.5891962948823573,ns,0.06438068893514592,ns,1.8995365872544374
1205,apartment_block,-0.05369279086154546,ns,-0.07294741059103091,ns,1.950875412624555
1206,apartment_block,-0.13465466120995356,ns,0.22639840625357957,ns,1.99579688622418
1207,apartment_block,-0.12340890163472254,ns,0.13809685952178188,ns,1.9669187948523312
1208,apartment_block,0.007527510252146041,ns,-0.024819114626602055,ns,1.8706585014856758
1209,apartment_block,0.13881259219361516,ns,-0.3559191044019985,ns,2.1216573212924295
1210,apartment_block,-0.056918031201786665,ns,0.1355611719812989,ns,1.9933871931124678
1211,apartment_block,-0.042102204014006016,ns,0.3583053383632235,ns,1.9351820629581242
1212,apartment_block,0.22431667980888018,ns,-0.5861779887087462,ns,2.260151725362226
1213,apartment_block,0.19451087978000542,ns,-0.5773848835038764,ns,2.2974069485873345
1214,apartment_block,0.3121221079293463,ns,-0.3492233186702481,ns,2.467125310875646
1215,apartment_block,-0.008326894247811977,ns,-0.18248802690851618,ns,1.5833529119846346
1216,apartment_block,-0.02155173074421559,ns,0.12125149832400381,ns,1.6581570055375114
1217,apartment_block,-0.007950635494961767,ns,0.31240633030372816,ns,1.7204937308130412
1218,apartment_block,0.04054179875619548,ns,0.10637492485634753,ns,1.6893253754322266
1219,apartment_block,-0.10159649300655041,ns,0.14422487183513413,ns,1.5085488474595596
1220,apartment_block,0.2121188007608744,ns,0.0802846963102816,ns,1.5895866033802588
1221,apartment_block,0.40618509530236196,ns,0.1090025721377363,ns,1.9386722901411269
1222,apartment_block,-0.3443042321652277,LL,0.9267290928261673,hot,1.2537759224318865
1223,apartment_block,-0.258036464919848,LL,0.8934929773991008,hot,1.3029436052563905
1224,apartment_block,-0.28696116540360844,LL,0.8368551248164763,hot,1.3319972336510881
1225,apartment_block,-0.3101943620314724,ns,0.48734973506769275,ns,1.3923393894604466
1226,apartment_block,-0.1929318130902624,ns,0.30290039355750814,ns,1.3074133870353168
1227,apartment_block,-0.06136443246703784,ns,0.01820201422087601,ns,1.828945700969754
1228,apartment_block,-0.11051533078264666,ns,0.15905320333801934,ns,2.0054229166814626
1229,apartment_block,-0.10269701591073939,ns,0.18188021536473029,ns,1.8193196723801668
1230,apartment_block,0.32168185346214373,ns,0.24452328443047164,ns,1.6115180592634355
1231,apartment_block,-0.271608342101052,ns,0.3600502889003358,ns,1.8476613001898339
1232,apartment_block,0.16950149554810487,ns,-0.39887392620633494,ns,1.8144395459971003
1233,apartment_block,0.05620012514425164,ns,-0.12256299319123375,ns,2.044899161731615
1234,apartment_block,0.023126256918552846,ns,-0.13941814674652425,ns,2.0200623719494333
1235,apartment_block,0.2075822384616838,ns,-0.055930453917200085,ns,2.2849885344203256
1236,apartment_block,0.17074662177630345,ns,0.14485946235055902,ns,1.8015314867337402
1237,apartment_block,0.1339638756915729,ns,0.16231818196751024,ns,1.848284027061912
1238,apartment_block,0.0734027909342088,ns,0.10313115734136434,ns,1.6643906969331355
1239,apartment_block,0.18886808572444339,ns,-0.012082910890335311,ns,1.866985050450131
1240,apartment_block,0.0039099267059662605,ns,0.3490579412892169,ns,1.7797136249046592
1241,apartment_block,-0.3571616207747416,LL,1.14108884848476,hot,1.3012331026978305
1242,apartment_block,-0.25079531698041746,LL,1.029213662311392,hot,1.3584301533764858
1243,apartment_block,-0.1734213452163228,LL,0.6120298559372963,hot,1.240366556281029
1244,apartment_block,-0.008192019712690235,ns,0.10664766773293353,ns,1.5562081993621728
1245,apartment_block,0.07657581943032565,ns,0.035533964019773365,ns,1.9861708557668967
1246,apartment_block,-0.08499027987455798,ns,0.11223518181177138,ns,1.8514064443065013
1247,apartment_block,-0.08590692121687363,ns,-0.02566951848259945,ns,1.9816885485792022
1248,apartment_block,-0.3024541907287778,ns,0.5161952680837514,ns,1.6753405672531556
1249,apartment_block,0.09293493521651859,ns,-0.27247753285034293,ns,1.7077078063730604
1250,apartment_block,0.23030612029187006,ns,-0.19863473159520037,ns,2.5292173913486518
1251,apartment_block,0.2090431139886085,ns,-0.147528610756603,ns,2.4754042504409988
1252,apartment_block,-0.031562499776777574,ns,-0.042472661492226886,ns,1.7391947614582106
1253,apartment_block,0.09085694337440342,ns,0.1293911865712651,ns,1.8576345351275463
1254,apartment_block,0.13932715302280843,ns,0.2226450790844505,ns,1.9199712712885015
1255,apartment_block,-0.11342662279016089,ns,0.30699887291042094,ns,1.6612738367214226
1256,apartment_block,-0.5017912148283935,LL,1.3530469814203019,hot,1.1415579621950542
1257,apartment_block,-0.3292380788424987,LL,1.1908518521660323,hot,1.2607184992391727
1258,apartment_block,-0.4207407370355944,LL,1.1917428083533022,hot,1.1320251352121984
1259,apartment_block,-0.14952068860836604,LL,0.7268587548203902,hot,1.282829556030104
1260,apartment_block,0.042120478216942335,ns,0.0709693439434009,ns,1.8257370297537465
1261,apartment_block,0.17296886403913098,ns,-0.30116760114512353,ns,1.777606871864245
1262,apartment_block,-0.05860839679118009,ns,-0.31848537878675776,ns,1.5979209849365292
1263,apartment_block,-0.1008858070842373,ns,-0.19467986356538378,ns,1.5497908270470278
1264,apartment_block,-0.16373361209583465,ns,0.2527662446365124,ns,1.9082926738641677
1265,apartment_block,0.7316778178805111,HH,-1.7786927735347158,cold,3.7226069644838047
1266,apartment_block,0.8979455441826671,HH,-1.8453448903453573,cold,4.204133659218907
1267,apartment_block,0.14545248333625976,ns,-0.28363071072601337,ns,1.7017782754454303
1268,apartment_block,0.07719414839302405,ns,-0.15609263242413843,ns,1.7254964267675281
1269,apartment_block,0.01928631273949415,ns,-0.1770385428988236,ns,1.829263399202029
1270,apartment_block,0.2580310136179048,ns,-0.12835360680992516,ns,2.8619570138572117
1271,apartment_block,-0.03144716074807753,ns,-0.03484049565924578,ns,2.1359675451402955
1272,apartment_block,0.07914662410836862,ns,-0.16039045044317393,ns,2.338801675327978
1273,apartment_block,0.03553894844946761,ns,-0.2691779367767115,ns,2.090433353435955
1274,apartment_block,0.11923853978773365,ns,-0.13199737159359676,ns,2.355359573734603
1275,apartment_block,0.10679308371174892,ns,0.026622503917564724,ns,2.322243796197272
1276,apartment_block,0.2301915700911426,ns,0.04473307875007356,ns,1.820232502865009
1277,apartment_block,-0.07725098202053662,ns,0.15278304963151654,ns,1.7298442388786752
1278,apartment_block,-0.28797488659743725,LL,1.176500347359575,hot,1.1367915708990064
1279,apartment_block,-0.2793418289745809,ns,0.5132851563927291,ns,1.0906286065110151
1280,apartment_block,0.11407317440998485,ns,-0.24229975845768806,ns,1.8867018799780604
1281,apartment_block,0.9520132528447967,ns,-0.3520771797072736,ns,2.150418786602684
1282,apartment_block,0.3813373992671555,ns,-0.32701292921687497,ns,2.264567732359977
1283,apartment_block,0.12271314265286933,ns,-0.3447961182347779,ns,1.911483800749637
1284,apartment_block,0.2223670591010256,ns,-0.21314693722964,ns,1.8731903004137551
1285,apartment_block,-0.1719779247709065,ns,0.3118349583390464,ns,1.6530026716249537
1286,apartment_block,-0.22211470630604596,LL,0.7579802123670231,hot,1.9689240493959812
1287,apartment_block,-0.41191331108846646,LL,1.0924280372054493,hot,1.5062109389121972
1288,apartment_block,0.5672556033639238,HH,-1.6382919939530043,cold,2.9341779852188337
1289,apartment_block,0.4125640380234252,HH,-1.6032717317188696,cold,2.8681353921634978
1290,apartment_block,0.7968900383397827,HH,-1.8015336621965987,cold,4.079873553044099
1291,apartment_block,0.9068128830335223,HH,-1.9597940612591667,cold,4.252457040986039
1292,apartment_block,0.20907825774775946,ns,-0.43808766452571984,ns,1.5950465254670492
1293,apartment_block,0.07430224765799268,ns,-0.27473840475400313,ns,1.6750953310479408
1294,apartment_block,0.07559615282996184,ns,-0.08347624534408314,ns,1.832228169843015
1295,apartment_block,-0.08675595896985422,ns,-0.12436867063911347,ns,1.6513771659200547
1296,apartment_block,0.14703361074131444,ns,-0.22728810035348734,ns,2.670824556952593
1297,apartment_block,0.1830480699351771,ns,-0.16393448145489603,ns,2.620526534581323
1298,apartment_block,0.17274639960640453,ns,-0.15685606153932236,ns,2.6054371559761482
1299,apartment_block,-0.1248657727513776,ns,0.018159519786267463,ns,1.7423115926421218
1300,apartment_block,-0.21686169140556716,ns,0.16718686667737906,ns,1.6550401743536003
1301,apartment_block,-0.12764780862811906,ns,0.14551673165897977,ns,1.848284027061912
1302,apartment_block,-0.08231539047646907,ns,0.194319166690408,ns,1.8950365819039847
1303,apartment_block,-0.16779344060704265,LL,1.364155390238585,hot,1.3131491475240904
1304,apartment_block,-0.06532963890231211,LL,0.5618992725465236,hot,1.8374297852041463
1305,apartment_block,0.09336953421431335,ns,0.24090821332572157,ns,2.2903432969540916
1306,apartment_block,-0.154615645115462,ns,-0.10177117227325111,ns,1.859523091379051
1307,apartment_block,0.1568578907074616,ns,-0.2805961618202625,ns,1.9625418011974802
1308,apartment_block,-0.007681875369588387,ns,-0.1254114404059912,ns,1.7359719260676565
1309,apartment_block,0.5690551937670912,HH,-1.4388352739675687,cold,3.365247769730391
1310,apartment_block,0.7072445140796104,HH,-1.5181098581783596,cold,3.7532882612781737
1311,apartment_block,0.5147699627379548,HH,-1.2710422649749227,cold,2.8964393612041803
1312,apartment_block,0.44166248387856977,HH,-1.315665630208779,cold,2.750202179589783
1313,apartment_block,0.8716743616693176,HH,-1.5583427800247982,cold,4.107486911757732
1314,apartment_block,0.8562264585843249,HH,-1.7679905798683258,cold,4.017743491920149
1315,apartment_block,0.6841839909036064,HH,-1.7105162502425666,cold,3.210087751047337
1316,apartment_block,0.7353428220186157,HH,-1.6918902030251937,cold,3.393849478011201
1317,apartment_block,0.14800233260753293,ns,-0.35395403967751393,ns,1.5238920438891799
1318,apartment_block,0.09212984488224045,ns,-0.21804796913840405,ns,1.787756611953952
1319,apartment_block,-0.01958776288066988,ns,0.042012694494251074,ns,1.7373555162343652
1320,apartment_block,0.2051468248355559,ns,-0.047823413866337545,ns,2.711062946743403
1321,apartment_block,0.18490341268583957,ns,-0.18291006844345425,ns,2.791539773168699
1322,apartment_block,0.07791971250091453,ns,-0.13276832865734306,ns,2.6356159600301745
1323,apartment_block,0.057149292440306934,ns,0.12912042755300865,ns,2.409274859359462
1324,apartment_block,-0.09095109733109863,ns,0.3232987622866274,ns,1.7423115926421218
1325,apartment_block,-0.01420687287764133,ns,0.26983594915936326,ns,1.8295830109306435
1326,apartment_block,-0.20481783515245136,LL,0.7929485844416495,hot,1.8077651636154635
1327,apartment_block,-0.44837770196381843,LL,1.3149213620281968,hot,1.1630068672972398
1328,apartment_block,-0.1397820458702115,ns,0.3823773623676029,ns,1.9000275546198093
1329,apartment_block,0.3945780578998688,HH,-1.168782308263174,cold,2.599053085765481
1330,apartment_block,0.375578484929099,HH,-1.021914759216529,cold,2.620013192299428
1331,apartment_block,0.613499774952093,HH,-1.3411277476953791,cold,3.3995283616753103
1332,apartment_block,0.6145063624509135,HH,-1.5046064211138896,cold,3.301149717993378
1333,apartment_block,0.6073631490317014,HH,-1.5008488023107207,cold,3.2137020516876325
1334,apartment_block,0.6759607820457442,HH,-1.571783547494689,cold,3.3066152138394584
1335,apartment_block,0.7162339078243635,HH,-1.698631457001641,cold,3.3503390406296765
1336,apartment_block,0.2510431383689085,ns,-0.37388234052090463,ns,2.0131393405988094
1337,apartment_block,0.0735002080927014,ns,-0.17028066145902462,ns,1.9026009006060833
1338,apartment_block,-0.03589960616170816,ns,0.020354499056158038,ns,1.681024861975571
1339,apartment_block,-0.08471364893941369,ns,0.11113966840854138,ns,1.5505749606750923
1340,apartment_block,0.1443254333145979,ns,0.03813573366604826,ns,2.565198719341662
1341,apartment_block,-0.06023904571977835,ns,0.5031767772199052,ns,1.773479962536837
1342,apartment_block,-0.41725585364010626,LL,0.9931275652328211,hot,1.1677733029840478
1343,apartment_block,-0.39585215272857666,LL,0.9920784943842256,hot,1.2607184992391727
1344,apartment_block,-0.2828527093466069,LL,1.1836518466097545,hot,1.9184386773922795
1345,apartment_block,0.4676274961224056,HH,-1.1007922337592384,cold,2.461646952569718
1346,apartment_block,0.41576389270339603,HH,-0.8906510369048841,cold,2.4937728487973594
1347,apartment_block,0.32450061202956304,HH,-0.7620313921649648,cold,2.325111897400627
1348,apartment_block,0.3080372428259085,HH,-0.7147872952408714,cold,2.235436642446038
1349,apartment_block,0.29174752425916084,HH,-0.7935506355578471,cold,2.3138611345109164
1350,apartment_block,0.290120777481956,HH,-0.7264089071370955,cold,2.3753591055992165
1351,apartment_block,0.3038466113888407,HH,-0.7919703974650667,cold,2.464908411268453
1352,apartment_block,0.47450353629006975,HH,-0.8130014241175855,cold,3.0169447993183756
1353,apartment_block,0.5144970704802343,HH,-0.877684303405385,cold,3.2082365685668632
1354,apartment_block,0.46721422062775264,HH,-0.917174753662531,cold,2.858445852442632
1355,apartment_block,0.7136283259994463,HH,-1.4773390856390933,cold,3.2792877982356137
1356,apartment_block,0.7051048152921454,HH,-1.568758218871215,cold,3.268356844719387
1357,apartment_block,0.17442749945675629,ns,-0.2717957308832602,ns,2.090181274709833
1358,apartment_block,0.09495555817697564,ns,-0.19441315516991067,ns,2.049985480763876
1359,apartment_block,-0.09148292852755223,ns,-0.03740171705792947,ns,1.7820135214491228
1360,apartment_block,-0.04488625895012878,ns,0.14019337567514484,ns,1.6949226269703053
1361,apartment_block,-0.1331155376982628,ns,0.1987131043019545,ns,1.6421036667613027
1362,apartment_block,-0.0017101842692643005,ns,0.45619114666866867,ns,2.1852574432885534
1363,apartment_block,-0.2510762177840683,ns,0.5807786942524493,ns,1.460908215456382
1364,apartment_block,0.40250006249198844,HH,-0.9516296712368936,cold,2.465662687698982
1365,apartment_block,0.41959696166786226,HH,-0.8083822905840737,cold,2.5098357974955467
1366,apartment_block,0.18564009913240492,HH,-0.6843359131654114,cold,1.9348467716738946
1367,apartment_block,0.19020646057593998,ns,-0.5477034733094482,ns,2.1814405867724473
1368,apartment_block,0.17779799822892048,ns,-0.5770299166125861,ns,2.1166453228975906
1369,apartment_block,0.29961876708073204,ns,-0.6014632821096645,ns,2.394577222822782
1370,apartment_block,0.22684943702254676,ns,-0.5404992236067242,ns,2.2139269323314097
1371,apartment_block,0.05886011515026479,ns,-0.08143344643882108,ns,2.0038639056151126
1372,apartment_block,0.05200071056131321,ns,0.04267819812853737,ns,1.9130739509232704
1373,apartment_block,-0.0966140246852103,ns,0.10342568282850795,ns,1.720137479849907
1374,apartment_block,-0.031886835511861715,ns,0.19191100179197623,ns,1.7676363596924325
1375,apartment_block,-0.05383713073795556,ns,0.3312433726263828,ns,1.876205200820185
1376,apartment_block,-0.2544180102188228,LL,0.6000400268068126,hot,1.434692902411613
1377,apartment_block,-0.38358495992326436,LL,0.6890951216597326,hot,1.2011382418148033
1378,apartment_block,0.3203514966409033,HH,-0.8815496475100346,cold,2.2046397593739218
1379,apartment_block,0.25772160535177363,HH,-0.762416150389021,cold,2.1082620788721314
1380,apartment_block,0.4251598667466766,ns,-0.648506857853775,ns,2.5098357974955467
1381,apartment_block,0.16590870013258052,ns,-0.5637678076585388,ns,2.0008824968431114
1382,apartment_block,0.15936988386339251,ns,-0.46423240087600814,ns,1.9744682090816954
1383,apartment_block,0.27302831869091976,ns,-0.5311890666494623,ns,2.197099597408702
1384,apartment_block,0.19748068256870674,ns,-0.5141371662081362,ns,2.2831121478481244
1385,apartment_block,0.21953965289178198,ns,-0.3470437348611714,ns,2.2638940378957293
1386,apartment_block,0.012316404677074778,ns,-0.1567852918907388,ns,1.7036876295920458
1387,apartment_block,0.01569760996273504,ns,-0.06292720945387033,ns,1.7859970793739308
1388,apartment_block,0.05226450649288167,ns,0.0668282631395677,ns,1.831500218243412
1389,apartment_block,-0.038296484874582724,ns,-0.03846645225996809,ns,1.8871339789675174
1390,apartment_block,0.06179080529437453,ns,-0.008246379183757235,ns,2.0865573186560726
1391,apartment_block,0.06868865801400466,ns,0.011411791751618381,ns,2.100128421822186
1392,apartment_block,0.07474139667225091,ns,-0.04257295411528728,ns,2.0729862135151036
1393,apartment_block,-0.21850571541636446,LL,0.7282304713256225,hot,1.7713563507091843
1394,apartment_block,0.3110696487266954,HH,-0.7869078123901727,cold,2.3612535182389314
1395,apartment_block,0.32152893679129335,HH,-0.670624568649489,cold,2.401410888231299
1396,apartment_block,0.21755073373513273,ns,-0.598377783705268,ns,2.044010279404449
1397,apartment_block,0.2480771063595073,ns,-0.48064796924905573,ns,2.063616433639785
1398,apartment_block,0.1362076367841377,ns,-0.4660048648100297,ns,1.9150360568137792
1399,apartment_block,0.20696687683743104,ns,-0.4668439728454323,ns,2.040503930407127
1400,apartment_block,0.26468834110841877,ns,-0.46933949095565153,ns,2.182597289138558
1401,apartment_block,0.2444766222419045,ns,-0.3423199437199313,ns,2.3023302667496526
1402,apartment_block,0.045513708927434206,ns,-0.12160744875419392,ns,1.844840961709162
1403,apartment_block,-0.011014751553174617,ns,0.1417992351513922,ns,1.861835608841338
1404,apartment_block,0.27918164755242486,ns,-0.28166089992640575,ns,2.100021078678478
1405,apartment_block,0.23593329970866278,ns,-0.396982845297848,ns,1.8910467094519503
1406,apartment_block,0.20558232564235737,ns,-0.55080528536421,ns,1.9047499551468923
1407,apartment_block,-0.019466400154546194,ns,0.014232347606870416,ns,1.9422564382473162
1408,apartment_block,-0.030555037203846135,ns,-0.008939998456944058,ns,1.9949523688288093
1409,apartment_block,0.0655990206083473,ns,-0.08866737492968241,ns,2.113699525482013
1410,apartment_block,0.2807238359690385,HH,-1.2652087172441693,cold,2.0681046995298966
1411,apartment_block,0.33211834742193946,HH,-1.1057310491986616,cold,2.1243250006894514
1412,apartment_block,0.3291313891924551,HH,-0.8166127513539512,cold,2.1162935397807914
1413,apartment_block,0.2504569524414356,ns,-0.6049075523712831,ns,1.9436168310488613
1414,apartment_block,0.3185306170685085,ns,-0.5351409538471608,ns,2.196608279765528
1415,apartment_block,0.26886030402604477,ns,-0.42802985381558734,ns,2.260860097932944
1416,apartment_block,0.09653871036610287,ns,-0.3643964024463534,ns,1.8556038968582922
1417,apartment_block,0.11254448808704783,ns,-0.3073035623090174,ns,1.849000320113207
1418,apartment_block,0.16233367970196966,ns,-0.38214928496448475,ns,2.0438057149358846
1419,apartment_block,0.14996514125537702,ns,-0.3902578115034614,ns,1.86550925428835
1420,apartment_block,0.0319527333108899,ns,-0.263560901367695,ns,1.7036876295920458
1421,apartment_block,-0.10516062713180141,ns,-0.009590695738129606,ns,1.6423604248613288
1422,apartment_block,0.03141887728668926,ns,-0.04907491578840042,ns,1.9601351506825468
1423,apartment_block,0.030157753894102725,ns,0.16697929088694127,ns,1.9604256547708931
1424,apartment_block,0.14929255675441544,ns,-0.05278912611058023,ns,1.875991855701972
1425,apartment_block,0.2132425132119001,ns,-0.2543242385236607,ns,1.9350048422983646
1426,apartment_block,0.14338229300638808,ns,-0.18117681391602486,ns,2.012806412084239
1427,apartment_block,0.8103616003611306,HH,-1.4880705871162485,cold,2.0658491165589745
1428,apartment_block,0.29744523018211033,HH,-1.000437356103774,cold,1.9357281602803924
1429,apartment_block,0.5050791623049092,HH,-0.8681330677371139,cold,2.401410897581166
1430,apartment_block,0.40353584194745123,HH,-0.7746730648230211,cold,2.365269258043128
1431,apartment_block,0.1827132438657842,ns,-0.5696605664292221,ns,2.0239315897333316
1432,apartment_block,0.06361689050126436,ns,-0.486270327245064,ns,2.080151928292354
1433,apartment_block,0.07540643238390962,ns,-0.44228986808721843,ns,1.923538141377744
1434,apartment_block,0.08806638549080435,ns,-0.39189265563535874,ns,1.7070235046571456
1435,apartment_block,0.10316312430230457,ns,-0.25666264275391204,ns,1.9645628439640674
1436,apartment_block,0.04404269119548478,ns,-0.021545899688546432,ns,1.8122597842094073
1437,apartment_block,0.08268974638397489,ns,-0.04281640979544087,ns,1.9349648778858544
1438,apartment_block,0.03437438507885342,ns,-0.10812734342714368,ns,1.9255260225538737
1439,apartment_block,-0.010167382028271022,ns,-0.0061524110793956905,ns,1.9604256547708931
1440,apartment_block,0.07209291465228025,ns,0.18482397887319513,ns,1.9793853224528064
1441,apartment_block,0.13708261291435017,ns,-0.23321492138947822,ns,1.9318988949217524
1442,apartment_block,0.7428237389540575,HH,-1.3886275725513657,cold,1.8517248684065402
1443,apartment_block,0.3667508860733055,HH,-1.0274379058735892,cold,2.0927778276684252
1444,apartment_block,0.3844782305557813,HH,-0.8110410922059215,cold,2.0721204673836944
1445,apartment_block,0.4100792691403874,ns,-0.46586666540495303,ns,2.224718449045039
1446,apartment_block,0.14029988852254233,ns,-0.42501355304406496,ns,1.7796628334779436
1447,apartment_block,0.16278110491437014,ns,-0.3120107251707214,ns,1.7796628027276624
1448,apartment_block,0.0663634890238807,ns,-0.038952127281601724,ns,1.6203364425168172
1449,apartment_block,0.11215791096192082,ns,-0.12899578239359116,ns,1.8877706122142228
1450,apartment_block,0.12667991226380726,ns,-0.18367210909601706,ns,1.9538425812243012
1451,apartment_block,0.10773905289269417,ns,-0.17000079096807685,ns,2.062241567225059
1452,apartment_block,-0.10357579640871775,ns,0.01312614532933931,ns,1.6477031346575945
1453,apartment_block,0.0653886390577752,ns,-0.029560816180716827,ns,1.947285534574529
1454,apartment_block,0.06254598452063533,ns,-0.12248000266099379,ns,1.7446473921040437
1455,apartment_block,0.05747575656157761,ns,-0.19096619300256984,ns,1.8325085951412474
1456,apartment_block,-0.15090196289975413,ns,0.4059226900429757,ns,2.1233806586141313
1457,apartment_block,-0.10879797025272267,ns,0.42204288282925795,ns,2.1763768443398384
1458,apartment_block,0.3054218098689187,HH,-1.0066762352127494,cold,1.8992050150418718
1459,apartment_block,0.5590338303701269,HH,-0.9494556180834607,cold,1.8590295246661288
1460,apartment_block,0.3016059278158243,ns,-0.6290025346089564,ns,1.7895681755328607
1461,apartment_block,0.23971752460414075,ns,-0.5612898483456924,ns,1.9183378374987516
1462,apartment_block,0.2681610289116401,ns,-0.41198445096437386,ns,2.135586247533041
1463,apartment_block,0.00468378101973913,ns,-0.0010524843261317514,ns,1.513362780498266
1464,apartment_block,0.028197861703436966,ns,0.0019734107767972716,ns,1.7367489562045917
1465,apartment_block,0.08138955455270377,ns,-0.04500084089074931,ns,1.8563077635494594
1466,apartment_block,0.13320403212480683,ns,-0.03352447932526122,ns,1.9438020243322898
1467,apartment_block,0.16337555603801546,ns,-0.047980800376343925,ns,2.020439379432643
1468,apartment_block,0.14302511988976824,ns,0.002793968214354628,ns,2.093593208069371
1469,apartment_block,-0.14006489678576323,ns,0.432025768027936,ns,2.105715251033092
1470,apartment_block,-0.21440240324704316,ns,0.46829087713753825,ns,2.070384468775379
1471,apartment_block,-0.16590175600387963,ns,0.4551239042009906,ns,2.059785232452847
1472,apartment_block,-0.17335750306432016,ns,0.4235993486319489,ns,2.0103221241303015
1473,apartment_block,-0.17325414402664405,ns,0.40688619319555897,ns,2.141046049742988
1474,apartment_block,0.29675100544730754,HH,-0.64571845501726,cold,2.089125499538631
1475,apartment_block,0.3082302657902002,HH,-0.7960833285294424,cold,1.957642095044303
1476,apartment_block,0.355363412957292,HH,-0.8414448776955488,cold,1.8626818357884953
1477,apartment_block,0.3931202351876441,HH,-0.9260007450197528,cold,2.0927778276684252
1478,apartment_block,0.34147605256920094,HH,-1.0135003550361825,cold,1.866334146910862
1479,apartment_block,0.516221556419225,HH,-0.9637874520548134,cold,2.136605629166535
1480,apartment_block,0.19985477228818366,ns,-0.35475694639746336,ns,1.9466851616772034
1481,apartment_block,0.21985952952180216,ns,-0.5138314925914047,ns,1.8042447557860641
1482,apartment_block,0.33571723195391356,HH,-0.6841430675925023,cold,2.180433447672072
1483,apartment_block,0.3120178956112462,HH,-0.7544004732530241,cold,2.103734778042953
1484,apartment_block,0.24212381563476212,HH,-0.8064770658495294,cold,1.9649467172890358
1485,apartment_block,0.1838035307794692,HH,-0.8107395350226777,cold,1.8699864580332286
1486,apartment_block,0.2574868844077762,HH,-0.9014052165421484,cold,1.767721576532688
1487,apartment_block,0.8413754731669976,HH,-1.129995268754215,cold,3.234542608921522
1488,apartment_block,0.7979377570874908,HH,-1.142438886347503,cold,3.589471736511637
1489,apartment_block,0.28195878046453826,HH,-0.6554709202672367,cold,2.147562588044776
1490,apartment_block,0.34557501724331535,HH,-0.6583996102350691,cold,2.2461751584229503
1491,apartment_block,0.2524323339246027,HH,-0.7741268400937935,cold,2.0416453869181552
1492,apartment_block,0.47042652434342075,HH,-0.789985885435401,cold,2.247080466893262
1493,apartment_block,0.4436413163277324,HH,-0.9055364826100591,cold,2.4242695966626187
1494,apartment_block,0.2817563238901445,HH,-1.0055547041628816,cold,2.3558101505715774
1495,apartment_block,-0.005746265921906973,ns,0.12534346477118277,ns,1.725524164508485
1496,apartment_block,0.06613963088606072,ns,0.05357083510067788,ns,1.8065181485413426
1497,apartment_block,-0.08289986736207056,ns,0.5084558917057593,ns,1.7182116190370254
1498,apartment_block,0.029248610352800703,ns,0.494486061025634,ns,2.027767972603208
1499,apartment_block,-0.1388733333075056,ns,0.5179993273061172,ns,1.6799518462746337
1500,apartment_block,0.4352041749247645,ns,-0.628885813053182,ns,2.1913903980465994
1501,apartment_block,0.3318584271914249,ns,-0.5606619731958198,ns,2.0927778276684252
1502,apartment_block,0.3402920816885666,ns,-0.44780234355914683,ns,2.0927778276684252
1503,apartment_block,0.2635945286693165,ns,-0.4630704937361286,ns,2.089125516546059
1504,apartment_block,0.3413617865776378,ns,-0.5547973142718675,ns,2.2133043030475115
1505,apartment_block,0.343067091046467,ns,-0.604189413294283,ns,2.2680890602349693
1506,apartment_block,0.34678983360269816,HH,-0.802977867495704,cold,2.3678912359119852
1507,apartment_block,0.08243312237630233,ns,0.16831583274449194,ns,1.929769860522098
1508,apartment_block,-0.06567616164647408,ns,0.41229793799244613,ns,1.8399472478653989
1509,apartment_block,-0.15157651018296595,ns,0.49232897515181023,ns,1.8642943995453936
1510,apartment_block,-0.18769177918543142,LL,0.6015995680165606,hot,1.815600128578304
1511,apartment_block,0.23165232759260102,ns,-0.49276012595574054,ns,1.6854324423784326
1512,apartment_block,0.2459759108004012,ns,-0.5779086525569739,ns,1.804987335861835
1513,apartment_block,0.20513600668599147,ns,-0.5397767364431867,ns,1.8195672021679026
1514,apartment_block,0.20547291619376118,ns,-0.5697125775815165,ns,1.7175081460876984
1515,apartment_block,0.1674938707678597,ns,-0.5554591426215783,ns,1.8992050150418718
1516,apartment_block,0.11299390258093918,ns,-0.5577384248914444,ns,1.8911110585565676
1517,apartment_block,-0.07216464236015012,ns,0.3304434268257185,ns,1.8747288653571912
1518,apartment_block,0.15395315015164932,ns,-0.34974167953334284,ns,1.7262560640467202
1519,apartment_block,0.10011511194763127,ns,-0.38413299979213567,ns,1.7758276036740297
1520,apartment_block,0.14655158084264003,ns,-0.44342155387605753,ns,1.8195672021679026
1521,apartment_block,0.20719156523489124,ns,-0.44123364208944543,ns,1.6416928390047654
1522,apartment_block,0.2825747165406518,ns,-0.46939333761592167,ns,2.196128975943515
1523,apartment_block,0.18188668894229348,ns,-0.40085630246491455,ns,2.070533373222716
1524,apartment_block,0.14259976250827805,ns,-0.23459048701290655,ns,1.8020713626430545
1525,apartment_block,0.13568906952870255,ns,-0.2514330637075662,ns,1.816651229161287
1526,apartment_block,0.09450021813433758,ns,-0.28267477108557365,ns,1.6570287060818065
1527,apartment_block,0.13385139034790408,ns,-0.2487491589869315,ns,1.9234070848882765
1528,apartment_block,-0.20018771934121005,ns,0.4758041601678134,ns,1.8990760170371863
1529,apartment_block,0.1399432140892521,ns,-0.2732794965097258,ns,1.7612477426720863
1530,apartment_block,0.008465186822734094,ns,-0.2269157950921297,ns,1.433967137169132
1531,apartment_block,-0.21364682546018857,ns,0.5220562591539207,ns,1.7808185434794122
1532,apartment_block,-0.2588731596774571,ns,0.5877235045301068,ns,1.7599495470700162
1533,apartment_block,0.19125495462724523,ns,-0.34308849849058026,ns,1.5879858414043218
1534,apartment_block,0.1557294392911558,ns,-0.20141073518103003,ns,1.5720528754118843
1535,apartment_block,0.07723124112119042,ns,-0.24051530459596626,ns,1.574708365622087
1536,apartment_block,-0.20452633548395452,ns,0.5451605890769495,ns,1.7182116190370254
1537,apartment_block,-0.2604203120912616,ns,0.5352498845309542,ns,1.9373357736031276
1538,apartment_block,0.02386752744604942,ns,0.20017352531396718,ns,2.052910586066368
1539,apartment_block,-0.22142969305464733,ns,0.11818595624888771,ns,0.6447678426955694
1540,apartment_block,-0.12383215657877882,ns,0.06935344351141674,ns,0.7471721468812782
1541,apartment_block,0.0693659008524464,ns,0.16706881610284605,ns,2.0227207351388587
1542,apartment_block,-0.322831072864854,ns,0.5323680008984325,ns,0.6220113221506743
1543,apartment_block,-0.27541999068421524,ns,0.5865852621923092,ns,0.6877523631870903
1544,apartment_block,0.10063895442783832,ns,0.17076790463379424,ns,2.376373426634023
1545,apartment_block,0.40197307530457643,ns,-0.3311848560678883,ns,0.7762499129941494
1546,apartment_block,-0.09319579147265675,ns,0.17867059117530282,ns,0.66246734559243
1547,apartment_block,-0.33110024191452264,LL,0.7911374670009713,hot,0.6700528485159777
1548,apartment_block,-0.3371469234251663,LL,0.7725884688280528,hot,0.6409750853466696
1549,apartment_block,-0.3333156330015806,LL,0.7148444654904696,hot,0.6207470854000436
1550,apartment_block,0.15042268094762773,ns,0.10553322467031671,ns,0.7623431556719366
1551,apartment_block,-0.35292218400380165,LL,0.8194402341008491,hot,0.6169543280511439
1552,apartment_block,-0.22754652840289738,LL,0.7963287198183333,hot,0.7686644085988201
1553,apartment_block,-0.30565200460206227,LL,0.7473929386121867,hot,0.6144258310013786
1554,apartment_block,-0.13853020940206537,ns,0.5129019438569251,ns,0.7370581380772764
1555,apartment_block,-0.4637396091637303,LL,0.8013857925715658,hot,0.6081045766027136
1556,apartment_block,-0.3334853729626934,LL,0.8794816575554553,hot,0.6675243514662125
1557,apartment_block,-0.35296723390513124,LL,0.9630860007933768,hot,0.6839596176124424
1558,apartment_block,-0.2625572123732125,LL,0.80965783165503,hot,0.7357938895523938
1559,apartment_block,-0.39116489244321395,LL,0.9568807505793789,hot,0.6902808602368555
1560,apartment_block,-0.16313837279832127,LL,0.8064260468919987,hot,1.4342510598952265
1561,apartment_block,-0.11165401923947287,LL,0.6272978687395523,hot,1.595968855356358
1562,apartment_block,-0.189961708046524,LL,0.6683247242411735,hot,1.290801303790642
1563,apartment_block,-0.03257861268596074,ns,0.34583479648719234,ns,1.597543368731653
1564,apartment_block,0.0812355402070318,ns,0.22996635752879288,ns,1.710938923787316
1565,apartment_block,-0.16280155791252945,ns,0.44147174357754937,ns,1.2630279472372257
1566,waterfront_transformation,1.3161179977799269,HH,-1.4317918763054625,cold,2.4100376191468986
1567,waterfront_transformation,0.6236254615904667,HH,-1.7048443025739848,cold,1.4865652760919903
1568,waterfront_transformation,0.5910463516431153,HH,-1.8155386239250255,cold,1.8394369332338858
1569,waterfront_transformation,0.9026568486677581,HH,-1.1045492903933154,cold,3.7614606164822044
1570,waterfront_transformation,0.32337109039962514,HH,-1.6822836437561368,cold,1.9595541430006305
1571,waterfront_transformation,1.5524905942186826,HH,-1.8155386239250255,cold,3.618810445003951
1572,waterfront_transformation,0.7306229295652393,HH,-1.5642902534605772,cold,2.37249801569342
1573,waterfront_transformation,0.6190480789150834,HH,-1.5282173253067601,cold,1.8919920424392267
1574,waterfront_transformation,0.5825634789401443,HH,-0.9416043982467796,cold,2.282403303034601
1575,waterfront_transformation,0.4868800400256667,HH,-0.808919702696614,cold,1.9295316458927052
1576,waterfront_transformation,0.7571410599565098,ns,-0.5994100364242174,ns,3.7839843645697275
1577,waterfront_transformation,0.8501995719499618,HH,-2.041639143526418,cold,3.4593629016782037
1578,waterfront_transformation,0.9583648459817006,HH,-2.055865656716679,cold,3.72358590348305
1579,waterfront_transformation,0.8867300406639309,HH,-2.2469384945671274,cold,3.3807964377654622
1580,waterfront_transformation,1.0926387154654162,HH,-2.095906728997518,cold,3.7645625360664052
1581,waterfront_transformation,0.7593421882586868,HH,-1.9188658562425827,cold,3.191959195649738
1582,waterfront_transformation,0.574858628319873,HH,-1.7715954256598367,cold,2.690703349167025
1583,waterfront_transformation,0.7831128094751509,HH,-1.5071567127676144,cold,3.431339055835909
1584,waterfront_transformation,-0.1049201959799571,LH,-0.5919141924255729,cold,1.3468486958958843
1585,waterfront_transformation,-0.05722824201376703,ns,-0.36169714773300743,ns,1.1686503176570442
1586,waterfront_transformation,-0.04587100798937945,ns,-0.30690003244780145,ns,1.3800019166525377
1587,waterfront_transformation,0.04430817149570353,ns,-0.248072658651614,ns,1.6245068135954928
1588,waterfront_transformation,0.622755895978593,HH,-1.5881167636710225,cold,2.7937509595761947
1589,waterfront_transformation,0.8855036248501312,HH,-1.7636769486125259,cold,3.4209623368865776
1590,waterfront_transformation,0.9705856917999517,HH,-2.0327244783595453,cold,3.526222721196134
1591,waterfront_transformation,1.049171470138873,HH,-2.1526028975336207,cold,4.026209508373025
1592,waterfront_transformation,1.127889610135836,HH,-2.3449933754942514,cold,3.6305489837828433
1593,waterfront_transformation,1.139414384766571,HH,-2.318168544741305,cold,3.545267620725447
1594,waterfront_transformation,1.0245208495260543,HH,-2.058579550273153,cold,3.350338835454914
1595,waterfront_transformation,0.9021965682279809,HH,-1.986864579034406,cold,3.186194154462561
1596,waterfront_transformation,0.9179561376303844,HH,-1.7217809619773266,cold,3.5750604152391947
1597,waterfront_transformation,-0.02296978767535055,ns,0.02729065993207089,ns,2.0886515954254024
1598,waterfront_transformation,-0.25442115730816295,ns,-0.08336906351638688,ns,1.002884291064587
1599,waterfront_transformation,-0.1855947555778284,ns,0.004192147271562443,ns,1.1023440305253551
1600,waterfront_transformation,0.39361503234430384,HH,-0.9161168419337095,cold,2.2843669009287537
1601,waterfront_transformation,0.4781435137379232,HH,-1.356297091042215,cold,2.3157283322710356
1602,waterfront_transformation,0.6591433196568071,HH,-1.6375243883959851,cold,2.618351898867508
1603,waterfront_transformation,0.652538821652201,HH,-1.8332582363000711,cold,2.4736188781005684
1604,waterfront_transformation,0.8587967597340936,HH,-2.0121722000261557,cold,3.342017063971811
1605,waterfront_transformation,0.8058201290534935,HH,-2.2610938067547632,cold,3.1371354490858274
1606,waterfront_transformation,0.8594407697923312,HH,-1.9927390730098515,cold,3.600148574285758
1607,waterfront_transformation,0.09116920943466195,ns,0.12858742812422683,ns,2.2212644012612066
1608,waterfront_transformation,0.11655293465127019,ns,0.12286008672853893,ns,1.641083385378415
1609,waterfront_transformation,-0.09545761995554905,ns,0.25956050063958974,ns,1.2598216168447338
1610,waterfront_transformation,0.29892025440351894,ns,-0.48996798869539077,ns,1.8476496964050118
1611,waterfront_transformation,0.09126361162795799,ns,-0.2681032301643765,ns,1.612494287609489
1612,waterfront_transformation,0.05658286360205299,ns,-0.13603507206607962,ns,1.3899364690486549
1613,waterfront_transformation,0.2567033221697538,HH,-0.7834619204332981,cold,1.3143508494242564
1614,waterfront_transformation,0.5720659632084313,HH,-1.0594172931903463,cold,2.184152836566689
1615,waterfront_transformation,0.5454409604846708,HH,-1.345583785792227,cold,1.9407382552910935
1616,waterfront_transformation,0.5932420855789992,HH,-1.8345396941562013,cold,3.4872519169891083
1617,waterfront_transformation,0.0934212103419212,ns,0.08434327714150781,ns,2.0389218028858274
1618,waterfront_transformation,0.03692877844609793,ns,0.010545732402334378,ns,1.5291912942712638
1619,waterfront_transformation,-0.022273528367400375,ns,-0.40050581626475956,ns,1.1962645339616653
1620,waterfront_transformation,0.32440826597503947,ns,-0.07449882572871555,ns,2.0969270797149635
1621,waterfront_transformation,0.3627686517407119,ns,-0.02378038368457646,ns,2.1289963867187933
1622,waterfront_transformation,0.47009586611629783,HH,-0.810974206265656,cold,1.8602473648559676
1623,waterfront_transformation,0.3656531072699381,ns,-0.5382443696617446,ns,1.5201118027892384
1624,waterfront_transformation,0.4285497676046036,HH,-0.8507836732920147,cold,1.93163378773547
1625,waterfront_transformation,0.6416310675071761,HH,-1.955472995994766,cold,3.0717991498966137
1626,waterfront_transformation,0.8317428810332645,HH,-1.8453458504553235,cold,3.4387577959784905
1627,waterfront_transformation,0.8100127461149633,HH,-1.863312648601384,cold,3.3450343261893223
1628,waterfront_transformation,0.7720852398992682,HH,-1.8276986679384535,cold,3.2536105650673344
1629,waterfront_transformation,0.12545500768298984,ns,-0.05806506931272946,ns,2.3663096359342024
1630,waterfront_transformation,0.2738336218392043,ns,-0.21364854174483347,ns,2.130093102073517
1631,waterfront_transformation,0.07449538638178763,ns,-0.28199843872785013,ns,1.4338759293286523
1632,waterfront_transformation,0.2006932423883761,ns,-0.5475517902311151,ns,1.7228057555863197
1633,waterfront_transformation,0.28217565888648577,ns,-0.15967068931124612,ns,1.8244189632293115
1634,waterfront_transformation,0.19657661329428305,ns,-0.35309960026981374,ns,1.1547810602531323
1635,waterfront_transformation,0.2724139659808576,ns,-0.3999417335457269,ns,1.3437452266385297
1636,waterfront_transformation,0.34841557696886594,ns,-0.6149369026804495,ns,1.826653712680531
1637,waterfront_transformation,0.961067512921462,HH,-2.1646870668736193,cold,3.5808063174752034
1638,waterfront_transformation,0.8639309758135655,HH,-2.1646870668736193,cold,3.1311079676450833
1639,waterfront_transformation,0.04120494824622212,HH,-0.5821929722848999,cold,2.1292585861582873
1640,waterfront_transformation,0.1712519304607569,ns,-0.16082004837407454,ns,2.434098209087263
1641,waterfront_transformation,-0.0657253116779631,ns,0.11799333951424512,ns,1.2747839559134646
1642,waterfront_transformation,0.053697495582680846,HL,0.5977789222595365,hot,1.5888611275315263
1643,waterfront_transformation,-0.3773234272077498,ns,0.514460739200732,ns,0.0
1644,waterfront_transformation,0.3579736452481602,ns,0.081759646088855,ns,1.5285101962790308
1645,waterfront_transformation,0.32407583904660847,ns,-0.5897082937547474,ns,1.5998966973748006
1646,waterfront_transformation,1.218349312781451,HH,-2.139129739138656,cold,2.9848887554012182
1647,waterfront_transformation,1.2716690798059986,HH,-2.1342366380524687,cold,2.6470719641622504
1648,waterfront_transformation,-0.05522140075388282,ns,0.5233559908509412,ns,1.2470713098462063
1649,waterfront_transformation,-0.6668847391152823,LL,1.1793948767498876,hot,0.0
1650,waterfront_transformation,-0.17261321005436914,LL,1.1189817950061154,hot,0.0
1651,waterfront_transformation,0.020742169582135282,HL,0.6630903834696781,hot,1.6258112362563484
1652,waterfront_transformation,-0.4705679120144051,LL,0.8264220501339377,hot,0.0
1653,waterfront_transformation,0.15801011569982154,HL,1.1606747578448258,hot,0.0
1654,waterfront_transformation,-0.4654560144260921,LL,0.7566424245364537,hot,0.0
1655,waterfront_transformation,0.3502034551364873,HH,-0.9390740734479711,cold,2.5160139341609256
1656,waterfront_transformation,0.11225731600018105,HH,-1.1879672790743738,cold,2.1827359244691356
1657,waterfront_transformation,0.560578723613475,HH,-1.7341736781899717,cold,3.444090136655733
1658,waterfront_transformation,-0.15192432815228968,ns,0.1580110750194777,ns,0.9194420961841848
1659,waterfront_transformation,-0.27011732461856824,ns,0.030042458319120117,ns,0.7312098700894845
1660,waterfront_transformation,0.05693222817388373,ns,-0.5353912478224698,ns,0.9266818023743639
1661,waterfront_transformation,0.7125712325012625,HH,-2.131420177110931,cold,3.0126231620019737
1662,waterfront_transformation,0.8490383025443095,HH,-1.8725349211914086,cold,3.3953675123446505
1663,waterfront_transformation,0.3756572610257254,HH,-1.7044667590424676,cold,1.6607315502612487
1664,waterfront_transformation,0.31259167306223345,HH,-1.0155475894990869,cold,1.4375352387066938
1665,waterfront_transformation,0.31960660045964967,HH,-0.854716126255171,cold,1.033467405468588
1666,waterfront_transformation,0.24851669520141587,ns,-0.40960857734718364,ns,1.047946809420824
1667,waterfront_transformation,-0.1842645431494771,ns,-0.36875076922582,ns,0.7619785834711961
1668,waterfront_transformation,0.2677921100684184,HH,-0.729206514258717,cold,1.0841453193014137
1669,waterfront_transformation,0.7965769944864551,HH,-1.1850993348090368,cold,2.505891336831947
1670,waterfront_transformation,0.4452900032284378,HH,-1.2505564163929126,cold,2.0602127074622745
1671,waterfront_transformation,0.42602432682531843,HH,-1.60994427170807,cold,2.771416419884425
1672,waterfront_transformation,0.7713943895092139,HH,-1.634858055035375,cold,3.0766167914380977
1673,waterfront_transformation,0.799300130623883,HH,-2.0527708143121384,cold,2.8895584873645146
1674,waterfront_transformation,0.9141860357378564,HH,-2.4014682631598396,cold,3.0693222647660923
1675,waterfront_transformation,0.9528012309328961,HH,-2.3514754479905933,cold,3.0637008049094643
1676,waterfront_transformation,0.7374413640024924,HH,-1.7721539230586913,cold,2.1827838319149713
1677,waterfront_transformation,0.44602332313075344,HH,-1.2873701506131356,cold,1.1185339026344587
1678,waterfront_transformation,0.864768135840724,HH,-0.9486366369287643,cold,1.1221537525690022
1679,waterfront_transformation,0.30226581617843323,HH,-0.7499481839345833,cold,1.0913850212775316
1680,waterfront_transformation,0.2638933184381007,HH,-0.8645088209417738,cold,0.8959130721364083
1681,waterfront_transformation,0.7522074028580097,HH,-1.0018389727687647,cold,2.367142320155361
1682,waterfront_transformation,0.5133222032924296,HH,-1.0460020987982208,cold,2.0055539790045387
1683,waterfront_transformation,0.5045497288512564,HH,-1.9411813177165196,cold,2.9387843640962723
1684,waterfront_transformation,0.7787843272407936,HH,-2.366280289630353,cold,3.0077005777671855
1685,waterfront_transformation,1.6836669303214555,HH,-2.742813466485985,cold,3.0766167914380977
1686,waterfront_transformation,2.0374914601073493,HH,-2.8621036810816913,cold,3.5134183787498876
1687,waterfront_transformation,0.5978454059519467,HH,-1.355730940245394,cold,0.9230619577073963
1688,waterfront_transformation,0.15701254229860329,HH,-0.9430296741485577,cold,0.9936490467069701
1689,waterfront_transformation,0.4426175547310984,HH,-0.7751662054163938,cold,1.7658965616446882
1690,waterfront_transformation,0.280550323743148,ns,-0.5323652292146304,ns,1.4645966241665704
1691,waterfront_transformation,0.05054131411203196,ns,-0.5592660028235288,ns,1.1438789603303143
1692,waterfront_transformation,0.3094106608585788,ns,-0.5193155957170702,ns,1.6187647044007238
1693,waterfront_transformation,0.1782537028186283,ns,-0.5916630025844283,ns,1.538715898819832
1694,waterfront_transformation,0.31426056678703995,HH,-0.6997582718456056,cold,1.6269886356427963
1695,waterfront_transformation,0.2649607720340147,HH,-0.717539573981543,cold,1.4230898524500057
1696,waterfront_transformation,0.30435972241066966,HH,-0.7597519915385793,cold,1.589116994539419
1697,waterfront_transformation,0.2118865711561516,HH,-0.7014428448071118,cold,1.6513771659200547
1698,waterfront_transformation,0.3840289183936708,HH,-1.7197152275417402,cold,2.919569705922157
1699,waterfront_transformation,0.6808544678671364,HH,-1.594415564927145,cold,3.4798282557104825
1700,waterfront_transformation,0.6979962926157647,HH,-1.565542989972133,cold,3.1623483567197614
1701,waterfront_transformation,0.4726462781290202,HH,-1.6230151957453975,cold,2.9073282937309717
1702,waterfront_transformation,0.49524709954015667,HH,-0.8495101439511831,cold,1.5802226981479737
1703,waterfront_transformation,0.5250786018026863,HH,-0.7610098547900543,cold,1.775897529390009
1704,waterfront_transformation,0.3812769744978445,ns,-0.6563754907279825,ns,1.7699679846565906
1705,waterfront_transformation,0.6890043920030069,HH,-1.8779731568298705,cold,3.9205470922304397
1706,waterfront_transformation,0.7122788216971081,HH,-1.8462178061674468,cold,3.5994101143709316
1707,waterfront_transformation,0.8852308801834539,HH,-1.7561150608822154,cold,3.7131461156799457
1708,waterfront_transformation,0.7826226424713809,HH,-1.7115524495162893,cold,3.5047286234617565
1709,waterfront_transformation,0.5643339789763195,HH,-1.6342296146295265,cold,2.6020898069314358
1710,waterfront_transformation,0.6609483528560045,HH,-1.6560296304234723,cold,3.125644129365978
1711,waterfront_transformation,0.6246484872267011,HH,-1.6803894233765884,cold,2.9339521337918315
1712,waterfront_transformation,0.24044800567939717,HH,-0.6556769915846471,cold,1.301534247540972
1713,waterfront_transformation,0.3750260868267503,HH,-0.6984522369339224,cold,1.7166021303760828
1714,waterfront_transformation,0.08655581545632411,ns,-0.49213513551464494,ns,1.6009760840062561
1715,waterfront_transformation,0.46027594349563633,HH,-1.6535380797185029,cold,2.9772071847194512
1716,waterfront_transformation,0.6954998186467568,HH,-1.8072721926390831,cold,3.224750338022558
1717,waterfront_transformation,0.6872073419990967,HH,-1.9974623999646675,cold,2.816638851561626
1718,waterfront_transformation,0.9606513608888289,HH,-2.037349228200446,cold,4.16139980615358
1719,waterfront_transformation,0.9166893177078542,HH,-2.0005612394372436,cold,4.107876980404626
1720,waterfront_transformation,0.7703986424762178,HH,-1.8988461107154777,cold,3.878234350798715
1721,waterfront_transformation,0.8060057383303075,HH,-1.8167594060334502,cold,3.6977065822386015
1722,waterfront_transformation,0.7592387280182175,HH,-1.816732609525102,cold,3.3120113305828127
1723,waterfront_transformation,0.9092442230169177,HH,-1.8988663143427569,cold,3.269413113648875
1724,waterfront_transformation,0.9302667834446892,HH,-1.8297966825509187,cold,3.3279856609644676
1725,waterfront_transformation,0.5259901265913991,HH,-1.8383891944700397,cold,3.1599242133722694
1726,waterfront_transformation,-0.13595753742458802,ns,-0.49761792508223385,ns,0.821241414055622
1727,waterfront_transformation,0.42433245834490557,ns,-0.580435570754258,ns,1.6009760563946793
1728,waterfront_transformation,0.1390079121544467,ns,-0.4827062779683764,ns,1.3786182600464716
1729,waterfront_transformation,0.5733798358055147,HH,-1.5155857023112398,cold,2.622618434438613
1730,waterfront_transformation,0.7066380644674368,HH,-1.6472311919556457,cold,2.89692308044931
1731,waterfront_transformation,0.9368605604648573,HH,-1.824257998638233,cold,3.9740699062964975
1732,waterfront_transformation,1.0479434454298946,HH,-2.028047079375396,cold,4.094496272993813
1733,waterfront_transformation,0.9809372555779721,HH,-2.035406924844466,cold,4.1480190987427665
1734,waterfront_transformation,0.843249987077386,HH,-1.8554670446706445,cold,3.8603338894102905
1735,waterfront_transformation,0.9138084473340035,HH,-1.976255969741104,cold,4.038453506937103
1736,waterfront_transformation,0.7507048122576878,HH,-1.9711735660058056,cold,3.092581559973767
1737,waterfront_transformation,0.8984215195752299,HH,-1.865013281288905,cold,3.2065460452376895
1738,waterfront_transformation,0.8850003616056249,HH,-1.8475106691412289,cold,3.2324470649927632
1739,waterfront_transformation,0.6782612042889815,HH,-1.7767693388369048,cold,2.7932005615788444
1740,waterfront_transformation,0.22391437848613638,ns,-0.5675327712019204,ns,1.5742931119971897
1741,waterfront_transformation,0.15739994929118198,ns,-0.49019709609591045,ns,1.1888729942465377
1742,waterfront_transformation,0.28089947202421917,ns,-0.4331032654825143,ns,1.4912795685640599
1743,waterfront_transformation,0.4746222266432586,HH,-1.3346183452845355,cold,2.4095161475691635
1744,waterfront_transformation,0.6002071504913996,HH,-1.4126325420928092,cold,2.752771153321585
1745,waterfront_transformation,0.8524389898505225,HH,-1.5950125916865272,cold,4.1480190987427665
1746,waterfront_transformation,0.6669347930630168,HH,-1.8731692531802961,cold,3.4254609725505403
1747,waterfront_transformation,0.8616066343616395,HH,-1.9755463204078971,cold,4.121257687815438
1748,waterfront_transformation,0.7509497835596395,HH,-1.8859683132855105,cold,3.2617707572293884
1749,waterfront_transformation,0.6528866184326463,HH,-1.8329074572945365,cold,2.8999898209184356
1750,waterfront_transformation,0.766436675771314,HH,-1.8825331465161073,cold,3.056148379351945
1751,waterfront_transformation,0.9155838198480687,HH,-1.7906825823850054,cold,3.090877337683154
1752,waterfront_transformation,0.4622643107337079,HH,-1.7661975949033508,cold,2.5942279012669736
1753,waterfront_transformation,0.13324862506109442,HH,-0.7079796851916009,cold,2.1090394809348285
1754,waterfront_transformation,0.32895243528403706,HH,-0.738245774154859,cold,1.7254964267675281
1755,waterfront_transformation,0.23061407522370647,HH,-0.6356668847941458,cold,1.4734909481695926
1756,waterfront_transformation,0.5132112139459116,HH,-1.1436125232231165,cold,2.8335370444024592
1757,waterfront_transformation,0.3399263987446437,HH,-1.2375073992287466,cold,1.830693698320064
1758,waterfront_transformation,0.388770058871991,HH,-1.3128453889087184,cold,2.3354807369645965
1759,waterfront_transformation,0.7520964044403418,HH,-1.3163847904326351,cold,3.8737146046097
1760,waterfront_transformation,0.8242674152165318,HH,-1.7994133078194718,cold,3.4972154569492395
1761,waterfront_transformation,0.7801148529906724,HH,-1.819303504931711,cold,2.9702719157426456
1762,waterfront_transformation,0.8233124908990064,HH,-1.8015375502363495,cold,2.8845909934544416
1763,waterfront_transformation,0.7305040825410974,HH,-1.6832551755670404,cold,2.9607518140358215
1764,waterfront_transformation,0.5230247178559531,HH,-0.8415787841649341,cold,2.3044717407681854
1765,waterfront_transformation,0.5080019768848882,ns,-0.6809688776140697,ns,2.4347598823913867
1766,waterfront_transformation,0.3228260660624142,ns,-0.6091994190914755,ns,1.868820725149388
1767,waterfront_transformation,0.39255157770530164,HH,-1.4247753414434985,cold,2.1066440246745888
1768,waterfront_transformation,0.5646250683584514,HH,-1.1934690315132386,cold,2.4027855417276744
1769,waterfront_transformation,0.796198161403211,HH,-1.2013017582091425,cold,3.829649910008547
1770,waterfront_transformation,0.7543973296761858,HH,-1.7936843251694918,cold,3.18637466153441
1771,waterfront_transformation,0.8540132713428097,HH,-1.7613501814969492,cold,3.306615201114147
1772,waterfront_transformation,0.6848192384769707,HH,-1.5739265762668235,cold,2.437146169941291
1773,waterfront_transformation,0.6630315055676288,HH,-1.4512822038025222,cold,2.870310842106393
1774,waterfront_transformation,0.2080932371456543,HH,-0.8419604974872393,cold,1.913607277979737
1775,waterfront_transformation,0.37056324393053414,HH,-0.7602956549735627,cold,2.072395961840171
1776,waterfront_transformation,0.5616316045274834,HH,-1.3969064279490542,cold,2.601586341650174
1777,waterfront_transformation,0.9299131217114894,HH,-1.4300383154940326,cold,3.5028730320267805
1778,waterfront_transformation,0.4402610346078674,HH,-1.3448949897385474,cold,1.9114597147661196
1779,waterfront_transformation,0.6210368710895608,HH,-1.2572016009524354,cold,2.752771153321585
1780,waterfront_transformation,0.62843436086621,HH,-1.51854242467488,cold,2.8037910466855656
1781,waterfront_transformation,0.9186427218981882,ns,-0.6725641471411743,ns,1.310517251562152
1782,waterfront_transformation,0.13130072442444168,HH,-0.7969007299553922,cold,1.0147043616619158
1783,waterfront_transformation,0.03935601655949352,HH,-0.8138428403984598,cold,1.4471456039759223
1784,waterfront_transformation,0.32427306667608635,HH,-0.6753732445604321,cold,1.7093343327530395
1785,waterfront_transformation,0.43531007838676505,HH,-0.8148714655637733,cold,1.9885482906854566
1786,waterfront_transformation,0.360240335954532,HH,-0.78873411472548,cold,2.1009148907147916
1787,waterfront_transformation,0.37339275967691743,HH,-1.4902670757457357,cold,1.8856707115415365
1788,waterfront_transformation,0.5441007814075778,HH,-1.3740455125718902,cold,2.103002118795792
1789,waterfront_transformation,0.8951340628600573,HH,-1.4503485583752047,cold,3.215228361341385
1790,waterfront_transformation,0.8024495860872918,HH,-1.6527380906559999,cold,2.627154833551193
1791,waterfront_transformation,0.6379892829702669,HH,-1.7141857253252293,cold,2.505704824442448
1792,waterfront_transformation,0.6387864596281044,HH,-1.4877874743994974,cold,3.1001705049734483
1793,waterfront_transformation,0.8033214543070709,HH,-1.2906208614987646,cold,3.2844799885061677
1794,waterfront_transformation,0.2776838714281561,HH,-1.0606082264281989,cold,2.232749928653433
1795,waterfront_transformation,0.36567149711313374,HH,-1.0390916515104744,cold,2.0794662260887318
1796,waterfront_transformation,0.3876590735491662,HH,-0.8099329805051358,cold,2.048930519289974
1797,waterfront_transformation,0.36408171697384056,ns,-0.49472125014784646,ns,2.0555828894840564
1798,waterfront_transformation,0.34747982971341046,ns,-0.5281672135340024,ns,2.025647214898257
1799,waterfront_transformation,-0.01653232895156185,ns,-0.5408252938680925,ns,0.7217824167822733
1800,waterfront_transformation,0.7921900081795741,ns,-0.5373815807979303,ns,1.1874483961952902
1801,waterfront_transformation,0.2902498369262021,HH,-1.5212572860905154,cold,1.5213208032775172
1802,waterfront_transformation,0.46503610661090705,HH,-1.6993415072539766,cold,2.2628048062249575
1803,waterfront_transformation,0.8334131394434696,HH,-1.657889200241547,cold,3.605146672209761
1804,waterfront_transformation,0.5260534709769458,HH,-1.4382774420604296,cold,2.5568415701200533
1805,waterfront_transformation,0.4310825350566302,HH,-1.1501233992726811,cold,2.358686323432684
1806,waterfront_transformation,0.4300546392663088,HH,-1.0195613009164275,cold,2.3492063175260745
1807,waterfront_transformation,0.8891108489955173,HH,-1.3073421248745178,cold,2.850878453077365
1808,waterfront_transformation,0.8189480786604818,HH,-1.4444459232966218,cold,2.460960052912327
1809,waterfront_transformation,0.8702957434663144,HH,-1.3661474070702286,cold,3.068209919862729
1810,waterfront_transformation,0.9222442476023678,HH,-1.3091025946664447,cold,3.247188886920996
1811,waterfront_transformation,0.16804657347163113,ns,-0.22767470489443056,ns,1.6390546031763513
1812,waterfront_transformation,0.8749583783118299,HH,-1.1682982435558704,cold,3.605146701975315
1813,waterfront_transformation,0.36576852313846553,HH,-1.388162230228417,cold,2.064088969075567
1814,waterfront_transformation,0.35992195085279044,HH,-0.8302220373510735,cold,2.1585195384193034
1815,hillside_incremental,-0.2827308730111698,LH,-0.5993070940872528,cold,1.1808120054540272
1816,hillside_incremental,-0.9368281560563707,LL,1.6546070754501003,hot,0.9195297742038114
1817,hillside_incremental,-0.17011214334376926,LL,1.2126763103365847,hot,2.18073344611434
1818,hillside_incremental,-0.7291332747658945,LL,1.8196407861855217,hot,1.1308352036846174
1819,hillside_incremental,-0.4278835540950137,LL,1.2149432727958906,hot,1.2929388626576734
1820,hillside_incremental,-0.33345594071773094,LL,1.037989056327295,hot,1.8812789218171775
1821,hillside_incremental,-0.2525135316910539,LL,0.7509382322919861,hot,0.9889871159713556
1822,hillside_incremental,-0.2889649757339858,ns,0.3272811581826141,ns,0.610403681307986
1823,hillside_incremental,-0.04696059177472056,LL,0.679618278745999,hot,1.3555171508344022
1824,hillside_incremental,-0.28377660157225215,ns,0.5639828298682342,ns,1.1492428341817071
1825,hillside_incremental,-0.2574878344167611,ns,0.572325909714369,ns,0.7787909361838771
1826,hillside_incremental,0.06932675730490527,ns,-0.5470025218544304,ns,0.6610067859676017
1827,hillside_incremental,-0.44882242000530753,ns,0.4619811638999702,ns,0.8720497421656805
1828,hillside_incremental,-0.05673439373727842,LL,0.6207044925347159,hot,0.6946197975395632
1829,hillside_incremental,-0.299862259093659,ns,0.5070405528479904,ns,0.804048977368413
1830,hillside_incremental,-0.23259045354250102,LL,0.7566987639195383,hot,1.1618719331853882
1831,hillside_incremental,0.08896981358229124,HH,-0.8065609175735765,cold,0.6196977711547512
1832,hillside_incremental,0.08587676177259776,HL,0.5753653503222707,hot,0.9324514942634033
1833,hillside_incremental,-0.31862960095427506,ns,0.5350636582247454,ns,1.1366138920008522
1834,hillside_incremental,-0.25915283898853236,LL,0.6767456180089465,hot,1.8438401429276385
1835,hillside_incremental,-0.645165816887228,LL,1.5705436815484053,hot,0.6661344722768089
1836,hillside_incremental,-0.4986574044156623,ns,0.5502357469616741,ns,0.8003227582353033
1837,hillside_incremental,-0.28672602947776193,ns,0.54563431935734,ns,1.2571107184173265
1838,hillside_incremental,-0.09819646734555398,ns,0.5148361523298023,ns,2.172195227206496
1839,hillside_incremental,0.2751710118036306,HH,-0.9079916025853022,cold,0.7202237362663143
1840,hillside_incremental,-0.6936117113056912,LL,1.5705436815484053,hot,0.930416127538765
1841,hillside_incremental,-0.43150651783190297,LL,1.5705436815484053,hot,1.5350056667348388
1842,hillside_incremental,-0.6856304371532538,LL,1.473417026984807,hot,0.6552736691664237
1843,hillside_incremental,-0.22599376074279992,ns,0.4925633116843908,ns,1.8354207958661266
1844,hillside_incremental,-0.6403789181360242,ns,0.6639856105468094,ns,0.6199742283742053
1845,hillside_incremental,-0.31053856187432427,ns,0.553100826093794,ns,1.595469012555971
1846,hillside_incremental,-0.7773847332407506,LL,1.6772453447924163,hot,0.7023375089555539
1847,hillside_incremental,-0.22227269355700363,ns,-0.4806359891504114,ns,1.10431538985285
1848,hillside_incremental,-0.4920568158424484,LL,0.7042733302875863,hot,1.6006453758369068
1849,hillside_incremental,-0.3211953023941024,ns,-0.4020951035627647,ns,0.8394289083770526
1850,hillside_incremental,-0.043379165968014596,ns,0.29824893081790516,ns,2.1141106906305964
1851,hillside_incremental,-0.0481375026592295,ns,0.301864129283682,ns,2.1141106906305964
1852,hillside_incremental,-0.053247366410769915,ns,0.48633147002124394,ns,2.1277501153422786
1853,hillside_incremental,0.07137159633312391,ns,-0.07798529539794884,ns,0.5729053105860901
1854,hillside_incremental,-0.634260452807706,ns,0.577538477369718,ns,0.5630595618281042
1855,hillside_incremental,-0.019394847258187853,ns,-0.12934959192624598,ns,0.5565366135600239
1856,hillside_incremental,-0.18739443151694318,ns,0.22892702942866353,ns,1.5819292860937564
1857,hillside_incremental,-0.5725391231505224,LL,1.5680047670831518,hot,1.144786305189018
1858,hillside_incremental,-0.01588428085650908,ns,-0.1553200383253797,ns,0.5606288640393552
1859,hillside_incremental,-0.5049291380254047,ns,0.6414404472162734,ns,1.376459567062427
1860,hillside_incremental,-0.5690639773144684,ns,0.6071048914068881,ns,0.5262134703051723
1861,hillside_incremental,-0.5764764416666692,LL,0.9920780812544367,hot,1.0057233314002427
1862,hillside_incremental,-1.2251078421822148,LL,2.281351316423431,hot,0.3600737738952817
1863,hillside_incremental,0.08478012698873157,ns,-0.1553200383253797,ns,0.5851819095784544
1864,hillside_incremental,-0.3746399335141174,LL,0.8686445591186818,hot,1.4069506271297398
1865,hillside_incremental,-0.824045027916878,ns,0.7096414132113912,ns,0.5531221237985564
1866,hillside_incremental,-0.648567613977984,LL,0.7096414132113912,hot,0.6577668378814654
1867,hillside_incremental,-0.6269267020874792,LL,0.8193051385693357,hot,0.8244447896957601
1868,hillside_incremental,-0.9431326993280937,LL,1.7098848572696321,hot,0.5761180012288818
1869,hillside_incremental,-1.0635079615414116,LL,2.195154234807487,hot,0.49665348442483415
1870,hillside_incremental,-1.0261845835316774,LL,1.9909295594839211,hot,0.4718208518326075
1871,hillside_incremental,-1.0257240279120823,LL,1.9933565249738097,hot,0.4569211797683491
1872,hillside_incremental,0.0880590829422551,ns,-0.011808862819609904,ns,0.537234540276538
1873,hillside_incremental,-0.4955312170984684,LL,0.6777791591191845,hot,0.9412007137616255
1874,hillside_incremental,-0.2972608181052785,LL,0.6928840681899652,hot,1.333836913340483
1875,hillside_incremental,-0.48025102027635985,ns,0.6248071617205948,ns,0.9117667854347952
1876,hillside_incremental,-0.5447278748808787,LL,0.7025840428910043,hot,1.0490854057540353
1877,hillside_incremental,0.1283833321198759,ns,0.2929866458675106,ns,2.084342507715947
1878,hillside_incremental,-0.4263699812285028,LL,0.7672939386643786,hot,1.376459567062427
1879,hillside_incremental,-0.16829109357218028,ns,0.511003612883316,ns,1.572149103577137
1880,hillside_incremental,-0.688979042489617,ns,0.6472147592803177,ns,0.6046726404109648
1881,hillside_incremental,-0.16821048735978378,LL,0.7345026849297948,hot,2.1305821838228716
1882,hillside_incremental,-0.2253801944277442,LL,0.6903290117040521,hot,1.5141054960513105
1883,hillside_incremental,-0.18875228877729544,LL,0.7973503396919119,hot,1.6219901880437204
1884,hillside_incremental,-0.47145828634540565,LL,0.6770323357278925,hot,0.9141228779786222
1885,hillside_incremental,-0.6429248832348547,LL,0.7615703251309353,hot,1.116866077675973
1886,hillside_incremental,-0.41679169220236095,LL,0.912464857176376,hot,0.9300401805945504
1887,hillside_incremental,-0.21511671616049272,ns,0.46819618668238405,ns,0.8074159726131093
1888,hillside_incremental,0.4621185696871596,HH,-0.8938118435291459,cold,0.6288046947555496
1889,hillside_incremental,-0.3088913601082175,LL,0.8273112096202961,hot,1.3794404665707194
1890,hillside_incremental,-0.3488859960102264,LL,0.9546388639687134,hot,1.242533723404705
1891,hillside_incremental,-0.3713554927469272,LL,0.9141954145419465,hot,0.9895627931742929
1892,hillside_incremental,0.2892159965020359,ns,-0.03322523898689457,ns,1.8686557995614872
1893,hillside_incremental,-0.034711074916146514,ns,0.11396110508777565,ns,0.9044558727625401
1894,hillside_incremental,0.019355337690732034,ns,-0.0033385254101449655,ns,1.1856999591307862
1895,hillside_incremental,0.026494777249268065,ns,0.1374836079398802,ns,1.2595345921629555
1896,hillside_incremental,-0.24501013902721747,ns,0.13244131579478774,ns,1.0600071363005135
1897,hillside_incremental,0.3526984559079688,HH,-0.8938118435291459,cold,0.6366647406295555
1898,hillside_incremental,0.49322047368461003,HH,-0.7870152196853382,cold,0.8646065101907602
1899,hillside_incremental,-0.24924132776797267,LL,0.7543609577977282,hot,1.495504653635117
1900,hillside_incremental,-0.44224319501963033,LL,0.6708120351129705,hot,0.7440321721929992
1901,hillside_incremental,-0.4829893736910651,LL,0.7135272569127844,hot,0.8853983250998396
1902,hillside_incremental,-0.41020532848009916,LL,0.9608959417536804,hot,1.5513071808836976
1903,hillside_incremental,-0.4285229721980137,LL,0.809224340221476,hot,0.6064570844497825
1904,hillside_incremental,-0.18842514477337963,ns,0.08748312710654421,ns,1.0643863731020056
1905,hillside_incremental,-0.10676428279629198,ns,0.1815798273256279,ns,1.587609971361692
1906,hillside_incremental,-0.3048827402136542,ns,0.3350767501373383,ns,1.0546657703509439
1907,hillside_incremental,-0.43813401080832587,ns,0.2579838135188811,ns,0.6839348047587348
1908,hillside_incremental,-0.2819842742547801,ns,0.07389710498260253,ns,1.3128481958104006
1909,hillside_incremental,-0.31301471563619365,ns,0.5291798465025517,ns,1.323621465926211
1910,hillside_incremental,-0.37274124492006266,ns,0.6185418479730181,ns,1.1947290225190526
1911,hillside_incremental,0.3564140839682952,HL,0.679712724342946,hot,1.0974474851667027
1912,hillside_incremental,-0.3229834344069125,LL,0.6911651329565673,hot,1.4304372567912433
1913,hillside_incremental,-0.4333523353441467,LL,0.7434131729955455,hot,1.4479670955234594
1914,hillside_incremental,-0.5006877738727424,LL,0.9747165129787614,hot,1.1324294759127782
1915,hillside_incremental,-0.35765407290311346,LL,0.7023808210807789,hot,0.7794853929409155
1916,hillside_incremental,-0.15924069413443392,LL,0.7429171404529069,hot,1.2580457242556051
1917,hillside_incremental,-0.4557543680958117,LL,0.7429171404529069,hot,0.6572301433330479
1918,hillside_incremental,-0.05152163491458859,ns,0.4297037196285264,ns,0.6775429018225477
1919,hillside_incremental,-0.2533663126760655,ns,0.41594604372366234,ns,1.025902147608766
1920,hillside_incremental,-0.3294027513581142,ns,0.5259185636106161,ns,0.9268274735098587
1921,hillside_incremental,-0.17204640662389387,ns,0.20928567279530153,ns,1.4637482726189472
1922,hillside_incremental,-0.11007253617759072,ns,0.25478625930710375,ns,1.8793055371325327
1923,hillside_incremental,-0.2227375072898184,ns,0.23342101605346283,ns,1.5681744264821058
1924,hillside_incremental,-0.039085940000348075,ns,0.2010053399400951,ns,1.8564650920344292
1925,hillside_incremental,-0.43557341887399115,ns,0.6181975640835304,ns,1.3707945554026766
1926,hillside_incremental,-0.5711304216248398,LL,0.7619298600029228,hot,0.8380161300398703
1927,hillside_incremental,-0.14817173770932407,LL,0.5830106517080563,hot,1.5636642270676322
1928,hillside_incremental,-0.28778926877419,LL,0.9907844005264657,hot,1.490038839088476
1929,hillside_incremental,-0.5293013932565496,LL,0.9157885228615765,hot,1.1499593799488435
1930,hillside_incremental,-0.3719230702461487,LL,0.7345832724555491,hot,1.2929037456681098
1931,hillside_incremental,-0.012557466439717113,LL,0.5242996484471644,hot,0.7503143473200136
1932,hillside_incremental,-0.3715217182381564,ns,0.43991136370625533,ns,0.35259136971188887
1933,hillside_incremental,-0.452729835951744,ns,0.49651607945673176,ns,0.6072318504658182
1934,hillside_incremental,-0.13534019279549567,ns,0.37238214998595065,ns,1.5660188981859482
1935,hillside_incremental,-0.013887344374354193,ns,0.14773185070500286,ns,1.9782973184367936
1936,hillside_incremental,-0.39023009455574076,ns,0.3475948058323859,ns,1.3305722299225489
1937,hillside_incremental,-0.12020745593808599,ns,0.43150492627124526,ns,1.8786412879985859
1938,hillside_incremental,-0.25687348204573635,LL,0.7221943688729782,hot,1.5567120302528332
1939,hillside_incremental,-0.397785106561267,LL,0.8731209014749439,hot,1.1674892186810595
1940,hillside_incremental,-0.4930383407454693,LL,0.8649383541487227,hot,0.9290830854036761
1941,hillside_incremental,-0.07096788561487341,ns,0.3844695327601849,ns,2.164107008762053
1942,hillside_incremental,-0.24873402111258028,ns,0.3704209552249867,ns,0.9641504290607946
1943,hillside_incremental,-0.34582780005477165,ns,0.4253135266479547,ns,0.7108240853304155
1944,hillside_incremental,-0.034913905086162524,ns,0.3679138041283639,ns,0.8151909811306569
1945,hillside_incremental,-0.30381157934234637,ns,0.33296786201340106,ns,1.1505444929817576
1946,hillside_incremental,0.009644823802036873,ns,0.21371080826201827,ns,2.087145051103958
1947,hillside_incremental,0.1105420464352953,ns,-0.00359937731178469,ns,1.9203096449822508
1948,hillside_incremental,-0.2713713962875831,ns,0.3081532679882555,ns,1.5966866995107152
1949,hillside_incremental,-0.18255284744967032,ns,0.42837501034376463,ns,1.9356658193035197
1950,hillside_incremental,-0.15315329748271622,ns,0.3581875958716653,ns,1.8628011469704537
1951,hillside_incremental,-0.3666273808986382,LL,0.6980249382034462,hot,1.0489076040776906
1952,hillside_incremental,-0.4614600533543136,LL,0.8882735255471412,hot,1.4731852476988345
1953,hillside_incremental,-0.2523152349287155,ns,0.40382714890516885,ns,1.2851196232726256
1954,hillside_incremental,-0.0998693554156592,LL,0.9258946520839642,hot,1.4058954172622917
1955,hillside_incremental,-0.39988594509179765,LL,0.7341751578424919,hot,1.2130669299925192
1956,hillside_incremental,-0.2215343445356428,ns,0.281559765939258,ns,1.6863733594085408
1957,hillside_incremental,-0.0666436145327394,ns,0.30187350466914104,ns,1.9070316612086573
1958,hillside_incremental,-0.16709926104731795,ns,0.3230110525246276,ns,1.0716099622958197
1959,hillside_incremental,-0.24342931425522965,ns,0.259707543063783,ns,1.2136944646192902
1960,hillside_incremental,-0.17344216587830957,ns,0.2563064166093239,ns,1.491304299100149
1961,hillside_incremental,-0.20149637909367724,ns,0.15489732751872043,ns,1.717071809680464
1962,hillside_incremental,-0.14349001111504642,ns,0.34716465049897244,ns,1.9388338467715318
1963,hillside_incremental,-0.14122959876638494,ns,0.3557796346939338,ns,1.9261617332114116
1964,hillside_incremental,-0.37848780077499866,LL,0.6511286447358424,hot,1.3347210239921898
1965,hillside_incremental,-0.3486463218283188,LL,0.8002391204813118,hot,1.3513703223264242
1966,hillside_incremental,0.13061208072919894,HL,0.8750873419339821,hot,1.2111158010171705
1967,hillside_incremental,-0.1444777761554125,LL,0.9821807724709349,hot,0.9816972878038793
1968,hillside_incremental,-0.5005778416407205,LL,0.8351027172445775,hot,0.6521111763077194
1969,hillside_incremental,-0.472233330839852,ns,0.46690702938499035,ns,1.2130668646886702
1970,hillside_incremental,0.18719456071923532,ns,-0.2132769661349486,ns,2.6653159769007035
1971,hillside_incremental,-0.24990538004076238,ns,0.30641666347676433,ns,1.107429788174263
1972,hillside_incremental,-0.0822293443708347,ns,0.3793651529062574,ns,1.6327872946244333
1973,hillside_incremental,0.020480982560690343,ns,0.26521122147633774,ns,1.9659794272995275
1974,hillside_incremental,-0.5252674895633759,ns,0.22916663833999049,ns,0.645947241358989
1975,hillside_incremental,-0.12865677275445725,ns,0.26380172256402246,ns,1.6377108901748705
1976,hillside_incremental,0.0026230040633842154,ns,0.29518519181346903,ns,1.1848719227742386
1977,hillside_incremental,0.10614178093914402,ns,0.22086448858799676,ns,1.726235810870469
1978,hillside_incremental,-0.0099718954576281,ns,0.1933734476662192,ns,1.776010364121294
1979,hillside_incremental,-0.239834104747207,ns,0.5390950947954132,ns,1.4956644996546828
1980,hillside_incremental,-0.6219967350445473,LL,0.755727333156085,hot,0.5383282431605301
1981,hillside_incremental,-0.9701137504954588,LL,1.7012139217049778,hot,0.5606288640393552
1982,hillside_incremental,-0.3063441664550424,LL,0.6468101533848061,hot,1.1359355089630705
1983,hillside_incremental,-0.28442922316923647,LL,0.6331693866518201,hot,1.2796803824787892
1984,hillside_incremental,-0.3332507709223702,ns,0.23206397776792762,ns,1.4514731285737517
1985,hillside_incremental,0.13092805487403075,ns,-0.19440500829774746,ns,2.127773183057774
1986,hillside_incremental,0.0600487993626464,ns,0.18154526766231022,ns,2.22766607573988
1987,hillside_incremental,-0.07733452726367417,ns,0.1789439339261235,ns,2.0049740566571175
1988,hillside_incremental,-0.1389575354637264,ns,0.34044641468480086,ns,1.5342930035929674
1989,hillside_incremental,-0.3100175115392726,ns,0.5157694095987486,ns,1.7338888333551215
1990,hillside_incremental,-0.49316570157437384,ns,0.44890360012271313,ns,1.130186626758168
1991,hillside_incremental,-0.2583279340579615,ns,0.45841263946442923,ns,1.2292752611301234
1992,hillside_incremental,-0.3041461858745459,ns,0.37232681182838023,ns,0.8935138945266091
1993,hillside_incremental,0.5173081730801516,ns,0.2995704502396187,ns,0.9452938539344263
1994,hillside_incremental,-0.6556194760175067,LL,1.4389976148829475,hot,0.7488690322847447
1995,hillside_incremental,-0.5352695039916592,ns,0.4312297490122815,ns,0.7652378817564404
1996,hillside_incremental,-0.42770418646047653,ns,0.2229032912931091,ns,1.8033353950737894
1997,hillside_incremental,-0.24232270969684996,LL,0.6698412621650992,hot,1.6539466211943714
1998,hillside_incremental,-0.8521582592037487,LL,1.0197918530179642,hot,0.6627117296660405
1999,hillside_incremental,-0.6483930740013369,LL,1.0197918530179642,hot,1.2069499699905426
2000,hillside_incremental,-0.46069556712841175,ns,0.5138378298504921,ns,0.9545306296412668
2001,hillside_incremental,-0.0910980884166496,ns,0.4423835159659518,ns,1.6653374876260325
2002,hillside_incremental,-0.2286595283681479,ns,0.3108611574024036,ns,1.5601583246250381
2003,hillside_incremental,0.19057181459096634,ns,0.1565019034918083,ns,2.8948914869805975
2004,hillside_incremental,0.20704218637278898,ns,0.0769454400544508,ns,2.6541171893377595
2005,hillside_incremental,-0.17355809960428417,ns,-0.010779809087546196,ns,0.9686968972438655
2006,hillside_incremental,0.08895936544400215,ns,0.07742911360367583,ns,2.1628874229133177
2007,hillside_incremental,-0.024560750651123085,ns,0.28551397641442283,ns,1.7580080555938042
2008,hillside_incremental,-0.3252899249795239,ns,0.32025561375342226,ns,0.6856556186931031
2009,hillside_incremental,0.08833473842721322,ns,0.39899965213390576,ns,2.1191353823503234
2010,hillside_incremental,-0.06850202966361481,ns,0.4679351266604402,ns,1.6538331116438372
2011,hillside_incremental,-0.042983862209587206,ns,0.1351729133900612,ns,1.8494864791257777
2012,hillside_incremental,-0.18862370241751217,ns,0.04162585083997825,ns,1.6010980952742373
2013,hillside_incremental,0.6637411719982704,ns,0.1657253162164461,ns,1.331148820092079
2014,hillside_incremental,0.05081257309797214,ns,0.4851397468085466,ns,1.1755356840063866
2015,hillside_incremental,-0.6305804084460869,LL,1.3058443568655644,hot,0.7298792373104964
2016,hillside_incremental,-0.7418840525904786,LL,1.429743514391358,hot,0.37757215510315506
2017,hillside_incremental,-0.5482788626814733,LL,1.4098727495697916,hot,0.4734561357176486
2018,hillside_incremental,-0.8445842681269786,LL,1.7776521976983444,hot,0.5729054630317195
2019,hillside_incremental,0.1278580026018598,ns,0.3789150505431026,ns,1.9900713872675433
2020,hillside_incremental,0.15364703728281853,HL,0.6839801139077318,hot,2.9397567594622886
2021,hillside_incremental,-0.249198470815283,LL,0.8862524361524309,hot,1.86225724880423
2022,hillside_incremental,0.08502990694487007,ns,-0.09102726898902766,ns,1.6966191318053447
2023,hillside_incremental,-0.0862326727431669,ns,-0.15164534655609127,ns,1.1870735676123092
2024,hillside_incremental,-0.12400117331729872,ns,-0.02718806348430522,ns,1.3102604393987176
2025,hillside_incremental,-0.14502516753858163,ns,-0.20319732141227767,ns,1.1534769963294504
2026,hillside_incremental,0.13365565911569702,ns,0.18588306708599792,ns,2.246730645295492
2027,hillside_incremental,-0.14044464288800418,ns,0.3125308695106146,ns,1.4168050198696887
2028,hillside_incremental,0.034051416481551036,ns,0.028512181008798876,ns,2.0542987099609964
2029,hillside_incremental,-0.088849677529624,ns,0.13364987707502346,ns,1.9257350997697307
2030,hillside_incremental,-0.11315957824033047,ns,0.3854414162996338,ns,1.6879486776697825
2031,hillside_incremental,-0.27409018530523055,LL,0.5903900714833824,hot,1.7649780754223783
2032,hillside_incremental,-0.2907418711513864,LL,0.852760543254625,hot,1.868800326161683
2033,hillside_incremental,-0.939371492816786,LL,1.421583306153905,hot,0.4358113136021268
2034,hillside_incremental,-0.712500912034116,LL,1.5810097543007087,hot,0.6631282029009029
2035,hillside_incremental,-0.7354566431144889,LL,1.8165283811025206,hot,0.735522109218066
2036,hillside_incremental,-1.1764489847456034,LL,2.159777608964248,hot,0.41843680521234655
2037,hillside_incremental,-0.9286680762751172,LL,2.38750272948882,hot,0.5994215642630462
2038,hillside_incremental,-0.27141452695153684,ns,0.17306431512773957,ns,0.3040544361978004
2039,hillside_incremental,-0.18258231829212432,LL,0.7638296632960573,hot,1.3978516938329988
2040,hillside_incremental,0.022511638850021897,ns,-0.07906268379473148,ns,1.1198806336406193
2041,hillside_incremental,0.13472388797128482,ns,-0.21367800163672,ns,1.5902305456603656
2042,hillside_incremental,0.21381144046102984,ns,-0.16854713351784076,ns,0.7681458189941284
2043,hillside_incremental,-0.3268355680493885,ns,0.23317218203107157,ns,1.0496055153951414
2044,hillside_incremental,-0.08025058117888102,ns,0.3229077808753762,ns,1.2965715296988753
2045,hillside_incremental,0.04540929241317164,ns,0.03330765574872934,ns,2.3205693402454957
2046,hillside_incremental,0.02899469302850476,ns,0.023106843587799214,ns,2.1259602948413754
2047,hillside_incremental,-0.02895701478625201,ns,-0.029286584982579238,ns,2.0954081726819203
2048,hillside_incremental,0.057809744434363076,ns,-0.15158336196873595,ns,2.004150857061004
2049,hillside_incremental,-0.41646944871069935,ns,0.6070017396993319,ns,1.1654487873865018
2050,hillside_incremental,-0.2748482628607585,LL,0.7460142445125609,hot,1.311760550594496
2051,hillside_incremental,-0.384146108946926,LL,0.8489405625925096,hot,1.423369433774092
2052,hillside_incremental,-0.593736096212998,LL,1.0470174774190624,hot,0.7719876485629419
2053,hillside_incremental,-0.5276493195164864,LL,1.250270567377132,hot,0.8435719607642721
2054,hillside_incremental,-0.18424501300108015,LL,1.499498357261474,hot,0.791989355875765
2055,hillside_incremental,-0.7833379080558794,LL,1.7353892695857687,hot,0.705116665598286
2056,hillside_incremental,-0.9442810265283004,LL,2.1527287461630316,hot,0.6993251493172764
2057,hillside_incremental,-1.033931908376034,LL,2.5914834404515323,hot,0.5284755201606153
2058,hillside_incremental,-1.4159165860172056,LL,2.3774997428238787,hot,0.18243266171868025
2059,hillside_incremental,-0.054379544196214956,ns,-0.21265948692736206,ns,0.7451485631057063
2060,hillside_incremental,0.6453096617071706,ns,-0.5516847930885416,ns,0.6194608838871404
2061,hillside_incremental,0.014880194867976348,ns,0.009555089892537727,ns,1.8035017775496498
2062,hillside_incremental,-0.04805153134333281,ns,0.10526181041091645,ns,1.5630348577356603
2063,hillside_incremental,-0.06389759386673931,ns,0.1809105380923779,ns,1.7254683254805911
2064,hillside_incremental,0.004050839859659139,ns,0.039735438296218215,ns,2.0474738009459887
2065,hillside_incremental,-0.10427911530908025,ns,0.031157306612195262,ns,1.7301153450348956
2066,hillside_incremental,-0.2955577009309122,LL,0.6053462320880885,hot,1.4530270660061273
2067,hillside_incremental,-0.23224987301092712,LL,0.7326122309942094,hot,1.506002015158913
2068,hillside_incremental,-0.32932352776914037,LL,0.9368462489224852,hot,1.5564543404135174
2069,hillside_incremental,-0.6196539599522117,LL,1.496526553861596,hot,0.6399621377768647
2070,hillside_incremental,-0.5312857257268586,LL,1.4087392163261823,hot,0.5878385317010271
2071,hillside_incremental,0.1518883051221948,ns,-0.005234702547067933,ns,2.1018337405408047
2072,hillside_incremental,0.05516090463660759,ns,0.04687910294521537,ns,1.9628415066030198
2073,hillside_incremental,0.004514253683658853,ns,0.0936549202102505,ns,1.8587528238359794
2074,hillside_incremental,-0.002034345265868276,ns,-0.024234250065615935,ns,1.9280378256487798
2075,hillside_incremental,-0.22947243243091836,LL,0.6589136956771444,hot,1.5438412590998662
2076,hillside_incremental,-0.2018383573118509,LL,0.700583309788063,hot,1.5741126564918717
2077,hillside_incremental,-0.2528239047880084,LL,0.8130079698005072,hot,1.3906152656272
2078,hillside_incremental,-0.38993262248803234,LL,1.0674917700643913,hot,1.3372156368907693
2079,hillside_incremental,-0.767715109899514,LL,1.3728000864853662,hot,0.3648653234373605
2080,hillside_incremental,-1.0884758960657877,LL,1.3965351904235577,hot,0.218629635103886
2081,hillside_incremental,-1.1131295016299374,LL,1.7294796995756898,hot,0.25627445721940784
2082,hillside_incremental,-0.17315115058508693,ns,-0.2229022993398445,ns,2.028958978855297
2083,hillside_incremental,0.00845459210527133,ns,0.03973389898104669,ns,1.8457432428869178
2084,hillside_incremental,0.038523558803897975,ns,0.17723425348877586,ns,2.1073342681200895
2085,hillside_incremental,-0.25539190045592813,ns,0.10106711693380417,ns,1.4660163631669874
2086,hillside_incremental,-0.006535311482168527,ns,0.019588470302517116,ns,1.8677467899795055
2087,hillside_incremental,0.014580199117627469,ns,-0.08309078790893089,ns,1.8587528255810384
2088,hillside_incremental,0.1982182257701476,ns,-0.12042520438562586,ns,2.3446507894093953
2089,hillside_incremental,-0.19912626479914267,ns,0.45219360794355795,ns,1.926677975232761
2090,hillside_incremental,-0.3742253323785303,LL,0.8578095485954863,hot,1.3372156368907693
2091,hillside_incremental,-0.37077375939024115,LL,0.9996322325794206,hot,1.3661404370847807
2092,hillside_incremental,-0.411596760942488,LL,1.1484422505653975,hot,1.2326413704241497
2093,hillside_incremental,-0.5978578357454734,LL,1.0769938088157354,hot,0.9878930642781742
2094,hillside_incremental,-0.7385275123396493,LL,1.1298213008634155,hot,0.7702711799352912
2095,hillside_incremental,-0.02162495565834206,LL,1.2633945956300918,hot,0.32287679331789676
2096,hillside_incremental,-0.5446003749091732,LL,1.548638633244728,hot,0.7945018653259657
2097,hillside_incremental,-0.6420111273012974,LL,1.3946828273405383,hot,0.7910323661688231
2098,hillside_incremental,-0.25203501990347654,ns,-0.1662065316342701,ns,0.9022583711571568
2099,hillside_incremental,-0.007832380824260955,ns,0.18305311800958074,ns,1.811904616982197
2100,hillside_incremental,-0.11209596702963469,ns,0.20459559643462172,ns,1.750825240584022
2101,hillside_incremental,-0.09907657433714367,ns,0.13638302815584735,ns,1.849758859873777
2102,hillside_incremental,0.019381125671409594,ns,0.06761694604892404,ns,2.0650136549311675
2103,hillside_incremental,0.05208826419450099,ns,-0.1146474998618712,ns,2.0484670701316454
2104,hillside_incremental,0.06408177545940656,ns,-0.1582879984977409,ns,2.0418484363081504
2105,hillside_incremental,0.06533411367952266,ns,-0.22086824985066583,ns,2.1677670196271333
2106,hillside_incremental,-0.6186506887620095,LL,1.174055984802659,hot,1.1124922083574036
2107,hillside_incremental,-0.7555639920785504,LL,1.464490296300262,hot,0.85439405978289
2108,hillside_incremental,-0.5744652259553791,LL,1.579763576071413,hot,1.0079179315298927
2109,hillside_incremental,-0.7986676943285137,LL,1.3960520288846114,hot,0.45752947605818445
2110,hillside_incremental,-0.4365530038737724,LL,1.2265087076527355,hot,1.0408321695878011
2111,hillside_incremental,-0.5505065775281152,LL,1.2265087076527355,hot,0.49959947759122825
2112,hillside_incremental,0.2748658682424045,ns,-0.4964154012327565,ns,2.3483134397230034
2113,hillside_incremental,0.2641314977066897,HH,-0.6521190153097359,cold,2.9218484120306223
2114,hillside_incremental,-0.25155112291361564,ns,0.2699453719920826,ns,1.7134649727776086
2115,hillside_incremental,-0.12051359007134306,ns,0.2672385528250244,ns,1.7872947059310502
2116,hillside_incremental,0.012974925412846772,ns,0.2080411557832936,ns,1.9061682207037156
2117,hillside_incremental,0.0011423888550503914,ns,-0.10213143620141313,ns,1.9657341569693367
2118,hillside_incremental,0.02631548726673752,ns,-0.1397108936582921,ns,2.0704148254011017
2119,hillside_incremental,0.09739079223732114,ns,-0.21348983989020565,ns,2.1077501714825764
2120,hillside_incremental,-0.1859225402657016,ns,0.3637188897356347,ns,1.8956525662438657
2121,hillside_incremental,-0.7248034098265593,LL,1.720349854046604,hot,0.9166936007398312
2122,hillside_incremental,-0.7581323787768162,LL,1.364481222094202,hot,0.5777034018069885
2123,hillside_incremental,-0.3408999971104788,LL,1.1957554664400316,hot,0.6314382483682747
2124,hillside_incremental,-0.577692450039142,LL,1.130490431104676,hot,0.870829554315825
2125,hillside_incremental,0.23669403527400606,HH,-0.8235703035135469,cold,1.186248728155436
2126,hillside_incremental,0.23449273161264203,HH,-0.6521190153097359,cold,2.7576996245618317
2127,hillside_incremental,0.19494514648828642,HH,-0.6521190153097359,cold,2.349753042959842
2128,hillside_incremental,-0.20498802005303177,ns,0.4462069895906122,ns,1.77498974324305
2129,hillside_incremental,-0.11950288960762467,ns,0.3519099610177939,ns,1.8426670022149179
2130,hillside_incremental,-0.11046351283961495,ns,0.2111793053355559,ns,1.6009321403147088
2131,hillside_incremental,-0.003954984675507323,ns,0.0027222018599702296,ns,1.840760493594706
2132,hillside_incremental,0.07214805318452588,ns,-0.12095859135274221,ns,1.871907031003936
2133,hillside_incremental,0.05856741478522518,ns,-0.1807756731332862,ns,2.1043560476747047
2134,hillside_incremental,-0.3191414873699895,LL,0.8036547790019098,hot,1.3340926849449652
2135,hillside_incremental,-0.5473729885550539,LL,1.1724595295597906,hot,1.346788130073324
2136,hillside_incremental,-0.5295440744621532,LL,1.6374246626801454,hot,0.8354257010145044
2137,hillside_incremental,-0.4846672177545214,LL,1.5972903733434403,hot,0.8064681330938727
2138,hillside_incremental,-0.33468703772220226,LL,1.1479253636769693,hot,0.18388051044899634
2139,hillside_incremental,-0.47561427705662096,LL,1.049041684496077,hot,0.7632768898985933
2140,hillside_incremental,0.12394231816768145,HH,-1.0291734944971502,cold,2.1534533481453932
2141,hillside_incremental,0.3872274762185225,HH,-1.145344544991945,cold,1.2688359676295984
2142,hillside_incremental,0.4430781078742824,HH,-0.9096827555823269,cold,1.9520554639030474
2143,hillside_incremental,0.1629429376457776,HH,-1.1276644235691244,cold,0.9610119465083871
2144,hillside_incremental,0.2798109992469934,HH,-0.8351188349397258,cold,2.682660186349591
2145,hillside_incremental,0.20520618135536725,HH,-0.6150996174939839,cold,2.3233936344910364
2146,hillside_incremental,0.11601177012307551,ns,-0.1485521572242162,ns,1.6441727153141381
2147,hillside_incremental,0.003817942155445697,ns,-0.1485521572242162,ns,1.6882672885656538
2148,hillside_incremental,-0.307410743658335,ns,0.17235789217123434,ns,1.0575092197600529
2149,hillside_incremental,-0.2583246684992812,ns,0.3662404475887264,ns,1.6393224037612786
2150,hillside_incremental,-0.3108965750774262,ns,0.24065761914606928,ns,1.3989781971102038
2151,hillside_incremental,0.029243558696860617,ns,0.13031048142113338,ns,1.9404294144826713
2152,hillside_incremental,0.027561608560299856,ns,-0.027880067756207258,ns,2.0018377988983
2153,hillside_incremental,0.0805315171116614,ns,-0.1341025802808235,ns,1.9954319181036517
2154,hillside_incremental,0.14413063383154648,ns,-0.24104786521269317,ns,2.090779558370136
2155,hillside_incremental,0.21165873950101197,ns,-0.5629287673956727,ns,2.256675764264807
2156,hillside_incremental,-0.2953347113412153,ns,0.1641791612671086,ns,1.3171958901713703
2157,hillside_incremental,-0.10597615209068714,ns,0.4476566319632091,ns,1.4977460206427178
2158,hillside_incremental,-0.7228375468651571,ns,0.6126678424345252,ns,0.713584494331553
2159,hillside_incremental,-0.7943369583725279,LL,1.6322982895110405,hot,0.5849427803027303
2160,hillside_incremental,-0.509158913767416,LL,1.3936247506120558,hot,0.8455608443929591
2161,hillside_incremental,-0.3643596735275141,LL,1.2488318692755391,hot,0.8889971895316986
2162,hillside_incremental,-0.36835309476869826,LL,1.1479253636769693,hot,0.18967201324558974
2163,hillside_incremental,-0.3613351415644861,LL,1.049041684496077,hot,0.6938880699762915
2164,hillside_incremental,0.4897920905746713,HH,-1.3364554598128005,cold,1.554136450431742
2165,hillside_incremental,0.029627690915604223,ns,-0.23930874834841498,ns,1.3753816761717492
2166,hillside_incremental,-0.3509162892795189,ns,-0.020161423342553365,ns,1.5113598715225784
2167,hillside_incremental,-0.5158251973778551,ns,-0.0990399235213183,ns,1.0597404402727597
2168,hillside_incremental,-0.008053063211900979,LH,-0.5907396570120182,cold,2.0658232252934035
2169,hillside_incremental,0.3327987843369783,HH,-0.8560322167403838,cold,2.7276021081988944
2170,hillside_incremental,0.11701111471164535,HH,-0.703935675176247,cold,2.306756314829398
2171,hillside_incremental,0.03443936167212591,HH,-1.4522448234827556,cold,1.4374248162492147
2172,hillside_incremental,0.15244038659989576,ns,-0.25926107614835203,ns,1.909482406630852
2173,hillside_incremental,0.08575760107781827,ns,-0.24863354629340564,ns,1.3222478039381047
2174,hillside_incremental,0.08059862594867442,ns,-0.10602475425834669,ns,1.6310144813406295
2175,hillside_incremental,0.024349363866286767,ns,0.07576381697534526,ns,1.8396711279607525
2176,hillside_incremental,0.010735128045932973,ns,0.030319632956424016,ns,1.8485441393904767
2177,hillside_incremental,-0.041053267865316476,ns,-0.06497445390966114,ns,1.9762142757197065
2178,hillside_incremental,0.12948591316283248,ns,-0.23350096042131316,ns,1.9569966338018507
2179,hillside_incremental,0.18290306892958397,ns,-0.33032714434855864,ns,2.265492334251587
2180,hillside_incremental,0.1985247261639113,ns,-0.512431087754042,ns,2.313550728600049
2181,hillside_incremental,0.09751716936939583,ns,-0.09852588621480261,ns,2.544116567019992
2182,hillside_incremental,-0.07650365219856065,ns,0.0020732717488339343,ns,1.9450181310562913
2183,hillside_incremental,-0.5225742961931693,LL,1.111276540002016,hot,0.8788620427821398
2184,hillside_incremental,-0.5504001620978374,LL,1.0225912766861294,hot,0.8325299428739996
2185,hillside_incremental,0.14297228631813144,ns,-0.5673100343732208,ns,2.5659465010182583
2186,hillside_incremental,0.2193281048181806,HH,-0.6185224338408765,cold,2.938896520985802
2187,hillside_incremental,0.1582185994903383,ns,-0.20629419335666224,ns,2.6518149262304953
2188,hillside_incremental,0.21377839420319183,ns,-0.3662022409574887,ns,2.730221043076622
2189,hillside_incremental,0.3048594741496247,ns,-0.5711638082561085,ns,2.954009655632494
2190,hillside_incremental,0.44762933938709326,HH,-0.8050766141786334,cold,2.904278856701919
2191,hillside_incremental,0.47568367341523105,HH,-0.8257350760957388,cold,2.9795602129473076
2192,hillside_incremental,0.2591885521722028,HH,-1.4522448234827556,cold,1.938436142219325
2193,hillside_incremental,0.2331913195433882,ns,-0.4625621085891625,ns,2.174706574828544
2194,hillside_incremental,0.07607259853657525,ns,-0.24764519781683766,ns,1.7375916702133563
2195,hillside_incremental,0.12265269890515267,ns,-0.19941932828412195,ns,1.8889254583621127
2196,hillside_incremental,0.05040256408845036,ns,-0.148019964930283,ns,1.9843214359211376
2197,hillside_incremental,0.06481974722386748,ns,-0.14606959051135904,ns,2.019882774531268
2198,hillside_incremental,0.029902068729303306,ns,-0.09939315704212634,ns,2.0383114721648523
2199,hillside_incremental,0.003625308952978751,ns,-0.12910969980466538,ns,2.055297395958261
2200,hillside_incremental,0.0173197999940351,ns,-0.23321460347399914,ns,1.9666054538286004
2201,hillside_incremental,0.16153958092912252,ns,-0.371671990040515,ns,2.2987202742380144
2202,hillside_incremental,-0.29016714122401416,ns,0.1408794281806395,ns,1.4129471629856973
2203,hillside_incremental,0.13158626574590043,ns,-0.2261525664782231,ns,2.425115711995991
2204,hillside_incremental,-0.30549225455707774,LL,0.7130877284063315,hot,1.6596628362972285
2205,hillside_incremental,-0.3342903770138642,LL,1.0082728039054276,hot,1.460467849170121
2206,hillside_incremental,-0.4824774607925149,LL,0.8842938966050307,hot,1.2539621767338576
2207,hillside_incremental,-0.12938614394188633,LL,0.9504899708263341,hot,2.2833060447428335
2208,hillside_incremental,0.43405213050845537,HH,-1.7629653409557093,cold,1.208772825857052
2209,hillside_incremental,0.5682043267491401,HH,-0.9046428646995843,cold,2.582719431434244
2210,hillside_incremental,0.190690104053929,ns,-0.45168211976694184,ns,2.362832404439084
2211,hillside_incremental,0.4006579633880598,ns,-0.14995237005322917,ns,3.008028858220707
2212,hillside_incremental,0.3747656110343923,HH,-0.9996769045203119,cold,2.8197364973620545
2213,hillside_incremental,0.44809684546481715,HH,-1.0812321945664793,cold,2.9689288941537813
2214,hillside_incremental,0.4623290643135055,HH,-1.023264318474254,cold,3.008713537929784
2215,hillside_incremental,0.3008546625833409,HH,-0.7956756990912337,cold,2.4576694153948138
2216,hillside_incremental,0.29523841465016076,HH,-0.8240297223888499,cold,2.4458726016406005
2217,hillside_incremental,0.5371476179778323,HH,-1.7293602117271647,cold,2.61859411685158
2218,hillside_incremental,0.7803949960205335,HH,-1.5797537005414184,cold,3.4176119578473605
2219,hillside_incremental,0.6329011200772694,HH,-1.608080340289878,cold,2.9046719534589465
2220,hillside_incremental,0.5709730268619777,HH,-1.41182415390729,cold,2.8214601523198555
2221,hillside_incremental,0.11226513418310094,HH,-0.6243121456673639,cold,1.842062315375149
2222,hillside_incremental,0.07197824524493841,ns,-0.5060469284833382,ns,1.6180153968059559
2223,hillside_incremental,0.14351832449098292,ns,-0.422087230161304,ns,2.0590002221631196
2224,hillside_incremental,0.20182100646876644,ns,-0.3652518764877266,ns,2.0981176615152064
2225,hillside_incremental,0.06922633889715168,ns,-0.26621270739468683,ns,2.0892692554096133
2226,hillside_incremental,-0.0032360832335878776,ns,-0.25499718890606904,ns,1.6951957371869106
2227,hillside_incremental,0.24321977523920105,ns,-0.28671452902092565,ns,2.4400544700010776
2228,hillside_incremental,0.09610349255604567,ns,-0.35586676420928953,ns,2.0975429899361737
2229,hillside_incremental,0.1372489837238108,ns,-0.305764137426998,ns,2.1769903248971048
2230,hillside_incremental,-0.22623020109375425,ns,0.18749339849107027,ns,1.368792570567734
2231,hillside_incremental,0.04669054775967248,ns,-0.30167711949859755,ns,2.02743199885163
2232,hillside_incremental,0.03127996163749567,ns,0.020893028839321842,ns,2.2688708610154715
2233,hillside_incremental,0.027731444590751997,ns,0.34899332718630394,ns,2.4430948028811956
2234,hillside_incremental,-0.20006066783734866,ns,0.5121380224498063,ns,1.8081121061345378
2235,hillside_incremental,-0.22985892536025476,LL,0.765202519746267,hot,1.7635773213813557
2236,hillside_incremental,-0.4641458441973044,LL,0.9032821755639502,hot,1.1867856298965802
2237,hillside_incremental,-0.10513073343414936,LL,0.7812396115378976,hot,2.332943140711702
2238,hillside_incremental,-0.6053439819285545,LL,0.7310112539226243,hot,0.5530894609838019
2239,hillside_incremental,0.22873442631802487,ns,-0.5152669206426503,ns,2.425527792306179
2240,hillside_incremental,0.3320703242684063,HH,-0.6695134897632766,cold,2.787139850148089
2241,hillside_incremental,0.14152517223023242,ns,-0.18673491307561632,ns,2.448292343821393
2242,hillside_incremental,-0.39144580150594094,ns,0.49384469979124335,ns,0.0
2243,hillside_incremental,-0.39729731951005476,ns,0.27399655260508593,ns,0.0
2244,hillside_incremental,0.5067104883242557,ns,-0.6604496467328118,ns,2.4607334673024295
2245,hillside_incremental,0.47749543762050284,HH,-0.8369990522090393,cold,2.427139844458093
2246,hillside_incremental,0.34508309570753165,ns,-0.6196752339498575,ns,2.4019446053265154
2247,hillside_incremental,0.5135079126398117,HH,-0.7308376351790211,cold,2.6245024238873493
2248,hillside_incremental,0.30729382489114343,HH,-0.887390279769506,cold,2.4458726016406005
2249,hillside_incremental,0.7455270558584063,HH,-1.6392262641879767,cold,3.443725701500165
2250,hillside_incremental,0.8213571738834992,HH,-1.867031235173029,cold,3.3525011753862812
2251,hillside_incremental,0.28085422490642076,HH,-0.7958256419296665,cold,2.219487409346639
2252,hillside_incremental,0.1531277087140644,HH,-0.6103423065304667,cold,2.2485477980860873
2253,hillside_incremental,0.34646313440573995,ns,-0.583728459401165,ns,2.6670297482774
2254,hillside_incremental,0.27008292742264156,ns,-0.576670480537931,ns,2.320708325686379
2255,hillside_incremental,0.20836237760763154,ns,-0.47574257169358825,ns,2.2984295247016036
2256,hillside_incremental,0.16455666063028546,ns,-0.41862255283477506,ns,2.0451058480099675
2257,hillside_incremental,0.23366826693339102,ns,-0.35835992263973687,ns,2.3208335665332926
2258,hillside_incremental,0.1282999321512926,ns,-0.21589509459799403,ns,2.2202715595543046
2259,hillside_incremental,0.053828912113446516,ns,0.23509453915497902,ns,1.7158935168565381
2260,hillside_incremental,-0.43558853808013803,ns,0.41873032731224774,ns,0.921110284994392
2261,hillside_incremental,0.0740503601237316,ns,-0.15710885656612553,ns,2.2077406874005785
2262,hillside_incremental,0.13648420828797586,ns,-0.2505081355231323,ns,2.32271400491042
2263,hillside_incremental,0.08164338489970806,ns,-0.2997270423251474,ns,2.324089107212437
2264,hillside_incremental,0.15943518733714274,ns,-0.4390982172099811,ns,2.5466082727651056
2265,hillside_incremental,0.26097265753748533,ns,-0.4603799937271113,ns,2.812568559097179
2266,hillside_incremental,0.21096863345592926,ns,-0.41535951604399385,ns,2.6439056226748923
2267,hillside_incremental,0.1453424221929971,ns,-0.1719069634831731,ns,2.4387750235346215
2268,hillside_incremental,-0.024771123433449792,ns,0.17311896193743592,ns,2.332225024208256
2269,hillside_incremental,-0.3215732865806264,ns,0.4921446955621592,ns,1.3390124054298993
2270,hillside_incremental,-0.2712668410095522,ns,0.5826533571663863,ns,1.5527793501245084
2271,hillside_incremental,-0.23660757706952928,LL,0.6608967417039165,hot,1.7606083410308861
2272,hillside_incremental,-0.33808791714351066,LL,0.807998900085979,hot,1.460467849170121
2273,hillside_incremental,-0.5481691801762854,LL,0.7663270742909782,hot,0.6692774524105611
2274,hillside_incremental,-0.249940785565732,LL,0.7692832543405411,hot,1.6371913289155031
2275,hillside_incremental,-0.0007758089385024424,ns,0.5201780745027521,ns,2.1523188293878337
2276,hillside_incremental,0.492495821907184,HH,-1.2134168216659769,cold,2.856976344028004
2277,hillside_incremental,0.5810425272569383,HH,-1.2513585534756932,cold,3.2047356030158327
2278,hillside_incremental,0.30925027142205164,HH,-1.094545857340292,cold,2.255812897385371
2279,hillside_incremental,0.21580793628345862,HH,-1.0060531321799822,cold,2.201324665855878
2280,hillside_incremental,0.30058845711560717,HH,-0.7095229684584834,cold,2.6309023437971595
2281,hillside_incremental,0.37302864980570727,HH,-0.7815922620217154,cold,2.517436736091473
2282,hillside_incremental,0.2729538874403462,HH,-0.8096084321552547,cold,2.168469858774398
2283,hillside_incremental,0.24665135866448326,HH,-0.6464906124529152,cold,2.1276253924636372
2284,hillside_incremental,-0.3953586515977575,ns,0.46053443400638877,ns,0.7101997186940643
2285,hillside_incremental,-0.34276231800135365,ns,0.4720004371704899,ns,1.2975959066118778
2286,hillside_incremental,0.023453693350848535,ns,-0.08591656595922015,ns,2.0212957876862125
2287,hillside_incremental,0.07125393537102856,ns,-0.11840083150588283,ns,2.488918110204655
2288,hillside_incremental,0.12409017491724036,ns,-0.21672792527726323,ns,2.542487544812007
2289,hillside_incremental,0.19838444295959692,ns,-0.309555393605556,ns,2.766983980036357
2290,hillside_incremental,0.10090269190544232,ns,-0.2397301893026737,ns,2.475242667679003
2291,hillside_incremental,0.0811464318459258,ns,-0.0074243076487390085,ns,2.6484640728861963
2292,hillside_incremental,-0.19443255287327202,ns,0.34677812023377996,ns,1.9165743336461836
2293,hillside_incremental,-0.4957093582487507,ns,0.5448696958148764,ns,1.0361759119670495
2294,hillside_incremental,-0.416821946370204,LL,0.6891503635244566,hot,1.1816562256483667
2295,hillside_incremental,-0.2696456638712319,LL,0.7925995824099916,hot,1.5236493335812906
2296,hillside_incremental,-0.22140757570945838,LL,0.8043180414394112,hot,1.7327776800313597
2297,hillside_incremental,-0.3535489769234358,LL,0.7965194451326462,hot,1.09344249794818
2298,hillside_incremental,-0.37392578321074293,LL,0.651704784952787,hot,1.4752713110569438
2299,hillside_incremental,-0.2737399556783465,ns,-0.3178799369464081,ns,1.4155095527649846
2300,hillside_incremental,0.3142180289040339,HL,0.4431648273227726,hot,0.6532710845666794
2301,hillside_incremental,0.6574225742676048,HH,-1.5015206809883996,cold,3.199385456737013
2302,hillside_incremental,0.622035669835887,HH,-1.5254116616750484,cold,3.0870324720792075
2303,hillside_incremental,0.7493298706342966,HH,-1.4458537866559724,cold,3.599345874229404
2304,hillside_incremental,-0.37612471177860246,ns,0.40209703596223645,ns,0.6725568478716994
2305,hillside_incremental,-0.3155015998255609,ns,0.3629479950391881,ns,0.9320759338773124
2306,hillside_incremental,-0.05493549471107952,ns,0.19845242007033037,ns,2.011562422087217
2307,hillside_incremental,-0.16432812756962295,ns,0.09571904948110244,ns,1.8688063763052518
2308,hillside_incremental,0.07173745346713682,ns,-0.04336393723144044,ns,2.5424875472105843
2309,hillside_incremental,0.018384104669481614,ns,-0.1200375536931609,ns,2.063530465171895
2310,hillside_incremental,0.028588660214074725,ns,-0.05717698195420209,ns,2.104058066867473
2311,hillside_incremental,-0.13591974317916292,ns,0.1339428267251307,ns,2.0096453756457997
2312,hillside_incremental,-0.18368132062748405,ns,0.40168288120194723,ns,1.8717623397600507
2313,hillside_incremental,-0.18496955845710364,LL,0.7271542547178992,hot,1.6304670028824413
2314,hillside_incremental,-0.40149427746829647,LL,0.9597256137636471,hot,1.2009941999005311
2315,hillside_incremental,-0.26322940734046113,LL,1.015007350263315,hot,1.511699135200905
2316,hillside_incremental,-0.26832501162571765,ns,0.03332523511884361,ns,1.8027095969466809
2317,hillside_incremental,0.034674772680542885,ns,-0.13553520680736178,ns,2.4739841379110294
2318,hillside_incremental,0.32484646342889717,ns,-0.3178799369464081,ns,2.8389544735336534
2319,hillside_incremental,0.38432348534039584,ns,-0.01690775906436293,ns,3.7402098981199163
2320,hillside_incremental,0.8354168498147274,HH,-1.736997885360723,cold,3.6577492528387365
2321,hillside_incremental,0.7851122740679773,HH,-1.7626993558684072,cold,3.7087854428166427
2322,hillside_incremental,-0.34185173407126906,ns,0.3908141329945777,ns,1.0124903292405847
2323,hillside_incremental,-0.12988132381218476,ns,0.4877098616856996,ns,1.351581495934305
2324,hillside_incremental,-0.3404263801083415,ns,0.39804021558824165,ns,1.29484479756898
2325,hillside_incremental,-0.11208157136301286,ns,0.08566791312402078,ns,2.0478251619610126
2326,hillside_incremental,0.013153658067981255,ns,0.08793844228331164,ns,2.0973034665029666
2327,hillside_incremental,-0.09977277542687586,ns,0.21356154100747943,ns,2.071692753030576
2328,hillside_incremental,-0.11773613206801525,ns,0.4345084178896255,ns,2.1233988995135813
2329,hillside_incremental,-0.19162630013280196,LL,0.6507237623244494,hot,1.875209442142498
2330,hillside_incremental,-0.25579345272341986,LL,1.1001896305685417,hot,1.2458073951354909
2331,hillside_incremental,0.30314447551491314,ns,-0.26663772263691193,ns,3.489145901545489
2332,hillside_incremental,0.3835648463522393,ns,-0.2121655620383416,ns,3.5148960719504756
2333,hillside_incremental,0.3173074564824727,ns,0.008732271258290127,ns,3.2445194325837465
2334,hillside_incremental,-0.4481624899205977,ns,0.3929687280002102,ns,1.0614387753293626
2335,hillside_incremental,0.04267871176989342,ns,0.2422348638433149,ns,2.4144260016045713
2336,hillside_incremental,-0.19010872523690114,ns,0.19892225908833241,ns,1.8614211289229035
2337,hillside_incremental,-0.12121574563298373,ns,0.5416836372132485,ns,2.047563220947985
2338,hillside_incremental,-0.42210620350063677,LL,0.8803559644843096,hot,1.309888889069713
2339,hillside_incremental,-0.40151834640654016,LL,0.7793924101156219,hot,1.7950747753993885
2340,hillside_incremental,-0.3709363002738002,LL,1.0223016180735998,hot,1.5523930411141784
2341,hillside_incremental,-0.8428277425619681,LL,1.0223016180735998,hot,0.7280452028556306
2342,hillside_incremental,-0.1229140249150873,LL,0.709260661620191,hot,2.03377491575424
2343,hillside_incremental,-0.7893808498086738,LL,1.2818310030983224,hot,0.7411213299246753
2344,hillside_incremental,-0.31228955331146585,LL,0.8797630203111564,hot,0.9610952825762688
2345,hillside_incremental,-0.1950250300659647,ns,0.20433217315288318,ns,1.5904244709183248
2346,hillside_incremental,-0.5373316948837943,LL,1.0223016180735998,hot,1.1556276067900773
2347,hillside_incremental,-0.25594576407565317,LL,1.0223016180735998,hot,1.6178785634051454
2348,hillside_incremental,0.10301275566117789,HL,0.9442495603159399,hot,0.5123282811040717
2349,hillside_incremental,-0.305415658850607,LL,0.88959226023023,hot,1.5583672410933858
2350,hillside_incremental,-0.40428086639995764,LL,0.88959226023023,hot,1.585193221429898
2351,hillside_incremental,-0.6873031454362813,LL,1.3017865799568096,hot,0.9444987974225506
2352,hillside_incremental,-0.07306501420815846,ns,0.013995874523594102,ns,1.0364231298475852
2353,hillside_incremental,0.0376669349533976,ns,0.0788267941331262,ns,1.6862181845796789
2354,hillside_incremental,0.12814235712576755,ns,-0.17661514704484435,ns,1.7065847845901279
2355,hillside_incremental,-0.13594450620995388,ns,-0.2748676391559118,ns,1.8305993410937378
2356,hillside_incremental,0.10575519937176033,ns,-0.272336798557063,ns,2.6988170764684036
2357,hillside_incremental,0.0972593573943455,ns,-0.26302627018725294,ns,2.6147292417401093
2358,hillside_incremental,-0.2578973042246081,ns,-0.0015633386535337242,ns,0.8934682153858492
2359,hillside_incremental,0.07989347690113068,ns,0.06768486635711472,ns,1.8551649181754253
2360,hillside_incremental,0.13593095669687613,ns,-0.37083863975925035,ns,2.8716382579258775
2361,hillside_incremental,0.119538298111262,ns,-0.4208106760101979,ns,2.645032389046273
2362,hillside_incremental,0.13931801950035066,ns,-0.4208106760101979,ns,2.690881076953755
2363,hillside_incremental,0.16960610867683337,ns,-0.28626507919312166,ns,2.907939756076765
2364,hillside_incremental,-0.0029703192264586955,ns,-0.482627014523177,ns,2.2426197049503362
2365,hillside_incremental,0.3862530268090065,ns,-0.4100280305506938,ns,3.1865794463723147
2366,hillside_incremental,0.14883588420241986,ns,-0.42794566354142494,ns,2.636658956149026
2367,hillside_incremental,-0.21726032479575155,ns,0.44235240333838277,ns,1.4091502776081877
2368,hillside_incremental,-0.3763626414470408,ns,0.534810047356828,ns,0.7775928454543075
2369,hillside_incremental,-0.17618514542439803,ns,-0.07341594413029834,ns,0.780377052134273
2370,hillside_incremental,0.2927141907309825,ns,-0.4529341457055656,ns,2.965574756185109
2371,hillside_incremental,-0.08800208829045722,ns,0.30962020093213166,ns,1.4745121971671422
2372,hillside_incremental,0.13280254284376503,ns,-0.5753580070629343,ns,2.278412224210572
2373,hillside_incremental,-0.31426651880727274,ns,0.009426929941714457,ns,0.7212233838790002
2374,hillside_incremental,-0.12083718469127562,ns,0.39681321035832307,ns,2.03293333016977
2375,hillside_incremental,-0.04644088995516298,ns,-0.060147947217984256,ns,2.115613724213013
2376,hillside_incremental,-0.5331397835759029,LL,0.7672903039237973,hot,0.7320519144712211
2377,hillside_incremental,0.32687674246666715,ns,-0.42026138412759007,ns,2.6222842878412598
2378,hillside_incremental,-0.05378907950161791,ns,-0.1580645288286338,ns,1.8726502724161007
2379,hillside_incremental,-0.09827607308213268,ns,0.29030035326602366,ns,1.8409056360573028
2380,hillside_incremental,-0.47782873424547806,ns,0.4402679322743178,ns,1.3924335245333879
2381,hillside_incremental,-0.13109472490592497,ns,0.11418613987831557,ns,1.707074882657873
2382,hillside_incremental,-0.3210766113694091,LL,1.0927592722146247,hot,1.3808372708850256
2383,hillside_incremental,0.12597320475434004,ns,-0.4941204203983978,ns,1.9635087761587082
2384,hillside_incremental,-0.4482445644533869,LL,0.7954940495377533,hot,1.512676041662072
2385,hillside_incremental,-0.4179641109890168,LL,0.8125487001037448,hot,1.4849205007684785
2386,hillside_incremental,-0.5815212645607467,LL,0.784982892067819,hot,0.7389909127855062
2387,hillside_incremental,0.1203561763706924,HH,-0.6579364392026704,cold,0.9882192797065188
2388,hillside_incremental,-0.31187330161491755,ns,0.44383466652934994,ns,1.5695389222168028
2389,hillside_incremental,-0.22701113223784253,LL,0.5826915177622539,hot,1.8102657612308948
2390,hillside_incremental,-0.23052387725026197,ns,0.4382281502591267,ns,1.0880852142960415
2391,hillside_incremental,0.6174723378791914,HH,-1.2990967686637809,cold,2.4133919923808898
2392,hillside_incremental,0.20963538623583594,HH,-0.9281756967228638,cold,1.337036064318233
2393,hillside_incremental,0.0519727276918285,HH,-0.822815236706548,cold,1.5346482005170456
2394,hillside_incremental,-0.3076914577811312,ns,0.3823454591911877,ns,1.2967151972410658
2395,hillside_incremental,-0.2827880829135142,ns,0.45705668503835734,ns,0.6419381975141419
2396,hillside_incremental,-0.01287690392784988,ns,0.2042508156093279,ns,1.0688271006546008
2397,hillside_incremental,0.045995076347984165,ns,-0.06873500360626811,ns,1.8231045186048105
2398,hillside_incremental,0.10672646712700311,ns,0.3356539598785979,ns,0.9372297516308038
2399,hillside_incremental,-0.2946886395606241,ns,0.37374272912279094,ns,0.7703259805013418
2400,hillside_incremental,-0.48221794953878955,ns,0.4856132960545867,ns,0.9221582308057362
2401,hillside_incremental,-0.012366802849624946,ns,0.1474338606146163,ns,1.6768580216687803
2402,hillside_incremental,-0.19481243573398682,ns,0.5598635537305762,ns,1.6281118288005465
2403,hillside_incremental,0.030269707436427363,ns,0.0496739108454765,ns,1.6737411904848691
2404,hillside_incremental,-0.04987475829833531,ns,0.18666787322228387,ns,1.5912430000499627
2405,hillside_incremental,-0.033320329815918474,ns,0.33597405193368945,ns,1.8304494438514258
2406,hillside_incremental,0.115483318061172,HH,-0.5980069388473667,cold,1.6543419313838699
2407,hillside_incremental,0.38621922376151624,HL,0.6544752004347265,hot,1.1370973935271178
2408,hillside_incremental,0.24094982314429353,HL,0.5044952565767198,hot,0.7557537593914041
2409,hillside_incremental,0.3464418407803572,ns,0.23320908798926068,ns,1.1200847715183238
2410,hillside_incremental,0.18229843856006803,ns,0.10906652068592561,ns,1.7710742995180693
2411,hillside_incremental,-0.1504720870400543,ns,0.035144983685337694,ns,1.8859548005257156
2412,hillside_incremental,-0.08417099864712094,ns,0.15589973936012527,ns,1.8540435539607725
2413,hillside_incremental,-0.6365413700871836,ns,0.4339519827416905,ns,1.07899688770931
2414,hillside_incremental,-0.4442142724808025,ns,0.4339519827416905,ns,1.2981682129579932
2415,hillside_incremental,0.2482775450771825,ns,-0.34341842945711537,ns,2.3594990386982997
2416,hillside_incremental,0.029305956286331557,ns,0.008615729138536766,ns,1.7838388070599467
2417,hillside_incremental,-0.17104112223652573,ns,0.2407662251863702,ns,1.9657329243679909
2418,hillside_incremental,-0.10667811759493162,ns,0.07852668472327676,ns,1.6689582986223837
2419,hillside_incremental,-0.40222788691244704,ns,0.38294718430031904,ns,0.9036599279997861
2420,hillside_incremental,0.21298335572623425,ns,-0.29598802287619574,ns,2.23531485847637
2421,hillside_incremental,0.018126630337617335,ns,-0.19856967835009537,ns,2.1401070101039923
2422,hillside_incremental,-0.05441629266857558,ns,-0.028574798664209568,ns,2.0738754550293304
2423,hillside_incremental,-0.10242777482145934,ns,-0.05523742716237362,ns,1.7965308012877548
2424,hillside_incremental,0.11619891443001147,ns,-0.1782337483679042,ns,2.3470806245312903
2425,hillside_incremental,0.02507190895200524,ns,0.011894484072733578,ns,1.7703631168390248
2426,hillside_incremental,-0.37153792241205497,LL,0.8131834983956787,hot,1.704060701792463
2427,hillside_incremental,-0.46449544673112,LL,1.042423971326438,hot,1.4455795503780298
2428,hillside_incremental,-0.06012958388534727,ns,0.017305948252418126,ns,1.69867586898396
2429,hillside_incremental,-0.5999815035299263,LL,1.4495620855797755,hot,1.3466546689378969
2430,hillside_incremental,0.8502889636839679,HH,-1.910236967646969,cold,3.947308507052065
2431,hillside_incremental,-0.06827155560753914,LL,0.8029627303818655,hot,1.8888029050222614
2432,hillside_incremental,-0.25871270225933335,ns,0.4300106201850934,ns,1.3051700565763786
2433,hillside_incremental,-0.5064150506128322,ns,0.6490560600957764,ns,1.094555815873902
2434,hillside_incremental,-0.5042596489221495,LL,1.3131932047379202,hot,1.017968830061971
2435,hillside_incremental,0.8680386956961762,HH,-1.5352600900698166,cold,4.134638391331953
2436,hillside_incremental,-0.06117533411040575,ns,-0.007226999377446932,ns,1.5565045192142992
2437,hillside_incremental,0.2007635882399071,ns,-0.1506156610973926,ns,2.7261523721922543
2438,hillside_incremental,-0.29649770326970915,ns,0.30687411582055674,ns,1.4960814936961133
2439,hillside_incremental,-0.2066376529765513,ns,0.3912261941288854,ns,1.6238718044588851
2440,hillside_incremental,-0.3569382690621212,ns,0.129536970432873,ns,0.9381906653551543
2441,hillside_incremental,0.20785586541435466,HH,-1.075884677257683,cold,2.120309270235121
2442,hillside_incremental,0.15660088645352452,HH,-1.0872796507175415,cold,1.999837169607884
2443,hillside_incremental,0.6805100771691386,HH,-1.13440635195685,cold,3.6127908607247265
2444,hillside_incremental,0.39353655998485204,HH,-1.1288349091735512,cold,2.5445568136573735
2445,hillside_incremental,0.5957114144781468,HH,-0.8984941473748976,cold,1.5599811735301996
2446,hillside_incremental,-0.0020409029510126686,ns,0.09839320191489477,ns,2.1125165648439124
2447,hillside_incremental,0.0003276936472971226,ns,0.1363151721465185,ns,1.9465331191249284
2448,hillside_incremental,-0.3037136733151707,ns,0.2698457162842787,ns,1.4804973377765576
2449,hillside_incremental,-0.03312914849713279,LL,0.6548925464486507,hot,1.7828304706024714
2450,hillside_incremental,-0.10009016708713762,LL,0.8243945419963912,hot,2.013383255737384
2451,hillside_incremental,-0.4659152585441656,LL,0.8865355867582257,hot,1.1329665749640265
2452,hillside_incremental,-0.2785843862193308,LL,0.8495140385079197,hot,1.6924422066161378
2453,hillside_incremental,-0.35739167932008714,LL,1.0028152851014862,hot,1.2964666670110223
2454,hillside_incremental,-0.4892374626388432,LL,0.9204066251680578,hot,1.36610509709832
2455,hillside_incremental,-0.3075994052284498,LL,0.8150141464360794,hot,1.745374137048412
2456,hillside_incremental,0.5341296702463717,HH,-1.3346046266819034,cold,2.6671540831941445
2457,hillside_incremental,0.3201558172731311,ns,-0.5229729923129081,ns,2.003090385836554
2458,hillside_incremental,-0.3208421312938742,LL,0.8203687122127109,hot,1.5749287223772266
2459,hillside_incremental,0.010992312987576072,ns,0.44649398605651075,ns,2.143165804635483
2460,hillside_incremental,-0.23939416888735704,LL,0.6280357797365962,hot,1.4394593214518858
2461,hillside_incremental,0.1234015743384946,HL,0.5895944974587665,hot,1.1820725656537117
2462,hillside_incremental,-0.48989740517782093,LL,0.9110021398084459,hot,1.1153426657968204
2463,hillside_incremental,-0.7914544864816732,LL,0.9686237475275198,hot,0.7173464290104263
2464,hillside_incremental,-0.5002273778287429,LL,1.4577840777323237,hot,1.1083493782837361
2465,hillside_incremental,-0.4602707936539745,LL,1.4043916414403492,hot,1.373469532489955
2466,hillside_incremental,-0.6476845999438793,LL,1.3355562410647972,hot,1.1525361278070776
2467,hillside_incremental,-0.7162717844527478,LL,1.1111492446032223,hot,1.0752092132610815
2468,hillside_incremental,-0.48833750846835455,LL,1.0435326180944158,hot,1.5870385017811974
2469,hillside_incremental,-0.6751951815931194,LL,1.0267958864870623,hot,0.9536959607123392
2470,hillside_incremental,0.09485539433599942,ns,-0.4598335471896623,ns,1.8466678958848441
2471,hillside_incremental,0.11944845123715313,ns,-0.22998397978908036,ns,1.9746814182910666
2472,hillside_incremental,-0.17424577488130774,ns,0.34143287869647626,ns,1.1828778318741446
2473,hillside_incremental,-0.0672834903998522,ns,0.29252560096926083,ns,0.8214429501352424
2474,hillside_incremental,-0.10120650953186258,LL,0.5493427871928617,hot,1.8880596769748363
2475,hillside_incremental,-0.06202929546697109,ns,0.31356541152880707,ns,2.013490225435613
2476,hillside_incremental,-0.09278018602997082,ns,0.359603846596098,ns,2.013383272071088
2477,hillside_incremental,0.0887718230204912,HL,0.9770738122177105,hot,1.0962769674403485
2478,hillside_incremental,-0.5685887050770633,LL,1.1241935020459533,hot,1.1105762523053926
2479,hillside_incremental,-0.659363641512271,LL,1.275240482048349,hot,0.934218597996478
2480,hillside_incremental,-0.49932577581200077,LL,1.5043466007141357,hot,1.2297367671541313
2481,hillside_incremental,-0.6685991760595509,LL,1.4031664652968752,hot,0.7548559307911323
2482,hillside_incremental,-0.4550376889503158,LL,1.181472995396609,hot,1.590720719477015
2483,hillside_incremental,-0.9004619008581294,LL,1.0155903280704226,hot,0.4750068372148779
2484,hillside_incremental,0.12379047206732921,ns,-0.04418093108312829,ns,2.032472264827942
2485,hillside_incremental,0.20936731762844518,ns,-0.14986009877865292,ns,2.0623371849227214
2486,hillside_incremental,0.2607993200484539,ns,-0.5277327382294813,ns,2.0828920335243004
2487,hillside_incremental,0.2271162615679508,HH,-0.6957828658817024,cold,2.0006726112008173
2488,hillside_incremental,0.22161565484746962,HH,-0.6365954444694006,cold,2.100021078678478
2489,hillside_incremental,0.24677222476157007,HH,-0.6668766295341619,cold,2.068887633744412
2490,hillside_incremental,0.21192688166974913,ns,-0.30301375001006975,ns,2.065561447679323
2491,hillside_incremental,-0.326495878211689,ns,-0.21441937322814514,ns,0.4357302951467423
2492,hillside_incremental,0.06995889443677172,ns,-0.07939037249336141,ns,2.0265613924006907
2493,hillside_incremental,-0.048159065235468396,ns,0.05583412274273427,ns,1.7269230205712576
2494,hillside_incremental,-0.19862453335085464,ns,0.17767312986849157,ns,0.8068394092931858
2495,hillside_incremental,0.03355040597713134,ns,0.3639610096430958,ns,1.5917738473358791
2496,hillside_incremental,0.053917523088844774,HL,0.6151174314259298,hot,1.7049504388303367
2497,hillside_incremental,-0.08808681076429667,LL,0.5773542831750051,hot,1.9342709417831256
2498,hillside_incremental,-0.7196385433601691,LL,1.4381113234699001,hot,0.6672990429596731
2499,hillside_incremental,-0.7455027258145217,LL,1.6184667993801405,hot,0.8198245410299275
2500,hillside_incremental,-0.29443775740882333,LL,1.4853038231832831,hot,1.9000275546198093
2501,hillside_incremental,0.045128639591457985,ns,-0.03239504844371713,ns,1.9170589349184113
2502,hillside_incremental,0.08860677442728844,ns,-0.042053127225921264,ns,2.0024074494059767
2503,hillside_incremental,0.2620592746507292,ns,-0.6146824503461255,ns,2.236343795788136
2504,hillside_incremental,0.29482856845317934,ns,-0.6115752278149259,ns,2.236343796834537
2505,hillside_incremental,0.1915757625579852,ns,-0.2740215861804211,ns,2.1608402235165234
2506,hillside_incremental,-0.16497086306081538,ns,-0.17738418702314643,ns,0.9060427584335944
2507,hillside_incremental,0.08814022520445289,ns,-0.008491322310971397,ns,1.9842058841735748
2508,hillside_incremental,-0.10118672498473065,ns,-0.22431720080297798,ns,1.515105835936489
2509,hillside_incremental,0.4795177271677232,ns,-0.19886909135561737,ns,1.4311361221185892
2510,hillside_incremental,-0.010624125771498866,ns,0.005561345436904001,ns,1.8582863936265983
2511,hillside_incremental,-0.03709960540410222,ns,0.058957419451574455,ns,2.0116224334260084
2512,hillside_incremental,-0.06958247850774986,ns,0.18810876097769966,ns,2.14305329796737
2513,hillside_incremental,-0.07896624761160378,ns,0.1862326567847429,ns,2.055432732940215
2514,hillside_incremental,-0.17277211735010237,LL,0.6547619338317069,hot,1.9144661227913244
2515,hillside_incremental,-0.6814274438090671,LL,1.8749527429500668,hot,0.648233300212441
2516,hillside_incremental,-0.9865666557021984,LL,1.7957182224486306,hot,0.5290727853637024
2517,hillside_incremental,-0.9644708108879014,LL,1.4853038231832831,hot,0.6959403104845212
2518,hillside_incremental,-0.4702602178469408,LL,1.5079663262071583,hot,1.528122950061352
2519,hillside_incremental,0.25124569598471364,ns,-0.35728554062236906,ns,2.0041842775280836
2520,hillside_incremental,0.25742055603306074,ns,-0.3745467251709868,ns,2.225557571177905
2521,hillside_incremental,0.06564575937698487,ns,-0.009790824813548303,ns,1.6215290139330372
2522,hillside_incremental,-0.10577942654203235,ns,-0.2938404212903237,ns,0.8291310909183144
2523,hillside_incremental,0.25972700218494854,ns,-0.24235159831422268,ns,1.766942426920894
2524,hillside_incremental,0.16205977732829369,ns,-0.24235159831422268,ns,1.9046262634972457
2525,hillside_incremental,0.08915572872063827,ns,-0.18117681391602486,ns,1.8357843604743145
2526,hillside_incremental,-0.09145577556603882,ns,0.05611823721003458,ns,1.3684924780313055
2527,hillside_incremental,-0.12444504465108,ns,0.08263343452369018,ns,1.3331765388870074
2528,hillside_incremental,0.03037676890176106,ns,-0.010788238317206983,ns,1.9779884854277423
2529,hillside_incremental,0.020197501237003406,ns,-0.13611684839399674,ns,1.7438869355700148
2530,hillside_incremental,0.14646830319127574,ns,-0.26781245347313004,ns,2.0809887254062587
2531,hillside_incremental,0.14447585740478383,ns,-0.13490252840020472,ns,2.208768738738365
2532,hillside_incremental,0.0030414749617336903,ns,-0.09116369243877825,ns,2.1467041576769397
2533,hillside_incremental,-0.12234182431601592,ns,0.11321702815469994,ns,2.1357515785482306
2534,hillside_incremental,-0.09353691607892023,ns,0.2442224332902117,ns,2.1357515785482306
2535,hillside_incremental,-0.07919886455246324,ns,0.27282817903105105,ns,2.201467019319226
2536,hillside_incremental,-0.19139859548199287,ns,0.31357788099150213,ns,1.9787646875395657
2537,hillside_incremental,-0.20271671215421966,ns,0.3978567473704023,ns,1.9219951273555618
2538,hillside_incremental,-0.1876382654008859,ns,0.4410641260972231,ns,1.9573765588167054
2539,hillside_incremental,-0.8906032655391181,LL,1.4117614700052978,hot,0.49332463978723284
2540,hillside_incremental,-0.7323844719136877,LL,1.6613683132777102,hot,0.3217334877512668
2541,hillside_incremental,-0.7381464572602372,LL,1.6203363250956742,hot,0.9246858154043824
2542,hillside_incremental,0.1634865094610147,ns,-0.27742793825425444,ns,2.209901502403421
2543,hillside_incremental,0.06194580791315006,ns,-0.26032685152590246,ns,1.9350048422983646
2544,hillside_incremental,0.28411486904889094,ns,-0.4177039731731727,ns,2.092527469744535
2545,hillside_incremental,0.15903033222129576,ns,-0.23382381085582443,ns,1.77972696651187
2546,hillside_incremental,-0.06385507992331611,ns,-0.13969139246140724,ns,0.9801776988225814
2547,hillside_incremental,-0.2172145891186581,ns,-0.0006691375113181293,ns,1.0881722456020697
2548,hillside_incremental,0.0896691347096407,ns,0.008202288293048499,ns,1.7778147023721487
2549,hillside_incremental,0.22673474898567952,ns,-0.12550151230792858,ns,1.131765778939539
2550,hillside_incremental,-0.16431714755679624,ns,0.27771764795411363,ns,2.0262258722642867
2551,hillside_incremental,-0.0821319033437265,ns,0.3278712530315645,ns,2.2124195899476202
2552,hillside_incremental,-0.152764335483755,ns,0.41846865177366754,ns,2.073917542065496
2553,hillside_incremental,-0.238378801634956,ns,0.45320420165584707,ns,1.833668130580822
2554,hillside_incremental,-0.13797352885041253,ns,0.4139964140321151,ns,2.1657776039042607
2555,hillside_incremental,-0.1510460969310739,ns,0.41940154850020295,ns,1.9926567247753537
2556,hillside_incremental,-0.5519360750255162,LL,1.4223408060074558,hot,0.6196348192638735
2557,hillside_incremental,0.15901815626010427,ns,-0.3098051188086388,ns,1.9869557013651806
2558,hillside_incremental,0.15678090726332988,ns,-0.11276730295954285,ns,1.9307341152407003
2559,hillside_incremental,0.12026157807178081,ns,-0.1405330515406951,ns,1.017500552957103
2560,hillside_incremental,0.12908900028370343,ns,-0.18117681391602486,ns,1.2948836022741022
2561,hillside_incremental,-0.18350730737869714,ns,0.3531846385054332,ns,1.9007966547104973
2562,hillside_incremental,-0.2170745329293451,ns,0.4308815532435066,ns,1.9891236350330546
2563,hillside_incremental,-0.23916183231255625,ns,0.4457936612108588,ns,2.020921360452834
2564,hillside_incremental,0.5956094147148425,HH,-1.0327656902935722,cold,1.9466851276623476
2565,hillside_incremental,0.13993060019525888,ns,-0.24833900208576762,ns,2.1238522407497706
2566,hillside_incremental,0.14002139015341405,ns,-0.1256517213592675,ns,2.2607487983479104
2567,hillside_incremental,0.13340955568448973,ns,-0.16614018387655158,ns,1.9584059992800578
2568,hillside_incremental,0.06369332999286087,ns,-0.14454443404832434,ns,1.8389526577289736
2569,hillside_incremental,-0.01440707323264464,ns,-0.2028811977215401,ns,1.8075175643079622
2570,hillside_incremental,0.450581405865385,ns,-0.26319526433666335,ns,0.8125621744441726
2571,hillside_incremental,-0.17147617838086138,ns,0.21190239043287076,ns,1.9276527026074786
2572,hillside_incremental,-0.15659907325980144,ns,0.4209818431579008,ns,1.9897173091698492
2573,hillside_incremental,-0.10539255694359424,ns,0.43511045955732297,ns,2.0262258722642867
2574,hillside_incremental,-1.0100540751385638,LL,1.7373191496501554,hot,0.3122005719868905
2575,hillside_incremental,0.25717150593431215,ns,-0.4970367129680172,ns,2.213812825855478
2576,hillside_incremental,0.10797164487343411,ns,-0.11977392267779152,ns,1.685783249150303
2577,hillside_incremental,-0.007591603615216003,ns,-0.012066252074442544,ns,1.6989259002755805
2578,hillside_incremental,-0.032991783250418724,ns,0.03959626443074933,ns,1.349755979162318
2579,hillside_incremental,-0.12077882959733244,ns,0.022071407332851078,ns,1.3725053713218798
2580,hillside_incremental,0.044904389145262305,ns,-0.15981563985383693,ns,1.7257863419066786
2581,hillside_incremental,-0.018834567141157065,ns,-0.05716732678310714,ns,1.590615457762055
2582,hillside_incremental,-0.27150969072277636,ns,0.39020974483771076,ns,1.5954246985451341
2583,hillside_incremental,-0.1696528364194764,ns,0.48627018329573457,ns,2.0809887254062587
2584,hillside_incremental,-0.21787597143236473,ns,0.512451457806355,ns,1.911395907485212
2585,hillside_incremental,-0.22385300263456095,ns,0.49383350351469624,ns,1.9078628341950956
2586,hillside_incremental,-0.10225398963807675,ns,0.4613432593515824,ns,2.148112204549313
2587,hillside_incremental,-0.27775079301910294,ns,0.4309921743254678,ns,1.8301350572907054
2588,hillside_incremental,-1.0527070918621813,LL,1.7105353820299598,hot,0.5576713550937903
2589,hillside_incremental,0.7652263746792399,HH,-1.0645001375432597,cold,3.408658790604275
2590,hillside_incremental,0.8150891792927476,HH,-1.0103727124282054,cold,2.672013416157026
2591,hillside_incremental,-0.23788828939733236,LH,-0.575384067006238,cold,0.9768124307231049
2592,hillside_incremental,-0.10761170773096577,ns,-0.17323571163796275,ns,1.3154780275707254
2593,hillside_incremental,-0.1670481891250596,ns,0.1096346361150585,ns,1.066376845587454
2594,hillside_incremental,-0.13275622194080985,ns,0.034544121385094995,ns,1.0439857679380562
2595,hillside_incremental,0.04252029359394518,ns,-0.012066252074442544,ns,1.7409092449953496
2596,hillside_incremental,-0.14570879531652,ns,0.13893127830462101,ns,0.9430347209416807
2597,hillside_incremental,0.11749331395573784,ns,-0.1583906834615655,ns,1.427485202906816
2598,hillside_incremental,0.05583778600365361,ns,-0.07875417026769825,ns,1.3289120842518964
2599,hillside_incremental,0.29730251474197933,ns,-0.00953566322454582,ns,1.8181269963235351
2600,hillside_incremental,-0.23334021525498394,ns,0.531877799162458,ns,1.8937305081302642
2601,hillside_incremental,-0.3250669986170881,ns,0.527516145564075,ns,1.7983373647752912
2602,hillside_incremental,-0.3129544562822142,ns,0.5569625078148546,ns,1.7948042914851745
2603,hillside_incremental,-0.21204161484041104,ns,0.5441583939943772,ns,1.9255282335500437
2604,hillside_incremental,-0.3687281886559658,LL,1.8004229402641825,hot,0.47902539931294913
2605,hillside_incremental,-0.14638622025505882,ns,0.05254077898031474,ns,0.9544213009403282
2606,hillside_incremental,0.058972536698496315,ns,0.19482549529507875,ns,1.5247998747651743
2607,hillside_incremental,-0.18451424024796315,ns,0.14701975320533486,ns,1.3756480443529315
2608,hillside_incremental,-0.26954737827988956,ns,0.5817649645097377,ns,1.4251936724943273
2609,hillside_incremental,0.24168883177452044,HH,-0.8767715619729703,cold,2.255134505034566
2610,hillside_incremental,0.5445886796426445,HH,-0.7199820484066112,cold,3.1742716061628737
2611,hillside_incremental,0.4468854290462508,HH,-0.7818577990286778,cold,2.879613481331407
2612,hillside_incremental,0.542648654955593,HH,-0.9480646387025802,cold,2.9934587226240947
2613,hillside_incremental,0.4876438360894773,ns,-0.3197749747133416,ns,3.1073038391796164
2614,hillside_incremental,0.028479619038240117,ns,-0.26496113449292963,ns,1.7273672256562813
2615,hillside_incremental,-0.03157629759194654,ns,-0.07325416015197295,ns,1.3683876265676698
2616,hillside_incremental,-0.2775296235107836,ns,0.2110693358477232,ns,1.2782964508036634
2617,hillside_incremental,-0.11892060917849356,ns,0.20635637438647308,ns,1.4226769939620496
2618,hillside_incremental,-0.12783087868458148,ns,0.13022630885154904,ns,1.6215218101662296
2619,hillside_incremental,-0.31778525501953964,ns,0.6217853591284598,ns,1.3742939060011343
2620,hillside_incremental,0.20512145662372178,HH,-0.6265199792094824,cold,2.057810233031197
2621,hillside_incremental,-0.028177683913361264,LH,-0.6526377429499747,cold,1.0832700052355078
2622,hillside_incremental,-0.1072793750430594,ns,-0.5191176850975238,ns,1.3087833732288412
2623,hillside_incremental,0.07064538485249247,ns,-0.3849786267435961,ns,1.9592499854566134
2624,hillside_incremental,-0.0074920846988719815,ns,0.016693904451224047,ns,1.7380299683273828
2625,hillside_incremental,0.05361855096101229,ns,0.07825092015060298,ns,1.1586866234838777
2626,hillside_incremental,-0.23733126265211277,ns,0.2686513232441845,ns,1.1726520981376003
2627,hillside_incremental,-0.09039869768529829,ns,0.22661923052475846,ns,1.457891843776707
2628,hillside_incremental,-0.02225933397326078,ns,0.08874024955651168,ns,1.7924321954969522
2629,hillside_incremental,-0.06405777334820376,ns,0.17740324638257698,ns,1.4005466674917488
2630,hillside_incremental,-0.31581330409264485,ns,0.6217853591284598,ns,1.416710391246603
2631,hillside_incremental,0.05175232468138189,ns,-0.4106187372613293,ns,2.138894690154757
2632,hillside_incremental,0.1680646997413011,ns,-0.2854638654836558,ns,2.4252034611414492
2633,hillside_incremental,-0.02169446500611017,ns,0.28129241105957664,ns,1.711438211464095
2634,hillside_incremental,0.005275301945878224,ns,0.1101126594152052,ns,2.1304941010709313
2635,hillside_incremental,0.02105638835355325,ns,0.3293370504016209,ns,1.6727019881754537
2636,hillside_incremental,-0.3238161833955371,ns,0.5384804858737882,ns,0.7899159781962748
2637,hillside_incremental,-0.46555450933825593,LL,0.7586562980554935,hot,0.8438613665050719
2638,hillside_incremental,-0.0797038836647405,LL,0.9548504968285353,hot,2.227177674740241
2639,hillside_incremental,0.06562035100738488,ns,-0.23176917807475597,ns,1.6336884966180374
2640,hillside_incremental,0.24899989799647687,ns,-0.36784095596925503,ns,2.3859061460438324
2641,hillside_incremental,-0.32452226083794955,ns,0.23808003055868887,ns,0.8803694087726167
2642,hillside_incremental,-0.0032478563839813237,ns,0.3247486302975182,ns,1.6269227555682988
2643,hillside_incremental,-0.24891314420688224,ns,0.2567659672388061,ns,1.6222176904075234
2644,hillside_incremental,0.22502503222847658,ns,0.2567659672388061,ns,2.14625944873235
2645,hillside_incremental,0.021475032658254928,ns,0.3264798356990743,ns,1.2330395284562976
2646,hillside_incremental,-0.3039555318726211,LL,1.0136131906998354,hot,1.5875384404366635
2647,hillside_incremental,-0.6096184468585865,LL,0.998289013608357,hot,0.5240417762679136
2648,hillside_incremental,0.0313163175688224,ns,-0.2458649630064192,ns,1.6145407867859858
2649,hillside_incremental,-0.23354136638793052,ns,-0.2506798612597293,ns,1.1662250447776252
2650,hillside_incremental,-0.10213630711353419,ns,0.2567659672388061,ns,0.7745030101080471
2651,hillside_incremental,0.06331986946023667,ns,0.35238110288694957,ns,1.9304775186923373
2652,hillside_incremental,-0.491789644387101,ns,0.6109916558759191,ns,0.7706496963136427
2653,hillside_incremental,-0.45977901290517115,LL,1.0857074709126862,hot,1.1908715652423632
2654,hillside_incremental,-0.13368259056803847,ns,-0.11251090168270152,ns,1.2398169911160395
2655,hillside_incremental,-0.11321373022441619,ns,0.33655966315616365,ns,0.7905307194344621
2656,hillside_incremental,0.08476859488551355,ns,0.4662094064045773,ns,1.653043626583979
2657,hillside_incremental,0.09998577765150969,ns,-0.0017247451265290524,ns,1.6278182625682207
2658,hillside_incremental,0.03556597700477075,ns,-0.019850074681005313,ns,1.6982911928898345
2659,hillside_incremental,-0.1431918960667372,LL,0.6491910074443873,hot,1.3601967305012193
2660,hillside_incremental,-0.5527154518673425,LL,0.7085380369725285,hot,0.4962766934303026
2661,hillside_incremental,-0.3525799573257772,ns,0.4417714702027955,ns,0.6005190619049139
2662,hillside_incremental,-0.7847832096378143,LL,1.2284405877700277,hot,0.9888261508575205
2663,hillside_incremental,-0.3339138764577368,ns,0.6205866959407258,ns,1.0943381840226056
2664,hillside_incremental,0.04282302052656726,ns,0.2485649549304901,ns,0.9144470024654011
2665,hillside_incremental,-0.13804124856385985,ns,0.3156023579926565,ns,0.6333895824231219
2666,hillside_incremental,-0.17438902690825145,LL,0.628619747841073,hot,1.4182274395470635
2667,hillside_incremental,-0.2481092977376167,ns,0.3543600138989503,ns,1.0049099191189037
2668,hillside_incremental,-0.5151671599265989,LL,0.7686732190106087,hot,0.43869499168639514
2669,hillside_incremental,-0.16837453493128937,LL,0.6678203163620741,hot,1.4722280712313802
2670,hillside_incremental,-0.11714047534398311,LL,0.5981010903591231,hot,1.531912998045798
2671,hillside_incremental,-0.2272855207774191,LL,1.0205885634928993,hot,1.9044854098101076
2672,hillside_incremental,-0.5124012595737193,LL,0.7318099327925905,hot,0.5082287782974589
2673,hillside_incremental,-0.13658832196482248,LL,0.7115798455235256,hot,1.206255551456425
2674,hillside_incremental,-0.1960810166121762,ns,0.588688986947633,ns,1.3282066253074511
2675,hillside_incremental,-0.41636509234418506,ns,0.6393186186541974,ns,0.665428878270861
2676,hillside_incremental,-0.24318303084373386,ns,0.6019879455737842,ns,1.2672310513463445
2677,hillside_incremental,-0.25158166725478137,ns,0.5616399086797549,ns,1.3877845878637065
2678,hillside_incremental,-0.30649980855070663,LL,0.8848717695622728,hot,0.8266669961414075
2679,hillside_incremental,-0.3472490899446498,ns,0.471794105363102,ns,0.9605963211005158
2680,hillside_incremental,-0.28470937770899835,LL,0.6665484831218222,hot,0.6211547650167383
2681,hillside_incremental,0.04660804615075311,ns,0.3008900795514366,ns,1.9510706810396643
2682,hillside_incremental,0.0012297878094329473,ns,0.23045737029752214,ns,1.7576311965461744
2683,hillside_incremental,-0.1227531863694737,ns,0.5196318073686806,ns,0.7904337274870289
2684,hillside_incremental,-0.3322697186315263,ns,0.5383235650250293,ns,0.7711117717345584
2685,hillside_incremental,-0.14917630747278585,LL,0.6706364960505484,hot,1.3162080549090323
2686,hillside_incremental,-0.2676160601844256,ns,0.5681893706184102,ns,0.8375869620431476
2687,hillside_incremental,-0.2920509498501684,LL,0.828107668137207,hot,1.2817778058149591
2688,industrial_logistics,0.29017649693939973,HH,-0.827245053159591,cold,0.8368069875886465
2689,industrial_logistics,0.39738239858633423,HH,-0.873746231110706,cold,1.1919225359382746
2690,industrial_logistics,0.6024479075663536,HH,-1.036152164952272,cold,0.7383591452197014
2691,industrial_logistics,0.08936779146175869,HH,-0.644801333453602,cold,2.109597392874795
2692,industrial_logistics,0.7985383416100882,HH,-1.0336133599575006,cold,1.8916056635602556
2693,industrial_logistics,0.8022286045366066,HH,-1.245865653587785,cold,1.3747543273969873
2694,industrial_logistics,0.5688369187685238,HH,-1.0610915462453256,cold,1.8248017611683969
2695,industrial_logistics,0.15638091545883706,HH,-1.1440411739763199,cold,2.190465299572733
2696,industrial_logistics,0.8812938294080892,HH,-1.6377133815101208,cold,2.011149525946904
2697,industrial_logistics,0.8962015425162969,HH,-1.4174191109202945,cold,1.7052578824091178
2698,industrial_logistics,-0.034803676395410606,LH,-1.0392056295820007,cold,1.0864427141844795
2699,industrial_logistics,0.6630031686267566,HH,-1.2606735230058648,cold,2.158821338618214
2700,industrial_logistics,0.825274941511761,HH,-1.7360217002500518,cold,2.0849854322825587
2701,industrial_logistics,0.898238507661266,HH,-1.5139553515113373,cold,1.9267656259750283
2702,industrial_logistics,0.8607269270517595,ns,-0.7720634846025347,ns,1.902153665382792
2703,industrial_logistics,-0.3317131145026969,LH,-0.7819766148203048,cold,1.0266706929416867
2704,industrial_logistics,0.38808952582076567,HH,-0.9865331003632356,cold,1.139182625061377
2705,industrial_logistics,0.9942414940366057,HH,-1.2349725907731057,cold,2.197497290725411
2706,industrial_logistics,0.8289993864870269,HH,-1.3544146940309554,cold,1.9302816156674534
2707,industrial_logistics,0.7646498650210484,ns,-0.7176110812516112,ns,1.3642062928291896
2708,industrial_logistics,-0.372657021878201,ns,-0.2555532524430104,ns,0.9528348439102391
2709,industrial_logistics,-0.6351950588658299,LL,0.7636311139397073,hot,0.7524229730083559
2710,industrial_logistics,-0.31094335924606653,ns,-0.309689016685646,ns,1.6279059781947227
2711,industrial_logistics,-0.04061217729721087,ns,-0.26604242440696657,ns,1.499893558347662
2712,industrial_logistics,-0.1875632750532344,ns,-0.17522774772394634,ns,1.0479388530614893
2713,industrial_logistics,-0.856733773963434,ns,0.47308787756824083,ns,0.24584347895319442
2714,industrial_logistics,-1.1897599912805314,LL,1.9002086241675507,hot,0.24336026194843297
2715,industrial_logistics,-0.17713569518019548,ns,0.19667885524545495,ns,1.499893558347662
2716,industrial_logistics,-0.1243993151837284,ns,-0.01138369146373054,ns,1.5520421735184526
2717,industrial_logistics,-0.1433586646349882,ns,0.3968066780685481,ns,1.1770687738133738
2718,industrial_logistics,-0.22670869624423434,ns,0.3883433758695873,ns,1.2242508682475268
2719,industrial_logistics,-1.099290485802762,LL,1.9229508698462836,hot,0.29054221761920235
2720,industrial_logistics,-1.217785629906759,LL,2.0333616161129657,hot,0.2681928945406596
2721,industrial_logistics,-0.18804558054556697,ns,0.5158946994661611,ns,1.4204289895073454
2722,industrial_logistics,0.1459605945708072,ns,0.26668458310510285,ns,1.5520421735184526
2723,industrial_logistics,-0.0807690182566306,ns,0.1715565927404188,ns,1.4229122643301835
2724,industrial_logistics,-0.2198305089742348,ns,0.4687886910648552,ns,0.9560579737068672
2725,industrial_logistics,-0.43757730481578233,ns,0.5595920323290212,ns,0.7648463789654938
2726,industrial_logistics,-0.04892292236518483,ns,0.4272241942541438,ns,1.4303620656714668
2727,industrial_logistics,0.13190164966175827,ns,0.06475754548466206,ns,1.5520421735184526
2728,industrial_logistics,-0.13930894544918887,ns,0.12201522561923954,ns,1.2763994892001251
2729,industrial_logistics,-0.04339761549512764,LL,0.5517383569367048,hot,1.3161317707293794
2730,industrial_logistics,-0.36173625205448917,LL,0.6666576564907074,hot,0.8393444155055573
2731,industrial_logistics,-1.0390149658714358,LL,1.3581482233205604,hot,0.2880590931233633
2732,industrial_logistics,-0.021868410168114538,LL,0.5988752079094362,hot,1.3608305787770794
2733,industrial_logistics,0.13145790857257705,ns,0.19832500406823633,ns,1.5520421735184526
2734,industrial_logistics,-0.1758884765813438,ns,0.2826271644690689,ns,1.0926376842364196
2735,industrial_logistics,-0.2126614651884295,LL,0.6197205319851906,hot,1.1522360949666859
2736,industrial_logistics,-0.4203627082916911,LL,0.8568212902842697,hot,0.7251140743090088
2737,industrial_logistics,-0.46558540664605214,LL,1.1240406317035665,hot,0.7896790578121816
2738,industrial_logistics,-0.37183137127082244,LL,0.8407581838246276,hot,0.8120285196541079
2739,industrial_logistics,0.012566056765941136,ns,0.4058603613297742,ns,1.542109103858865
2740,industrial_logistics,-0.26991682459451666,ns,0.48341199773064153,ns,0.9312252948601794
2741,industrial_logistics,-0.5061366395854177,LL,0.7226521320277679,hot,0.7524300164149192
2742,industrial_logistics,-0.5864014269853414,LL,1.1119408177716452,hot,0.6456495575049611
2743,industrial_logistics,-0.41391666443098973,LL,0.9264329474308602,hot,1.4831805576479218
2744,industrial_logistics,-0.2310135463311583,ns,-0.040365560839819854,ns,1.332612873381055
2745,industrial_logistics,-0.43936050605267063,LL,1.0215378062592941,hot,0.7077312777489113
2746,industrial_logistics,-0.17674377816203707,LL,0.7800801172632411,hot,1.0206229109555789
2747,industrial_logistics,-0.22695191851333513,LL,0.6769697547191186,hot,1.0802213679403063
2748,industrial_logistics,-0.408245281829013,LL,0.8035025555877134,hot,0.49168695790638883
2749,industrial_logistics,-0.4758720878748452,LL,1.0730256720806552,hot,0.5488021516318937
2750,industrial_logistics,-0.6469338680194637,LL,0.8058471312051927,hot,0.831894579473428
2751,industrial_logistics,-0.6699497561226652,LL,1.0590290146179044,hot,0.5810845277473271
2752,industrial_logistics,-0.4659127194157689,LL,1.0503592156679495,hot,0.3203414692387967
2753,industrial_logistics,-0.3490304705246847,LL,0.8132697978922103,hot,0.9212922418232887
2754,industrial_logistics,-0.2931283209743867,ns,0.5837100621113845,ns,1.5390306499125075
2755,industrial_logistics,-0.1536707558383555,ns,0.3423392017031311,ns,1.7929552427142674
2756,industrial_logistics,-0.763011264965207,LL,1.3245470489948015,hot,0.3203415617477191
2757,industrial_logistics,-0.4856562542469067,LL,1.0972972349302967,hot,0.5612184216735457
2758,industrial_logistics,-0.405089866285601,LL,0.9527013241206805,hot,0.8244447896957601
2759,industrial_logistics,-0.5268098855687435,ns,0.6280614405280495,ns,0.6953149151983368
2760,industrial_logistics,-0.1677587203840044,ns,0.5476669231542781,ns,1.7031526567132655
2761,industrial_logistics,-0.03428982955082609,ns,0.36686150890073127,ns,1.898241047990987
2762,industrial_logistics,-0.06860842679950285,ns,0.29744853959898854,ns,1.8889511221934998
2763,industrial_logistics,-0.0919868749066326,ns,0.4802553318068926,ns,1.8394048608868083
2764,industrial_logistics,-0.1301339497548179,ns,0.5415908015690692,ns,1.8579847124817823
2765,industrial_logistics,-0.2930759271686583,LL,1.0053024339961607,hot,0.9784073892943324
2766,industrial_logistics,-0.43251336641584637,LL,0.8343468182425263,hot,0.6555826105418517
2767,industrial_logistics,-0.2953997679366278,LL,0.903779974540766,hot,0.8741101473891357
2768,industrial_logistics,-0.7088951118481164,ns,0.632586458718614,ns,0.5289359530491899
2769,industrial_logistics,-0.2266251759410925,ns,0.3529779212376481,ns,1.480194480833153
2770,industrial_logistics,-0.18638751050093338,ns,0.39796672873984923,ns,1.8920477653276508
2771,industrial_logistics,-0.13134390285875472,ns,0.33164064292446505,ns,1.8208250237116934
2772,industrial_logistics,-0.20166903973648287,ns,0.18043283377521704,ns,1.6721862542114774
2773,industrial_logistics,-0.051747094667162076,LL,0.5664589160493099,hot,1.7991485289825686
2774,industrial_logistics,-0.7005278821824277,LL,0.7796269717671501,hot,1.114790778461548
2775,industrial_logistics,-0.12587721542040953,LL,0.6832725011750064,hot,1.2441169974485387
2776,industrial_logistics,-0.12016700879940641,LL,0.615308391693946,hot,1.082704631199529
2777,industrial_logistics,-0.24205507572494206,LL,0.6685815862649794,hot,1.0057233314002427
2778,industrial_logistics,-0.3872463526683364,ns,0.49948220010783284,ns,0.8939762997173782
2779,industrial_logistics,0.5155462806963511,ns,0.2478702995103373,ns,1.2076900869059262
2780,industrial_logistics,-0.20449936678712977,ns,-0.09627955777490126,ns,1.390391894832151
2781,industrial_logistics,-0.1561823215837876,ns,0.21355373676500466,ns,1.8920477653276508
2782,industrial_logistics,-0.1376103454048777,ns,0.33547695807803873,ns,1.7929552427142674
2783,industrial_logistics,-0.1733347740998455,ns,0.19952561115601702,ns,1.8920477653276508
2784,industrial_logistics,0.2066046738395356,HL,0.6460575921051115,hot,1.9075309701835093
2785,industrial_logistics,-0.2769505916693755,LL,0.5995689793223759,hot,1.7478746553647124
2786,industrial_logistics,-0.2554228777934754,ns,0.5255260129195848,ns,1.1795520601998273
2787,industrial_logistics,-0.28199383381510473,LL,0.6822841298849763,hot,1.0404890632838213
2788,industrial_logistics,-0.28600880147897423,LL,0.7424793723397856,hot,1.234183944411648
2789,industrial_logistics,0.219817173711933,HL,0.6366453288758183,hot,0.29799214616025393
2790,industrial_logistics,0.5005212647107748,ns,-0.39830057352749887,ns,0.8856393739925712
2791,industrial_logistics,-0.13655889045255684,ns,-0.16353057519417788,ns,1.7774720342534436
2792,industrial_logistics,-0.13085423639392896,ns,0.08449383429652724,ns,1.5638037949857126
2793,industrial_logistics,-0.01778657097480607,ns,0.13314496861082242,ns,1.935400740366041
2794,industrial_logistics,-0.1186213119898732,ns,0.45068960221909365,ns,1.885854482664314
2795,industrial_logistics,-0.4560643949242181,ns,0.5842946901787899,ns,1.393488530756372
2796,industrial_logistics,-0.5804932153014303,LL,0.8998428378941079,hot,0.7598798524470484
2797,industrial_logistics,-0.5486860316861927,LL,0.9209509586017811,hot,0.7847125312937362
2798,industrial_logistics,-0.5877610657426283,LL,0.8565123800331579,hot,0.2731594210591049
2799,industrial_logistics,0.3805994042799185,ns,-0.17792050710253227,ns,0.32779130527092587
2800,industrial_logistics,0.6172612730812297,ns,-0.46265201768557324,ns,1.0652446036740117
2801,industrial_logistics,-0.11276432664949813,ns,-0.07243735728609899,ns,1.935400740366041
2802,industrial_logistics,-0.07246942227007333,ns,0.09633141952203601,ns,1.935400740366041
2803,industrial_logistics,0.0521097560026438,ns,0.32788203691868967,ns,1.935400740366041
2804,industrial_logistics,-0.24676577829507124,LL,0.9677924496092172,hot,0.6804153356430008
2805,industrial_logistics,-0.7911445178245918,LL,1.0116318268335973,hot,0.44947143624514235
2806,industrial_logistics,-0.3881090491853353,ns,0.3883611931796673,ns,0.6977981322030983
2807,industrial_logistics,0.34851781865982867,HH,-0.7245373609403377,cold,0.19121159474137345
2808,industrial_logistics,0.35957050653862,ns,-0.1079340427156357,ns,0.7921623210714043
2809,industrial_logistics,-0.09419212109780568,ns,0.23060624636115382,ns,1.932304099259683
2810,industrial_logistics,-0.23016586030260794,ns,0.40411757348444205,ns,1.8115350870993119
2811,industrial_logistics,-0.28630950013018164,LL,1.0056367082338515,hot,0.9188089785640661
2812,industrial_logistics,-0.5633885444687948,LL,1.2323660501160159,hot,0.30295867267869925
2813,industrial_logistics,-0.2313111683625197,LL,0.8914495725083849,hot,0.5562518951551004
2814,industrial_logistics,0.10276079987015643,ns,0.3431219708044434,ns,0.809545210140424
2815,industrial_logistics,0.4883306643320946,ns,-0.5466483647422055,ns,0.3675236099274109
2816,industrial_logistics,-0.15773537313335964,ns,0.462757110886654,ns,0.9957902783633522
2817,industrial_logistics,-0.7525731425760244,LL,1.476615238428803,hot,0.5711514747104365
2818,industrial_logistics,-0.8542708336124104,LL,1.5080768305134946,hot,0.6381997214728319
2819,industrial_logistics,-0.6709838397704317,LL,0.8849158625846362,hot,0.6158503058853667
2820,industrial_logistics,0.26390180180048006,ns,-0.13314915202644725,ns,0.6530993010281679
2821,industrial_logistics,0.5136080335546864,ns,-0.5247594062635152,ns,0.37497335345061766
2822,industrial_logistics,0.4548741648583647,ns,-0.4223364327480574,ns,0.4147056581071027
2823,industrial_logistics,-0.014986494909709047,ns,0.18873130321694792,ns,1.4353286037535276
2824,industrial_logistics,-0.3481772543571804,ns,0.35597438850965385,ns,0.5612184216735457
2825,industrial_logistics,-1.06479749343671,LL,1.8253401242387457,hot,0.4519546532499038
2826,industrial_logistics,-0.9200233889607563,LL,1.8234539267538974,hot,0.5786013107425656
2827,industrial_logistics,-0.3731666575480598,LL,1.124414165394271,hot,0.8616937848385612
2828,industrial_logistics,-0.10806128123754684,ns,0.3888039472441684,ns,0.7946455843306269
2829,industrial_logistics,0.5196640638130035,ns,-0.4355372712343185,ns,0.3054418896834607
2830,industrial_logistics,-0.2308313869784738,ns,-0.13517630642812814,ns,0.4618877062867945
2831,industrial_logistics,-0.13000472183602044,ns,0.525376593959452,ns,1.1547193582259085
2832,industrial_logistics,-0.4527431354779525,LL,0.6869806871527774,hot,0.4941702674200727
2833,industrial_logistics,-0.9080231466672786,LL,1.8836899867765378,hot,0.2632263680222143
2834,industrial_logistics,-0.829261662474266,LL,1.7564663028434198,hot,0.6357165044680705
2835,industrial_logistics,-0.5392573473443312,LL,1.424883430345632,hot,0.514036373493854
2836,industrial_logistics,-0.15956117153291988,ns,0.23432451914840902,ns,0.566184948191991
2837,industrial_logistics,-0.09088820236781206,LL,0.6830742322764398,hot,0.9138424520456208
2838,industrial_logistics,-0.3494473219418408,LL,0.9395915959649548,hot,0.9635077634845352
2839,industrial_logistics,-0.8848256843147823,LL,1.9818023609011368,hot,0.404772605070212
2840,industrial_logistics,-0.49114558029037936,LL,1.8041133162217595,hot,0.6282667609448637
2841,industrial_logistics,-0.6479195592636071,LL,1.5673471933303997,hot,0.35014072085839104
2842,industrial_logistics,-0.44350384834203593,LL,1.279313441529854,hot,0.715181021272118
2843,industrial_logistics,-0.875432694746403,LL,1.0528105398806173,hot,0.2607431510174528
2844,industrial_logistics,-0.19210661879952803,ns,0.3827693970145076,ns,1.459784072819036
2845,industrial_logistics,-0.3395798686762668,LL,1.7078883246145047,hot,0.8070619468812014
2846,industrial_logistics,-0.16260685082758491,ns,0.4155197596047309,ns,1.0105690661152376
2847,industrial_logistics,0.325156002454113,ns,0.05842207997581974,ns,1.838136285022651
2848,industrial_logistics,0.2281610602147807,ns,-0.09042495055716834,ns,1.8619694939430445
2849,industrial_logistics,-0.003172461653952041,ns,0.11358234173378857,ns,1.7308868422797392
2850,industrial_logistics,-0.14788631117323753,ns,0.25315934485320635,ns,1.6623663564458044
2851,industrial_logistics,-0.05283153453677432,ns,0.40648650148938636,ns,1.2647062129765074
2852,industrial_logistics,0.20390291104778252,ns,-0.12315905646855566,ns,1.704214090091121
2853,industrial_logistics,0.18729064638589257,ns,-0.17012706698800742,ns,1.7904698619795814
2854,industrial_logistics,0.11330157016380807,ns,-0.035270741400388696,ns,1.671303808707143
2855,industrial_logistics,0.2045885613991528,ns,0.008426839821795405,ns,1.8619694939430445
2856,industrial_logistics,0.18429789506843156,ns,0.03637397762836903,ns,1.6742829687094252
2857,industrial_logistics,0.027892623425349615,ns,0.08540480429398373,ns,1.9140913764547893
2858,industrial_logistics,0.07769418273899704,ns,0.11029958185735089,ns,1.551731757422133
2859,industrial_logistics,-0.14355614131682753,ns,-0.04977491825220929,ns,1.360381450148665
2860,industrial_logistics,-0.19633835978855935,ns,-0.12067453162829844,ns,1.3197639550216382
2861,industrial_logistics,-0.06982676134708374,ns,-0.1428994847242201,ns,1.5283045447802173
2862,industrial_logistics,-0.032067966166805385,ns,-0.1754130694021697,ns,1.6266165612732038
2863,industrial_logistics,0.01705277151511255,ns,-0.16500356448814615,ns,1.7998892646117106
2864,industrial_logistics,0.017194271328415844,ns,-0.11508131995361706,ns,1.8297877588247968
2865,industrial_logistics,0.09956713981072962,ns,-0.3149245013601139,ns,1.6414272505033192
2866,industrial_logistics,0.08278490550670521,ns,-0.22580178948964288,ns,1.704214090091121
2867,industrial_logistics,0.18032765774477394,ns,-0.18238051904304192,ns,1.4538257805599795
2868,industrial_logistics,0.0716437684837408,ns,-0.17371380447035778,ns,1.6085389086092456
2869,industrial_logistics,-0.004360828494941527,ns,-0.07925188302040796,ns,1.6175084690554207
2870,industrial_logistics,0.1392551728160202,ns,-0.04003350144338878,ns,1.8357674576674141
2871,industrial_logistics,0.4046121058397783,ns,-0.4869171089301864,ns,1.686274997043912
2872,industrial_logistics,0.2618571817754054,ns,-0.5154174313638472,ns,1.7789603204028719
2873,industrial_logistics,0.23654273145565838,ns,-0.42501630936867874,ns,1.8656659503577189
2874,industrial_logistics,0.15644575077085995,ns,-0.29825924470658827,ns,1.7550415250324032
2875,industrial_logistics,0.10275796310434662,ns,-0.13341273285001382,ns,1.7371024319851944
2876,industrial_logistics,-0.16749250155862577,ns,0.11978173572488249,ns,1.6713257481970476
2877,industrial_logistics,0.40329331916145117,ns,-0.4796885806024758,ns,1.569670850469342
2878,industrial_logistics,0.23831277758822197,ns,-0.3896106939036403,ns,1.5337926922200655
2879,industrial_logistics,0.0465489449053609,ns,-0.30459618037745745,ns,1.6503968109494942
2880,industrial_logistics,0.3366900574958346,ns,-0.2891674212475189,ns,1.8686557995614872
2881,industrial_logistics,0.004046467919724161,ns,-0.17154947664057757,ns,1.3544017617479758
2882,industrial_logistics,-0.1332442506896891,ns,0.22059862755192186,ns,1.3783205153507327
2883,industrial_logistics,0.2623935909127545,ns,-0.32809033554831685,ns,1.811848665777588
2884,industrial_logistics,-0.18739538411438367,ns,-0.29543997457309423,ns,0.9746908800208197
2885,industrial_logistics,-0.18922726135992385,ns,-0.19044006887454065,ns,0.8730359544479727
2886,industrial_logistics,0.2548897996862525,ns,-0.17721914921835866,ns,1.6264780016564546
2887,industrial_logistics,0.14748273332110484,ns,-0.15029484047760214,ns,1.0314979755176499
2888,industrial_logistics,-0.2998018998560132,ns,0.5261060455530151,ns,0.9319074063744722
2889,industrial_logistics,0.09060652006292105,ns,0.36170393143758933,ns,1.9136113730030104
2890,industrial_logistics,-0.18434011846246393,ns,0.4282304680046876,ns,1.8958268777333587
2891,industrial_logistics,-0.14836598004351104,ns,-0.11673393812883066,ns,0.7295232100703012
2892,industrial_logistics,0.006659289177207739,ns,0.1723417430128839,ns,1.3052280396830218
2893,industrial_logistics,0.1770169348899946,ns,0.04963802816561788,ns,1.8026085845094364
2894,industrial_logistics,-0.22375459962352356,LL,0.7469218529364225,hot,1.1395750433672025
2895,industrial_logistics,-0.4061550614107571,LL,0.7469218529364225,hot,0.716465536317445
2896,industrial_logistics,0.09402563924121313,ns,0.1132322601191618,ns,1.7487521064890146
2897,industrial_logistics,0.24673892304833248,ns,0.07721670913933915,ns,1.9800182259841188
2898,industrial_logistics,-0.07406321400647711,ns,0.29112266371399603,ns,1.5317380569083259
2899,industrial_logistics,-0.3715601247979657,LL,0.6792470512359162,hot,0.7418520132188818
2900,industrial_logistics,0.03202047977997411,ns,0.3543150646576015,ns,2.067328991729849
2901,industrial_logistics,0.19336199245872845,ns,0.13279083807380843,ns,2.1533919301708564
2902,industrial_logistics,-0.43915357327023985,LL,1.0962031971485593,hot,0.6443057918431421
2903,industrial_logistics,-0.3494373052349656,ns,0.5821313680273944,ns,0.6993251493172764
2904,industrial_logistics,0.13236796347078086,ns,-0.2947817627758668,ns,2.0143484071442748
2905,industrial_logistics,0.12969165574166516,ns,-0.19669490187571698,ns,2.174783241724981
2906,industrial_logistics,-0.896948377331924,LL,1.9520713322029997,hot,0.24758714908685311
2907,industrial_logistics,-0.2523915093694657,LL,1.1931532479887281,hot,0.7572402716741237
2908,industrial_logistics,-0.16906978564524033,LL,0.8474206220924065,hot,0.8050202573947243
2909,industrial_logistics,-0.07217066027309453,LL,0.5750550437428681,hot,0.6370663863785679
2910,industrial_logistics,0.18445491782379994,ns,-0.3107928877692404,ns,2.3938399091781544
2911,industrial_logistics,0.2607421085254572,ns,-0.46394850279163596,ns,2.2282615143846027
2912,industrial_logistics,0.20867041218562332,ns,-0.2846882412227945,ns,2.2282615143846027
2913,industrial_logistics,-0.3786252454374113,LL,0.812062513299085,hot,0.32577259865385805
2914,industrial_logistics,0.323705418396643,ns,-0.45554001521083454,ns,2.4607729338667035
2915,industrial_logistics,0.2778181146878686,ns,-0.5663333016670161,ns,2.2246962960516523
2916,industrial_logistics,0.18347777792705056,ns,-0.3796109486468658,ns,2.171218021057397
2917,industrial_logistics,0.3385504169230935,ns,-0.5517142211055407,ns,2.437149512579531
2918,industrial_logistics,0.16298825648287482,ns,-0.5356773417322702,ns,2.1498267095032717
2919,industrial_logistics,0.20645145560653347,ns,-0.3571122159789603,ns,2.2282615143846027
2920,industrial_logistics,0.16352515135321155,ns,-0.10791707491906699,ns,2.2282615143846027
2921,industrial_logistics,-0.9245163725526595,LL,1.7209015602969924,hot,0.35473016657448975
2922,industrial_logistics,-0.725321664879216,LL,1.7209015602969924,hot,0.5024137036382803
2923,industrial_logistics,0.25384013719740356,ns,-0.5584092482392256,ns,2.421400565054749
2924,industrial_logistics,0.19523347232966345,HL,1.3206293657580588,hot,0.7123560575784439
2925,industrial_logistics,-0.35625536406248165,LL,1.4494503417124742,hot,1.0581794068800585
2926,industrial_logistics,0.2973234417735659,ns,-0.5802877299253559,ns,2.437149512579531
2927,industrial_logistics,0.24470108763309098,ns,-0.44134520105945263,ns,2.366279248718013
2928,industrial_logistics,-0.01706099262349877,ns,-0.2124178215876959,ns,1.9449949230560621
2929,industrial_logistics,0.3140394637604366,ns,-0.5792774391581421,ns,2.4607729338667035
2930,industrial_logistics,0.22059573566395718,ns,-0.39965504787989553,ns,2.3859654354157636
2931,industrial_logistics,0.07579799211442081,ns,-0.12840198264963795,ns,2.3544675403662003
2932,industrial_logistics,-0.6140920575683603,LL,1.4548660125883672,hot,0.8223947927533368
2933,industrial_logistics,-1.186914859451181,LL,1.5258598118164755,hot,0.19835932137814447
2934,industrial_logistics,0.2752256586094103,ns,-0.5519645084686439,ns,2.366279248718013
2935,industrial_logistics,0.17384348446375106,ns,-0.3674953147556439,ns,2.4568356972719796
2936,industrial_logistics,0.32988772674820976,ns,-0.39560056449896075,ns,2.5492102390315785
2937,industrial_logistics,0.11038343912980202,ns,-0.16360830891868752,ns,2.3780909662369196
2938,industrial_logistics,0.32470007163946285,ns,-0.12278965254271747,ns,2.5081601563081906
2939,industrial_logistics,-1.10130557099516,LL,1.153397230009346,hot,0.17664115892208684
2940,industrial_logistics,-0.07788166228754324,ns,-0.08843959733264949,ns,1.4263001747902178
2941,industrial_logistics,0.06628730472157901,ns,0.04329759518574996,ns,1.7593322525251665
2942,industrial_logistics,0.15236153540767045,ns,0.005630414945020465,ns,2.038038365748593
2943,industrial_logistics,0.0936739312029575,ns,0.04098489184262818,ns,1.770691551377552
2944,industrial_logistics,-0.0740948278300271,ns,0.08146803471351509,ns,1.5335163606365196
2945,industrial_logistics,0.12368652343821704,ns,-0.009566904193144892,ns,2.062425140516374
2946,industrial_logistics,-0.018899725582806982,ns,-0.04626103812091245,ns,1.5530102098578074
2947,industrial_logistics,-0.008925848534402491,ns,0.44235240333838277,ns,1.6166695971369658
2948,industrial_logistics,0.06972390548287649,ns,-0.02631042822081468,ns,1.8603632368193423
2949,industrial_logistics,-0.18990597279170723,ns,0.12649332002406302,ns,1.0165460632279861
2950,industrial_logistics,-0.041980153267999185,ns,-0.07708748638781658,ns,1.543335067501209
2951,industrial_logistics,-0.052319019468668314,ns,0.10314792456141898,ns,1.6114917877801107
2952,industrial_logistics,0.06627999468723392,ns,0.20128422421037237,ns,1.8179867976215092
2953,industrial_logistics,-0.1197582994933315,ns,-0.15169162033540384,ns,1.205403911301366
2954,industrial_logistics,0.08329760990869767,ns,-0.05580716888109117,ns,1.9883729080265176
2955,industrial_logistics,-0.09679069234313144,ns,-0.0482065604066128,ns,1.5959425997194887
2956,industrial_logistics,0.15408654216392645,ns,-0.4725883245444352,ns,2.2241888145202755
2957,industrial_logistics,0.08457356557141303,ns,-0.4834757747796085,ns,1.9803268886231231
2958,industrial_logistics,0.39813613568804407,ns,-0.19081597014828272,ns,2.1773914061374757
2959,industrial_logistics,0.3364776542069172,ns,-0.36818495882528207,ns,1.790686700402071
2960,industrial_logistics,0.34887510059397664,ns,-0.57076483029744,ns,2.4554371560691166
2961,industrial_logistics,0.3210799434247192,HH,-0.7409967390272506,cold,2.4133920119596914
2962,industrial_logistics,-0.026288064821660028,ns,-0.37547976152026585,ns,1.6583012682309906
2963,industrial_logistics,0.036399526754387256,ns,-0.2684660338665016,ns,1.424884916657055
2964,industrial_logistics,0.21041522526045645,ns,-0.31143055907603795,ns,1.491077632742595
2965,industrial_logistics,0.4415108997650485,ns,-0.08410246289034815,ns,2.1111987062747657
2966,industrial_logistics,0.4692540747161574,HH,-0.977221238604041,cold,2.207370741213464
2967,industrial_logistics,0.5592398209979843,HH,-1.0553730624574555,cold,2.6278222997805227
2968,industrial_logistics,0.47539121228354564,HH,-0.944693033338263,cold,2.5521410188468763
2969,industrial_logistics,-0.0058329495797661,ns,-0.11237097212383933,ns,1.582973668096122
2970,industrial_logistics,-0.05576382108003216,ns,-0.29896786009084236,ns,1.5548179993731825
2971,industrial_logistics,0.07296042226634009,ns,-0.16983817348528363,ns,1.7804384911174165
2972,industrial_logistics,0.02004798097539697,ns,-0.3678132264224466,ns,1.0081284422310839
2973,industrial_logistics,0.3358119326199547,HH,-0.8568971041979347,cold,2.1821436116744453
2974,industrial_logistics,0.10422016071384013,ns,-0.10006663728211415,ns,1.9270983894776341
2975,industrial_logistics,0.15061002470189533,ns,-0.18716354303159208,ns,1.8676586690801633
2976,industrial_logistics,0.17880924703327428,ns,-0.08341763436241371,ns,1.9427404216883026
2977,industrial_logistics,0.033822699574856674,ns,0.1266408302474568,ns,1.8520166341380366
2978,industrial_logistics,0.13828813794496977,ns,-0.19678934968312792,ns,1.9656300814134786
2979,industrial_logistics,0.7789933977540819,HH,-1.1048379920876532,cold,2.573163595796289
2980,industrial_logistics,-0.0013734905415373143,ns,-0.055012321725597176,ns,1.4296817781072795
2981,industrial_logistics,0.19540866289169498,ns,-0.2323110701169817,ns,1.8426314088024274
2982,industrial_logistics,0.0704621613115123,ns,-0.35830558019600695,ns,1.6424133775677594
2983,industrial_logistics,0.07820025577966648,ns,-0.26161017013634214,ns,1.7487792210013329
2984,industrial_logistics,0.08065361454980277,ns,-0.288768020269031,ns,1.658055441645442
2985,industrial_logistics,0.26824013127319224,ns,-0.27916472039356727,ns,2.0994792095691133
2986,industrial_logistics,0.13005589634449727,ns,-0.410310219508178,ns,1.7771895212902753
2987,industrial_logistics,0.28558004251004443,ns,-0.25037771859512775,ns,2.0143647139224603
2988,industrial_logistics,0.04847887495132232,ns,-0.2797370080625518,ns,1.6699733354439734
2989,industrial_logistics,-0.03525393088426061,ns,0.050506189991380346,ns,1.6369424395321548
2990,industrial_logistics,-0.2495194697054771,ns,0.534359303514203,ns,1.5920067513577276
2991,industrial_logistics,0.017524634341299205,HL,0.6541929969611899,hot,1.9258146373812919
2992,industrial_logistics,-0.25954565826897924,ns,0.039766803077207376,ns,1.0730434047352324
2993,industrial_logistics,0.14189420443950956,ns,-0.19100444567754218,ns,1.9270983894776341
2994,industrial_logistics,0.30016055826908206,ns,-0.349999926538032,ns,1.9396120141535855
2995,industrial_logistics,0.20889862347756627,ns,-0.3134978210672808,ns,1.8082189450407484
2996,industrial_logistics,0.2458538002915045,ns,-0.2688630464291971,ns,1.935838195998218
2997,industrial_logistics,0.04945166436496483,HH,-0.6240335708642587,cold,1.8070144221169664
2998,industrial_logistics,0.17256926993912933,HH,-0.6016449212956864,cold,1.9623811115863374
2999,industrial_logistics,0.12291532068285575,ns,-0.30198464478209375,ns,1.8648305062260424
3000,industrial_logistics,0.15555801986522483,ns,-0.42153010200206625,ns,1.9803793823764395
3001,industrial_logistics,0.17383784086170784,ns,-0.1775734784818009,ns,1.9803793823764395
3002,industrial_logistics,0.035715093034342324,ns,0.06396805185651411,ns,1.791007602750588
3003,industrial_logistics,0.12252613657367273,ns,0.10136962589078469,ns,1.999637530114101
3004,industrial_logistics,0.008766403715591809,ns,0.31000854594601523,ns,1.7139750435608043
3005,industrial_logistics,-0.7233555174897871,ns,0.3680321715652831,ns,0.49429242045581095
3006,industrial_logistics,-0.22061396992023688,ns,0.5006054033572098,ns,1.4925063181881533
3007,industrial_logistics,-0.12410875786555915,ns,0.44512857326534305,ns,1.6401521550316391
3008,industrial_logistics,0.028268160723735603,ns,-0.2899016176051133,ns,1.467222621178606
3009,industrial_logistics,0.25155831768521003,ns,-0.3616354260458013,ns,1.8395030003572241
3010,industrial_logistics,0.1501964804247658,HH,-0.8325069410634514,cold,1.9045026900053617
3011,industrial_logistics,-0.0030345127526677064,ns,0.2886960518517292,ns,1.7974269889106902
3012,industrial_logistics,0.03880614323534452,ns,0.15675115697499475,ns,1.807056075623988
3013,industrial_logistics,0.08088691335224725,ns,-0.028117850128978984,ns,1.948282473995361
3014,industrial_logistics,0.16117941279635234,ns,-0.014674416341229525,ns,1.8134754617840902
3015,industrial_logistics,0.1571231573342636,ns,0.12710128949408755,ns,1.8905080359201625
3016,industrial_logistics,-0.12114529851307596,ns,0.4762083333541957,ns,1.44115128869249
3017,industrial_logistics,-0.3508139553239944,ns,0.2584936532827037,ns,1.0848755884742896
3018,industrial_logistics,1.0511096601674326,HH,-2.6760822051981137,cold,1.1257736035570614
3019,industrial_logistics,0.1459220741259494,HH,-0.8475515649221873,cold,1.9149478586696471
3020,industrial_logistics,0.13943026851189272,HH,-0.6029960108618794,cold,1.880130618980003
3021,industrial_logistics,-0.32557028089969,ns,0.4839123548317352,ns,1.2902958260272521
3022,industrial_logistics,-0.21203065101070676,ns,0.24861715921462757,ns,1.4957160037950599
3023,industrial_logistics,0.196310104489502,ns,0.22731959702088603,ns,1.8712498923861447
3024,industrial_logistics,0.26422188503821603,ns,0.2539000600315977,ns,1.7749591597697654
3025,industrial_logistics,-0.20430232886463048,ns,0.46028052432849437,ns,1.2485698533523093
3026,industrial_logistics,1.67558037007133,HH,-2.7995817688611595,cold,3.071694204696152
3027,industrial_logistics,1.0186143883208323,HH,-2.649768794673094,cold,1.1312033800391497
3028,industrial_logistics,0.21734572011856984,HH,-0.7237789555476584,cold,1.5272498635908283
3029,industrial_logistics,0.18837100211674168,HH,-0.6899727276227208,cold,1.6269886356427963
3030,industrial_logistics,0.21997502569884117,ns,-0.48181325928713975,ns,1.6332223270384203
3031,industrial_logistics,0.3404290635722398,ns,-0.3495826270333572,ns,1.8139988259832858
3032,industrial_logistics,0.32858720982685724,ns,-0.25502692883400474,ns,1.9324386177949975
3033,industrial_logistics,0.10681755230977219,ns,-0.050147244825337806,ns,1.8451671958780007
3034,industrial_logistics,0.5417759755156977,HH,-2.55613278239718,cold,1.1312033800391497
3035,industrial_logistics,0.576136617737243,HH,-0.8523825356385968,cold,1.9480227991138799
3036,industrial_logistics,0.4162094211924674,HH,-0.690347498662476,cold,1.91685443284764
3037,industrial_logistics,-0.4228766197711288,ns,0.5598635537305762,ns,0.7831646033586593
3038,industrial_logistics,0.4146699242749213,HH,-0.7181141421619622,cold,1.9480227991138799
3039,industrial_logistics,0.04525492612359698,ns,-0.26065431953614565,ns,1.9059539446280174
3040,industrial_logistics,-0.07628114370452503,ns,-0.2589166671392125,ns,1.498452027824649
3041,industrial_logistics,-0.08261046602022845,ns,0.3893274773464729,ns,1.8712091139550433
3042,industrial_logistics,0.02785869575289357,ns,0.06730147535005557,ns,1.7262680427587362
3043,industrial_logistics,0.20675599886172238,ns,-0.08644616357508425,ns,2.0054229166814626
3044,industrial_logistics,0.23334295071986508,ns,-0.19747788054319107,ns,1.9797535039964038
3045,industrial_logistics,0.03847955500520428,ns,-0.3231001829778972,ns,1.6428424417268934
3046,industrial_logistics,0.8015075748120537,ns,-0.007414651441622944,ns,1.8738671727016831
3047,industrial_logistics,0.013740515840389201,ns,-0.15188609541117407,ns,1.5786689277573547
3048,industrial_logistics,0.11466925066747302,ns,-0.2385907635548363,ns,1.7583548146850707
3049,industrial_logistics,0.03382540997580989,ns,-0.4928201685860443,ns,1.716642029110714
3050,industrial_logistics,-0.0026285023017381557,ns,-0.10434886845958806,ns,1.9402039241440696
3051,industrial_logistics,0.5676154094205124,ns,-0.23636862684269466,ns,1.3785659823720895
3052,industrial_logistics,-0.061819813450245176,ns,-0.35909784803980815,ns,1.62109144734976
3053,industrial_logistics,0.14319312151434144,ns,-0.009232761005545887,ns,1.9753062975944824
3054,industrial_logistics,0.12507461678831727,ns,-0.3384432427736651,ns,1.9370128009735585
3055,industrial_logistics,0.21897321834113542,ns,0.02473159258129603,ns,1.828514568596684
3056,industrial_logistics,-0.1785168574282456,ns,-0.34030208427190045,ns,1.9884009164929601
3057,industrial_logistics,0.20688980418563735,ns,-0.49796328088921604,ns,2.227745495388382
3058,industrial_logistics,-0.09175320839957726,ns,0.12081160290340277,ns,1.7895608522783704
3059,industrial_logistics,0.2003728286274955,ns,-0.0715363897396832,ns,2.301389969331572
3060,industrial_logistics,0.13776723762352935,ns,-0.032119763591084705,ns,1.778514164897535
3061,industrial_logistics,-0.036682559737610684,ns,0.4884909169222598,ns,2.091503200589455
3062,industrial_logistics,0.04371391034058395,ns,0.40097097515820246,ns,2.301389969331572
3063,industrial_logistics,-0.16746857145198082,ns,0.2514333246649024,ns,1.8447942205957812
3064,industrial_logistics,-0.3565104389623525,LL,0.7706849992726722,hot,1.78587860028917
3065,industrial_logistics,-0.5742466289173265,ns,0.6143052881216579,ns,0.6112490977204219
3066,industrial_logistics,0.06187134371397338,HH,-1.2860819940727757,cold,2.126228858580422
3067,industrial_logistics,0.09912637967713334,HH,-1.3600979840746472,cold,1.9839052239938972
3068,industrial_logistics,0.26304478872072956,HH,-1.462571648893341,cold,1.7380735061322374
3069,industrial_logistics,0.179180871055376,HH,-1.2826201109642306,cold,1.3456052432424694
3070,industrial_logistics,0.3019265052928895,HH,-1.3179127651176774,cold,1.9752795637764455
3071,industrial_logistics,0.6839904566375342,HH,-1.2647856512288624,cold,2.596328133718506
3072,industrial_logistics,0.7295083592132036,HH,-1.2963388447399107,cold,2.4885071902098232
3073,industrial_logistics,0.8019711947619864,HH,-1.3600979840746472,cold,2.695523396926522
3074,industrial_logistics,0.7170436620016215,HH,-1.1370748285034562,cold,2.4626301693910397
3075,industrial_logistics,0.6964701543772882,HH,-1.2826201109642306,cold,2.436753148572256
3076,industrial_logistics,0.5842326188398012,HH,-1.4834877752309585,cold,2.229736941855557
3077,industrial_logistics,0.7554037462089763,HH,-1.8165248794003686,cold,2.691210559600391
3078,industrial_logistics,0.896136636497887,HH,-2.021557281094443,cold,2.691210559600391
3079,industrial_logistics,0.8648127733585564,HH,-1.9742242340429883,cold,2.5186970612205477
3080,industrial_logistics,1.0582195834337764,HH,-2.1482051791039636,cold,2.6135794842782305
3081,industrial_logistics,0.9664057783389239,HH,-2.0975997822658763,cold,1.9062742017039747
3082,industrial_logistics,0.8431573723870999,HH,-2.0968741723937536,cold,1.1687789677861378
3083,industrial_logistics,0.5986683562351894,HH,-1.0188273713788873,cold,2.3246193649132407
3084,industrial_logistics,0.3481933835758762,HH,-1.2950405965579974,cold,2.0399720957401906
3085,industrial_logistics,0.7524561938830516,HH,-1.5056856012975772,cold,2.423814638162864
3086,industrial_logistics,0.7714308472462447,HH,-1.910235862264903,cold,2.2642396630582216
3087,industrial_logistics,0.9109607946001403,HH,-2.043877889585006,cold,2.5402612519306054
3088,industrial_logistics,0.8748846816936215,HH,-2.2187853743261003,cold,1.7812018875523532
3089,industrial_logistics,0.8474620536601624,HH,-2.2844182141755365,cold,1.9494025027912332
3090,industrial_logistics,0.7935652880598563,HH,-2.132525505400767,cold,1.7078836150382992
3091,industrial_logistics,0.6625076886838592,HH,-1.8474792807518294,cold,1.7078836150382992
3092,industrial_logistics,0.20072246930154805,HH,-1.1462270459717778,cold,0.9876397818882228
3093,industrial_logistics,0.07876335569844842,HH,-1.2007352583236677,cold,1.155840397127103
3094,industrial_logistics,0.932695641765598,HH,-1.5428894097820187,cold,2.0658491165589745
3095,industrial_logistics,0.7881139445868302,HH,-1.968584966140425,cold,2.5273227415212136
3096,industrial_logistics,0.8499004480925881,HH,-2.064859394686167,cold,2.6523950255480138
3097,industrial_logistics,1.0362978098128675,HH,-2.161033050345025,cold,2.553199762339997
3098,industrial_logistics,1.0723069966612448,HH,-2.1689313372158723,cold,2.6178923244285635
3099,industrial_logistics,1.1458280832469614,HH,-1.8880369305385847,cold,2.6092666541695047
3100,industrial_logistics,0.6945346264165562,HH,-1.6506575985414162,cold,2.0526023372926825
3101,industrial_logistics,0.38679179417427123,HH,-0.9583940305839694,cold,2.0854731884162647
3102,industrial_logistics,0.3550227589816483,HH,-1.059850648997329,cold,2.0160791580393065
3103,industrial_logistics,0.2906770281467801,HH,-1.2642084526943789,cold,1.1385890766921996
3104,industrial_logistics,0.6706792536841959,HH,-1.3367641050505192,cold,2.1736700701092637
3105,industrial_logistics,0.6788970444924454,HH,-1.7051525436597945,cold,2.5057585508111555
3106,industrial_logistics,0.8275625891605587,HH,-1.9458243306445109,cold,2.673959208726866
3107,industrial_logistics,0.9505034185977156,HH,-2.040210382901588,cold,2.691210559600391
3108,industrial_logistics,0.817823934117496,HH,-2.160190945405712,cold,2.2534797912973255
3109,industrial_logistics,0.8319138658331227,HH,-2.1582760635951312,cold,2.260784424171701
3110,industrial_logistics,0.8019121520946362,HH,-1.7413115329708369,cold,2.2753936947037907
3111,industrial_logistics,0.3071483048176045,HH,-1.4207446572221556,cold,1.8480725572841736
3112,industrial_logistics,0.507679594881396,HH,-1.5626996352917366,cold,1.393046454771311
3113,industrial_logistics,0.943272244219593,HH,-1.689348658210058,cold,2.622205159558093
3114,industrial_logistics,0.7640248709286613,HH,-1.872140272436107,cold,2.695523396926522
3115,industrial_logistics,0.7798911419992403,HH,-1.8312530959080868,cold,2.691210559600391
3116,industrial_logistics,0.8046507013272801,HH,-1.8825437963094898,cold,2.2644367416718527
3117,industrial_logistics,0.8792948932394143,HH,-1.9418577504823578,cold,2.2826983291726126
3118,industrial_logistics,0.9461696801193167,HH,-1.7922950969423916,cold,2.2826983291726126
3119,industrial_logistics,0.6500553899220708,HH,-1.2866430546603205,cold,2.1402579572963294
3120,industrial_logistics,0.8230078565884575,HH,-1.7223629071919757,cold,2.3030551742031826
3121,industrial_logistics,0.9242139234114536,HH,-1.9080115425574613,cold,2.68689772227426
3122,industrial_logistics,0.8015388287041787,HH,-1.96305061500474,cold,2.691210559600391
3123,industrial_logistics,0.7068380383975705,HH,-1.8038019811430186,cold,2.695523396926522
3124,industrial_logistics,0.6280160049985156,HH,-1.7207309504231056,cold,2.227913568796262
3125,industrial_logistics,0.7417749391955135,HH,-1.666870203333916,cold,2.121996367669641
3126,industrial_logistics,0.7610558332433459,HH,-1.3690520778699338,cold,1.497450077269587
3127,industrial_logistics,0.3642397896047401,HH,-1.0020020130870837,cold,1.1577845986518114
3128,industrial_logistics,0.7996117066918977,HH,-1.7007665621169272,cold,2.3591220660326906
3129,industrial_logistics,0.8898555843080651,HH,-1.8268064733195633,cold,2.65239502052721
3130,industrial_logistics,0.7796943006342347,HH,-1.7722925180047062,cold,2.695523396926522
3131,industrial_logistics,0.852212346142854,HH,-1.5284617569037733,cold,2.695523396926522
3132,industrial_logistics,0.7209945936637755,HH,-1.35821008439478,cold,2.227913568796262
3133,industrial_logistics,0.40928212341071635,HH,-1.31636795532319,cold,1.2125693335170202
3134,industrial_logistics,0.5492844446306663,HH,-1.3876932595386793,cold,1.9494025027912332
3135,industrial_logistics,0.7151045157437608,HH,-1.3955358069270152,cold,2.669646373597337
3136,industrial_logistics,0.6427552005817121,HH,-1.3260366301919722,cold,2.691210559600391
3137,industrial_logistics,0.4062018714277477,HH,-1.0783766317278531,cold,2.389311937043414
3138,industrial_logistics,0.2558486568110515,HH,-0.9423872456044977,cold,1.7385030535389003
3139,industrial_logistics,0.4275404459732365,HH,-0.7638209590092545,cold,0.9057746550005429
3140,industrial_logistics,0.16628619460975103,HH,-0.8556961202790556,cold,1.1212614874281464
3141,industrial_logistics,0.34597443100475617,HH,-1.185896594768156,cold,1.4059850254303459
3142,industrial_logistics,0.27895029522019515,HH,-1.3285282341636018,cold,1.7208221053644768
3143,industrial_logistics,0.28897306144860185,HH,-1.1920595495252029,cold,1.751011996458415
3144,industrial_logistics,0.1729985666950886,HH,-0.8478962008588271,cold,1.4404876663001527
3145,industrial_logistics,-0.0317635137594246,LH,-0.6928184727662745,cold,1.10515376674915
3146,industrial_logistics,0.35909080438186064,ns,-0.514536901811282,ns,1.4842302750066991
3147,industrial_logistics,0.18201481965807348,HH,-0.6178091808642905,cold,1.6650206383335673
3148,industrial_logistics,0.15010336083429682,ns,0.46957055883736115,ns,1.9234231363242806
3149,industrial_logistics,-0.36867144398238977,ns,0.3668740036365053,ns,0.984319561224585
3150,industrial_logistics,0.8299798467449335,HH,-1.162884942511385,cold,1.324041012365983
3151,industrial_logistics,0.690562255054374,HH,-1.5279649490713458,cold,0.4442222241944782
3152,industrial_logistics,0.6128332101561987,HH,-1.5849905195585736,cold,0.40540667288308824
3153,industrial_logistics,0.6765331963328816,HH,-1.3937118606546488,cold,0.4355965639770265
3154,industrial_logistics,0.6670960813643776,HH,-1.2115302364002214,cold,2.3375578954058467
3155,industrial_logistics,0.7399258137152659,HH,-1.4634471875815191,cold,2.6825848840067286
3156,industrial_logistics,0.8081270822612125,HH,-1.3431359910481362,cold,2.695523396926522
3157,industrial_logistics,0.4658284029681564,HH,-1.0326470460409798,cold,1.6596842007359005
3158,industrial_logistics,0.20523948032217126,HH,-0.8166818527065699,cold,1.3728907881408072
3159,industrial_logistics,0.3653547307147023,ns,-0.5577689452717819,ns,1.6941803603374543
3160,industrial_logistics,-0.37935577043312124,ns,0.2438566826832638,ns,1.1733469125112546
3161,industrial_logistics,0.012080820640043722,HL,0.5325051525336616,hot,1.293875963380118
3162,industrial_logistics,-0.2305936745883305,ns,0.19022453691966187,ns,1.293875963380118
3163,industrial_logistics,-0.11183442825997873,ns,0.3049794368681232,ns,1.391264505314297
3164,industrial_logistics,0.5059890325479846,HH,-1.3689309584700513,cold,1.2162201793149794
3165,industrial_logistics,0.7522911586094464,HH,-1.6731084335972948,cold,0.6296743205339762
3166,industrial_logistics,0.7486938530594479,HH,-1.794990706403196,cold,0.2803343587314667
3167,industrial_logistics,0.9824105553290885,HH,-1.8336835560482851,cold,1.328353922807566
3168,industrial_logistics,0.6491360109711692,HH,-1.6605554478417133,cold,1.2119074295391108
3169,industrial_logistics,0.21409987839746397,HH,-1.2881734503928746,cold,1.3499180733511953
3170,industrial_logistics,0.7403109920319505,HH,-1.546696213065971,cold,2.6567078581671413
3171,industrial_logistics,0.865971976950896,HH,-1.8609907529109193,cold,2.553199762339997
3172,industrial_logistics,0.8123125796606118,HH,-1.7427427066421786,cold,2.6006409738688387
3173,industrial_logistics,0.6584782988755701,HH,-1.3178924895848316,cold,1.6596842007359005
3174,industrial_logistics,0.5343692019233235,HH,-1.0047006631904554,cold,1.6596842007359005
3175,industrial_logistics,0.3662853424333986,ns,-0.633855217112263,ns,1.6437512316520604
3176,industrial_logistics,0.11290498175602888,ns,-0.43003542458467375,ns,1.5136319918625403
3177,industrial_logistics,-0.35351021845180103,ns,0.33602617039958993,ns,1.107988005032514
3178,industrial_logistics,-0.019482678448995892,ns,0.2985735790020995,ns,1.637083442381542
3179,industrial_logistics,-0.11119136343488437,ns,0.2985735790020995,ns,1.204470118970291
3180,industrial_logistics,-0.45971544620604055,ns,0.4772775208802847,ns,1.6556047269875394
3181,industrial_logistics,-0.07459185006546865,ns,0.3041645122361171,ns,0.9530162285749927
3182,industrial_logistics,-0.06368343047655314,ns,0.18398363452101116,ns,1.7356024277829216
3183,industrial_logistics,0.19244467192245626,ns,0.2668646322980591,ns,2.173850736915126
3184,industrial_logistics,-0.10499281739378345,ns,0.24859561212684525,ns,1.8886415188324883
3185,industrial_logistics,-0.04781669411222491,ns,-0.004313962993546491,ns,1.328353922807566
3186,industrial_logistics,0.37771718293497647,HH,-1.4035260964883682,cold,1.0350809934170644
3187,industrial_logistics,0.5882255925731792,HH,-1.4419812894236168,cold,1.1213377562572961
3188,industrial_logistics,0.8665576502239919,HH,-1.803061840743113,cold,0.7461208138024314
3189,industrial_logistics,1.020592897713699,HH,-1.8003286828295164,cold,1.7078836150382992
3190,industrial_logistics,0.5702811043131083,HH,-1.8098449048824532,cold,0.991952692329806
3191,industrial_logistics,0.4264013550723439,HH,-1.5340689411316872,cold,0.9833268714466397
3192,industrial_logistics,0.6551719811101483,HH,-1.6544380113931678,cold,2.3289321950219666
3193,industrial_logistics,1.213763493046918,HH,-1.726605255641845,cold,2.6653335359574055
3194,industrial_logistics,0.551972285081272,HH,-1.505311082411555,cold,1.6543732114277125
3195,industrial_logistics,0.4900171162903767,HH,-1.1092433088867855,cold,1.6596842007359005
3196,industrial_logistics,0.4695284492369268,HH,-0.9306989837983076,cold,1.6517177169668313
3197,industrial_logistics,0.2535228612899635,HH,-0.6812705772235507,cold,1.5959523244005405
3198,industrial_logistics,0.07471898816558833,ns,-0.42883424672622455,ns,1.6596842007359005
3199,industrial_logistics,-0.10883109090324879,ns,0.3672831316607675,ns,1.160897571956052
3200,industrial_logistics,-0.26685490571514026,ns,0.3397339844522558,ns,0.9704069401421882
3201,industrial_logistics,-0.10499388923342612,ns,-0.07632246518267734,ns,1.9062741213711174
3202,industrial_logistics,0.174348852432299,ns,-0.17027232533524492,ns,1.181717377779458
3203,industrial_logistics,0.23004917651693044,ns,-0.17027232533524492,ns,0.8021876855487248
3204,industrial_logistics,0.3480080949596903,HH,-1.0370511005351493,cold,0.4442222241944782
3205,industrial_logistics,0.588224468462313,HH,-1.7428661495959128,cold,0.7331824038091111
3206,industrial_logistics,0.748339597681557,HH,-1.7167802913262609,cold,0.5736074487876829
3207,industrial_logistics,0.6504580938580107,HH,-1.7298695306774354,cold,0.8970701086064081
3208,industrial_logistics,0.5738166510356566,HH,-1.5491038163090376,cold,1.3456052432424694
3209,industrial_logistics,0.7652255982169176,HH,-1.615621953147507,cold,2.596328133718506
3210,industrial_logistics,0.8168892790551741,HH,-1.3521994982758598,cold,2.6308308348379557
3211,industrial_logistics,0.12360494039822481,HH,-1.0052111946523665,cold,0.7825711659210328
3212,industrial_logistics,0.17333018891147284,HH,-0.7011293099048904,cold,0.790156670316362
3213,industrial_logistics,0.3913115646725611,ns,-0.5258707547619257,ns,1.6437512316520604
3214,industrial_logistics,0.18866728601910096,ns,-0.20010545355171586,ns,1.6570287060818065
3215,industrial_logistics,-0.040355953918885884,ns,0.16322217431010963,ns,1.203443796772938
3216,industrial_logistics,0.0673452508230338,ns,0.052290568147081336,ns,1.8538599013406958
3217,industrial_logistics,-0.2177508618702979,ns,-0.05473974140253263,ns,1.3154153521485312
3218,industrial_logistics,0.24950220548032198,ns,-0.13171691079772843,ns,1.1687789677861378
3219,industrial_logistics,0.23052868754790995,ns,-0.18470361914448286,ns,0.6124228394333583
3220,industrial_logistics,0.3611623529476415,HH,-0.8864001137669925,cold,0.6512385514104627
3221,industrial_logistics,0.5397193255195178,HH,-1.642986404103107,cold,0.6253614100923931
3222,industrial_logistics,0.7636462183822388,HH,-1.7209677146670368,cold,0.5132276665998063
3223,industrial_logistics,0.7601592495886704,HH,-1.6767484346321235,cold,0.40540667288308824
3224,industrial_logistics,0.886084102389707,HH,-1.1997133262497826,cold,1.2420971599673345
3225,industrial_logistics,0.7274132075610209,HH,-1.2194396257436277,cold,2.661020698317474
3226,industrial_logistics,0.05974144572586857,HH,-0.6396082517198625,cold,0.790156670316362
3227,industrial_logistics,0.21214183238647974,ns,-0.23337644476534045,ns,0.790156670316362
3228,industrial_logistics,0.16909862816716875,ns,-0.03009184322703388,ns,0.7775141629908134
3229,industrial_logistics,0.07683919994914445,ns,0.06875678973206213,ns,0.6839596176124424
3230,industrial_logistics,0.6812026004448706,ns,0.20636927734584878,ns,2.06254957389855
3231,industrial_logistics,-0.19397273645115062,ns,-0.01199941484922684,ns,0.974701211229188
3232,industrial_logistics,-0.030571189093034246,ns,-0.10771819097411445,ns,0.6382999807514279
3233,industrial_logistics,0.16217282450069664,ns,-0.21019103032844086,ns,0.6684898718453661
3234,industrial_logistics,-0.13007913817509734,LH,-0.8448907093174647,cold,0.8151262562077597
3235,industrial_logistics,0.8411011525512008,HH,-1.52743607134924,cold,0.6943668524977212
3236,industrial_logistics,0.8254444899493801,HH,-1.789499642067258,cold,0.7849363651138214
3237,industrial_logistics,0.80675971336427,HH,-1.7534120908433017,cold,1.1774046280035895
3238,industrial_logistics,0.749792885098949,HH,-1.529066135244209,cold,0.271708698514015
3239,industrial_logistics,0.8072478020320168,HH,-1.1169336248089419,cold,1.7251350158060599
3240,industrial_logistics,-0.05306192464451307,LH,-0.8258177270001373,cold,0.5309852752938501
3241,industrial_logistics,0.03930116725117409,ns,-0.156191907798099,ns,0.6763741146888947
3242,industrial_logistics,-0.2666256505116472,ns,0.2872821005464135,ns,0.5448920326160629
3243,industrial_logistics,0.14823328817961984,ns,-0.030018790599884968,ns,1.4534262369591875
3244,industrial_logistics,-0.03567197358344185,ns,-0.08787174376126483,ns,0.4269709037595748
3245,industrial_logistics,0.09586836789502204,ns,-0.222811617098389,ns,0.6555513011863313
3246,industrial_logistics,-0.15390941329103672,LH,-1.0084695228125182,cold,0.7504337242440146
3247,industrial_logistics,0.8004435443745056,HH,-1.5210021704747885,cold,0.6253614100923931
3248,industrial_logistics,0.7549518934268654,HH,-1.8045918561044523,cold,0.5175404163756749
3249,industrial_logistics,0.6914178670455096,HH,-1.620384847144598,cold,0.9229472499244777
3250,industrial_logistics,0.6442121887220832,HH,-1.4789483031338637,cold,0.8582547179607327
3251,industrial_logistics,0.5202298750500383,HH,-1.345243973240213,cold,0.3234628204844398
3252,industrial_logistics,-0.43559436083842124,ns,0.6076437954926932,ns,0.4842080092276813
3253,industrial_logistics,0.06853976894003386,ns,-0.11712237429353575,ns,1.0997735253808094
3254,industrial_logistics,0.029618499649089348,ns,-0.19358136804600984,ns,0.6857411922802695
3255,industrial_logistics,0.08888775940964401,ns,-0.29888813205252496,ns,0.6382998200857134
3256,industrial_logistics,-0.05657916138971342,LH,-0.9339747568703995,cold,1.3801079644451335
3257,industrial_logistics,0.6529488201340239,HH,-1.060580808014308,cold,0.6253614100923931
3258,industrial_logistics,0.8705893077524062,HH,-1.7348327465340843,cold,0.8453161473016979
3259,industrial_logistics,0.7287756546144557,HH,-1.7091003196555559,cold,1.1040864358223927
3260,industrial_logistics,0.5213714653458329,HH,-1.5329217342776145,cold,0.9143214290413115
3261,industrial_logistics,0.4645435374076051,HH,-1.432048165066373,cold,0.7633721342373349
3262,industrial_logistics,0.45312458815884415,HH,-1.198694044757694,cold,0.5132276665998063
3263,industrial_logistics,0.6998540749335269,HH,-0.731832613999012,cold,1.095460775604941
3264,industrial_logistics,0.21335558087888612,HH,-0.6780366032825256,cold,0.4744121152884164
3265,industrial_logistics,0.1555690359540125,HH,-0.6736375058315583,cold,0.6555513011863313
3266,industrial_logistics,0.6372334294992493,HH,-0.9893815125887554,cold,1.1515276473512344
3267,industrial_logistics,0.5587060520013101,HH,-1.7415147191324782,cold,0.9100086792654429
3268,industrial_logistics,0.8475240455773534,HH,-1.616885156270419,cold,1.81570452842216
3269,industrial_logistics,0.7050855037562902,HH,-1.5414852158657337,cold,1.2765999615028558
3270,industrial_logistics,0.691787533319969,ns,-0.6780366032825256,ns,0.39678101266563653
3271,industrial_logistics,0.5965361546193686,ns,-0.6664283241612191,ns,0.5908586085568717
3272,industrial_logistics,0.5711985367566557,HH,-1.7148593592849686,cold,1.0307680829754813
3273,industrial_logistics,0.6274590388685306,HH,-1.5634383108268652,cold,1.8976484611536657
3274,industrial_logistics,0.698586064735417,HH,-1.3762706810179846,cold,2.031346435522739
3275,industrial_logistics,-0.15271364332973372,LL,0.8858762912155415,hot,0.6118973339516134
3276,industrial_logistics,0.7616819076819663,ns,-0.6780366032825256,ns,0.5736074487876829
3277,industrial_logistics,0.8919603044624257,HH,-1.4957256627641955,cold,1.1256505060331645
3278,industrial_logistics,0.5661270274464304,HH,-1.4013234944947537,cold,1.4361748361914268
3279,industrial_logistics,0.460042548857521,HH,-1.4310967681618139,cold,1.4836161280531257
3280,industrial_logistics,-0.3692935983695549,LL,1.0046306649227603,hot,0.5739698193338749
3281,industrial_logistics,0.8685463501463214,HH,-1.3603104002268878,cold,1.2809127112787244
3282,industrial_logistics,0.4084446803523848,HH,-1.3576684762194178,cold,1.1385890766921996
3283,industrial_logistics,0.21977898122657988,HH,-1.3066570787141212,cold,0.3493398011367949
3284,industrial_logistics,0.7175191665973794,HH,-1.2573212866731598,cold,1.8070788682047083
3285,industrial_logistics,0.3867777913070968,HH,-1.160333208747644,cold,0.9876396212225083
3286,industrial_logistics,0.5263180686192841,HH,-1.080002380475382,cold,1.3412924934666008
3287,industrial_logistics,0.37824775714946224,HH,-1.080002380475382,cold,1.078209294504323
3288,industrial_logistics,-0.08733386770467759,LL,0.5635661071890559,hot,0.6106330736524788
3289,industrial_logistics,0.2616085550368751,HH,-1.2573212866731598,cold,0.4269709037595748
3290,industrial_logistics,0.3268366290220787,HH,-1.080002380475382,cold,0.599484429440038
3291,industrial_logistics,-0.2906252647747435,LL,0.6708497744681543,hot,1.1134512173932687
3292,peripheral_expansion,0.008314918865246445,HH,-0.6236310895037704,cold,1.3164073886689993
3293,peripheral_expansion,-0.08760318193072529,LH,-0.7060408828873415,cold,1.7307274059567082
3294,peripheral_expansion,0.04216446004987277,HH,-0.6236310895037704,cold,2.6541184559273128
3295,peripheral_expansion,-0.7056150635204098,LH,-0.4361654064406682,cold,0.43598350774697087
3296,peripheral_expansion,-0.5440978828066029,LH,-0.593296614798262,cold,0.6047512749454611
3297,peripheral_expansion,0.3029017294817905,HH,-0.8808111603978747,cold,2.553201387932468
3298,peripheral_expansion,0.20913266391120003,HH,-1.044120391811396,cold,2.8105399019206896
3299,peripheral_expansion,0.74222559456353,HH,-1.161850904746676,cold,2.1091663639442126
3300,peripheral_expansion,0.5574356513579257,HH,-1.1061791357440822,cold,3.0376032579159267
3301,peripheral_expansion,0.1647484601202407,ns,-0.3086954257517252,ns,1.4380680779470485
3302,peripheral_expansion,0.25995627547337463,ns,-0.018149636971062807,ns,0.9233908619979484
3303,peripheral_expansion,0.7378431087057378,HH,-1.3896466120130642,cold,1.639902025964082
3304,peripheral_expansion,0.6500180811288319,HH,-1.3896466120130642,cold,2.563293122927851
3305,peripheral_expansion,0.49811637297198585,HH,-1.2741727855303795,cold,2.472467789928389
3306,peripheral_expansion,0.2279953560316006,ns,-0.13294308160265664,ns,1.3825636999485165
3307,peripheral_expansion,0.7476673802664902,HH,-1.1852951607127142,cold,2.023386827952696
3308,peripheral_expansion,-0.12294883683229454,ns,-0.46416531314245857,ns,0.4894477139845684
3309,peripheral_expansion,0.20487493155486614,ns,-0.5131868049247756,ns,1.6197186499596443
3310,peripheral_expansion,0.0478817515257175,HH,-1.1000434912367334,cold,0.4490809619756929
3311,peripheral_expansion,0.21187743120344754,ns,-0.018149636971062807,ns,1.3724718239736413
3312,peripheral_expansion,-0.45121017883176595,ns,0.29536943589592973,ns,0.4894477139845684
3313,peripheral_expansion,-0.10613213007820152,ns,0.39328189251820844,ns,1.6651313399559573
3314,peripheral_expansion,-0.414881314589487,ns,0.5543439368811806,ns,0.6307317219609451
3315,peripheral_expansion,-0.46575800561479747,ns,0.5543439368811806,ns,0.9688037399669178
3316,peripheral_expansion,0.3248835984777079,ns,-0.41431582900579794,ns,0.8531743089000232
3317,peripheral_expansion,0.11479993510254319,ns,0.22794529149679,ns,1.1958670019758266
3318,peripheral_expansion,-0.13149007719010464,ns,0.4107783523793254,ns,1.4632972039662675
3319,peripheral_expansion,0.7218365576777478,ns,-0.5143301539467814,ns,1.313569714314063
3320,peripheral_expansion,-0.8374791038147456,LL,1.97489256795108,hot,0.7002814417167821
3321,peripheral_expansion,-1.141687502679476,LL,1.6432921231771997,hot,0.27390250144013617
3322,peripheral_expansion,-0.02027069034192235,LH,-0.8908367993378504,cold,0.44908077400303653
3323,peripheral_expansion,-0.2856565939005218,ns,0.5059917039999705,ns,1.1100875599706383
3324,peripheral_expansion,-0.48120697491287456,ns,0.6008596580567558,ns,0.6912818499742582
3325,peripheral_expansion,0.09579307074516856,ns,-0.41431582900579794,ns,0.6295220874109921
3326,peripheral_expansion,0.2896273857541304,ns,-0.41431582900579794,ns,0.5889166962101233
3327,peripheral_expansion,-0.24096196646610632,ns,-0.3827662965777002,ns,0.4907298554287085
3328,peripheral_expansion,0.15278536845061647,ns,0.07320306849848253,ns,1.4170637709401
3329,peripheral_expansion,-0.06202168311760712,ns,0.33172749355939074,ns,1.751227168428181
3330,peripheral_expansion,-1.1514263117430263,LL,1.6244252517597602,hot,0.447810764924201
3331,peripheral_expansion,-0.282464139346256,LL,0.6008596580567558,hot,0.3481637060081916
3332,peripheral_expansion,0.3442899685084226,ns,-0.4096142184138534,ns,1.189158694569751
3333,peripheral_expansion,-0.20091083527510328,ns,0.11570442609880113,ns,0.4048754144277272
3334,peripheral_expansion,0.4965000080183238,ns,0.11570442609880113,ns,0.5514682518774022
3335,peripheral_expansion,-1.3991570525609318,LL,1.017101087609652,hot,0.27390250144013617
3336,peripheral_expansion,-0.947674098071662,LL,1.8196407861855217,hot,0.3754372620101398
3337,peripheral_expansion,0.598924048920632,ns,0.09472157482260368,ns,1.717673779315851
3338,peripheral_expansion,-0.3656097289497092,ns,0.29301635365882067,ns,0.43861488266591675
3339,peripheral_expansion,-0.16284523053365013,ns,0.3156595099214934,ns,0.8840330096870155
3340,peripheral_expansion,-0.9763384538652197,LL,1.3222809154659445,hot,0.19369481174613487
3341,peripheral_expansion,-0.8853759283026383,LL,1.4660286807557505,hot,0.606127686699744
3342,peripheral_expansion,0.14812121556719032,ns,0.24323179691261207,ns,1.2722111212833322
3343,peripheral_expansion,-1.0677404051170885,LL,1.229943684616901,hot,0.3253080882661644
3344,peripheral_expansion,-0.7987066044020663,LL,0.7950382048419184,hot,0.7373044395652725
3345,peripheral_expansion,0.08326772720938505,HL,0.896563714930111,hot,0.3431181439660667
3346,peripheral_expansion,-0.8956155936194461,LL,1.354999421739677,hot,0.20640707470765232
3347,peripheral_expansion,-0.4029398034454876,ns,0.30122478507628053,ns,0.4114867515840058
3348,peripheral_expansion,-0.4162958629663234,LL,0.651361249235233,hot,0.4416875573160174
3349,peripheral_expansion,-0.6419555336022663,LL,0.905586654145942,hot,0.6604078560121865
3350,peripheral_expansion,-0.13057164806349536,LL,1.2564344552681386,hot,0.6722433197786194
3351,peripheral_expansion,-0.8056024578475199,LL,1.2564344552681386,hot,0.31055752022854677
3352,peripheral_expansion,-0.664894543892682,LL,1.2564344552681386,hot,0.4790917248950664
3353,peripheral_expansion,-0.273345845578391,ns,0.5380804615943647,ns,0.9551020985624121
3354,peripheral_expansion,-0.46080205209564407,ns,0.5753653503222707,ns,0.4907637963136864
3355,peripheral_expansion,-0.062107328752592394,LH,-0.8065609175735765,cold,0.2618996097539459
3356,peripheral_expansion,0.6125162778392091,HH,-0.8065609175735765,cold,1.499779613498102
3357,peripheral_expansion,-0.7187564296615554,LL,1.4619835983343639,hot,0.48511982834927586
3358,peripheral_expansion,-0.49660556784596316,LL,1.2564344552681386,hot,0.6533068847580531
3359,peripheral_expansion,-0.9805418578434011,LL,1.4582501721437113,hot,0.21398170515084375
3360,peripheral_expansion,-0.9359316898283915,ns,0.6734029259107259,ns,0.43043302794052785
3361,peripheral_expansion,0.2254130391240481,HH,-1.1194126597096075,cold,1.6042418350302545
3362,peripheral_expansion,-0.8500318281029511,LL,1.2564344552681386,hot,0.29351472518285177
3363,peripheral_expansion,0.02648552612826287,HL,0.6184427907634921,hot,1.9102041971248243
3364,peripheral_expansion,0.547488455915748,HH,-1.1194126597096075,cold,0.9326986944303179
3365,peripheral_expansion,0.337072333271501,HH,-1.1958168024792302,cold,1.940013405330223
3366,peripheral_expansion,-0.6149115710287696,LL,1.5577083182634286,hot,0.8073259916441992
3367,peripheral_expansion,-0.6016134634804378,LL,1.5577083182634286,hot,0.5213225952949249
3368,peripheral_expansion,-0.19298247781985683,LL,0.6180315095208564,hot,1.356328841986283
3369,peripheral_expansion,0.9636644671244134,HH,-1.129953518791536,cold,2.0297218612588583
3370,peripheral_expansion,-1.013143525052194,LL,1.79196628353846,hot,0.3041049146886468
3371,peripheral_expansion,-0.6885077106771968,LL,1.592498680430884,hot,0.45977759478091595
3372,peripheral_expansion,-0.2017989145656145,ns,0.5260573326754676,ns,1.5402437643728837
3373,peripheral_expansion,0.8904257270268883,HH,-0.8195771662896253,cold,1.850474303702221
3374,peripheral_expansion,-0.9148902334466639,LL,1.8356162581415154,hot,0.2498004945370773
3375,peripheral_expansion,-0.8506398942002498,LL,1.8148554569869446,hot,0.6226909901021724
3376,peripheral_expansion,-0.661889212554269,LL,1.86947499954019,hot,0.3730476746711537
3377,peripheral_expansion,-0.9844420780480831,LL,1.86947499954019,hot,0.19693883956144262
3378,peripheral_expansion,-0.29285975632816535,LL,0.729577708531437,hot,1.3175124001981995
3379,peripheral_expansion,-0.3504699519773176,LL,0.729577708531437,hot,0.936226524663055
3380,peripheral_expansion,-0.5489352584486067,ns,0.5999404174838938,ns,0.6478383217377538
3381,peripheral_expansion,-0.595315954813781,ns,0.6192789943461428,ns,0.2830924740959955
3382,peripheral_expansion,0.11127410210127095,ns,-0.4020951035627647,ns,1.4214329126032514
3383,peripheral_expansion,-0.7803800950403408,LL,1.8356162581415154,hot,0.506841434570046
3384,peripheral_expansion,-0.8663911788232337,LL,1.8356162581415154,hot,0.28962375396376805
3385,peripheral_expansion,-0.7793389117621515,LL,1.86947499954019,hot,0.20451347000463405
3386,peripheral_expansion,-1.0838153062471692,LL,1.86947499954019,hot,0.2083007499543767
3387,peripheral_expansion,-0.1766500118870683,LL,0.7694521657489853,hot,1.313737299481698
3388,peripheral_expansion,-0.4878690256991871,LL,0.7694521657489853,hot,0.841848936433669
3389,peripheral_expansion,-0.01750500291561563,ns,-0.3012038393997,ns,0.3887570879287728
3390,peripheral_expansion,-0.5438435839832495,ns,0.618169271846401,ns,0.5511429773099911
3391,peripheral_expansion,0.03933918380387138,ns,-0.11564107952404037,ns,0.5111189501477639
3392,peripheral_expansion,-0.9877034406674845,LL,1.86947499954019,hot,0.28215281478991766
3393,peripheral_expansion,-0.3054186433805338,LL,0.6554965819275177,hot,0.8095860426677075
3394,peripheral_expansion,-0.4226748119453436,LL,0.6706939349708474,hot,0.9746472988318536
3395,peripheral_expansion,-0.8001190093200856,LL,1.5785678480524692,hot,0.41222234859341883
3396,peripheral_expansion,-0.8293956500421386,LL,0.9893478095662251,hot,0.2234939708568068
3397,peripheral_expansion,0.4475808105685877,HL,0.6964532253718843,hot,0.8449563223032397
3398,peripheral_expansion,-0.4208873249554507,LL,0.7785516312773892,hot,0.8095860426677075
3399,peripheral_expansion,-0.9464005457805433,ns,-0.06142573155301883,ns,0.3624102313189375
3400,peripheral_expansion,-0.5710378732616543,ns,0.5698878474597416,ns,0.42601861790574236
3401,peripheral_expansion,-1.2797117592020697,LL,1.9679690781947095,hot,0.24584338644427198
3402,peripheral_expansion,-1.1263143747564321,LL,2.1978258744643755,hot,0.2408769524347491
3403,peripheral_expansion,0.2543099826971189,ns,-0.25494370429885793,ns,0.8431596275480523
3404,peripheral_expansion,-0.9886329607082182,LL,1.8094128560895852,hot,0.19121159474137345
3405,peripheral_expansion,-0.8819340275744256,LL,1.639406807671206,hot,0.27067611154542104
3406,peripheral_expansion,-1.1407983523671443,LL,2.2536500770109886,hot,0.25577653199008504
3407,peripheral_expansion,0.059604843398281294,HL,0.6535342814964382,hot,1.6348923234884385
3408,peripheral_expansion,0.1482990654509371,ns,-0.1373672963051172,ns,0.6989257475385735
3409,peripheral_expansion,0.3155618539546207,ns,0.07015646182008338,ns,1.3444986667809842
3410,peripheral_expansion,-0.8006440831692758,LL,1.3604921791116156,hot,0.34501916185456377
3411,peripheral_expansion,-0.06209199613718495,ns,-0.30341726310805545,ns,0.5602076784474843
3412,peripheral_expansion,-0.6900656312283555,LL,1.233878380145091,hot,0.4337710809732693
3413,peripheral_expansion,-0.25083706656460947,ns,-0.2708772539420424,ns,0.48696957497642834
3414,peripheral_expansion,-0.4512348650142665,ns,0.21551492064438366,ns,0.421489609356395
3415,peripheral_expansion,-0.3148069708827596,ns,0.4262357744517838,ns,0.8848498066444115
3416,peripheral_expansion,-0.21347267478449833,ns,0.4422526746397551,ns,1.226169206015076
3417,peripheral_expansion,-0.3854933803295243,ns,0.31750498956064543,ns,0.9471370650703274
3418,peripheral_expansion,-0.9143190880098885,LL,1.233878380145091,hot,0.4992461739687927
3419,peripheral_expansion,0.00046341046255240494,ns,-0.16655841810268426,ns,0.5401679165339579
3420,peripheral_expansion,0.10986465892353423,ns,0.12634424471743635,ns,1.509893150020155
3421,peripheral_expansion,-0.032233569324709596,ns,0.12634424471743635,ns,0.7842907895776483
3422,peripheral_expansion,-0.016390553896951633,ns,0.21551492064438366,ns,0.4641722297538583
3423,peripheral_expansion,-0.5030295031496963,ns,0.641006184601485,ns,0.45981334245189454
3424,peripheral_expansion,-0.4954214451619864,LL,0.7645639092786622,hot,0.4724605381331884
3425,peripheral_expansion,-0.47428608986698195,LL,1.2382082714880425,hot,0.2823604048137137
3426,peripheral_expansion,-0.8010747583782081,ns,0.4090649617295585,ns,0.6015506066045204
3427,peripheral_expansion,0.0024720007191662676,ns,0.12634424471743635,ns,0.6669139313073649
3428,peripheral_expansion,0.48005665535636793,HH,-0.8938118435291459,cold,0.872466556064766
3429,peripheral_expansion,0.30284366811229735,HL,0.4664695850846691,hot,0.7152653457746256
3430,peripheral_expansion,-0.5971854371856228,LL,0.7469218529364225,hot,0.517243882013856
3431,peripheral_expansion,-0.24715325611206135,ns,-0.08001151502170757,ns,1.4568164744499537
3432,peripheral_expansion,0.8505611522540317,ns,-0.45229232050633167,ns,2.0215375127458257
3433,peripheral_expansion,0.24090199784481472,ns,-0.32243663844401166,ns,1.9367181614596771
3434,peripheral_expansion,-0.2531779891782363,ns,-0.20482586451381354,ns,0.8856616403544016
3435,peripheral_expansion,-0.20098246233961384,ns,0.010243583118725986,ns,1.974065379774013
3436,peripheral_expansion,0.023221636577494386,ns,0.2787443163045024,ns,1.600593594142357
3437,peripheral_expansion,-0.13349197455368503,ns,0.28451909052795316,ns,0.5922196934345446
3438,peripheral_expansion,-0.6506391523538191,LL,0.7394163250149236,hot,0.33320718442828035
3439,peripheral_expansion,0.34950199200188736,HH,-0.8938118435291459,cold,0.43623320482987704
3440,peripheral_expansion,-0.3029402347685816,ns,0.07270610253677688,ns,1.029715111528618
3441,peripheral_expansion,-0.2721136989474712,ns,0.3399428062265092,ns,0.7522789733464397
3442,peripheral_expansion,-0.29671552998600575,ns,0.2913758703697114,ns,0.554872276364357
3443,peripheral_expansion,-0.9371755165675429,LL,0.9448693788390021,hot,0.6874864946598117
3444,peripheral_expansion,0.39473396020212104,ns,-0.4830677955428996,ns,1.3135901468034312
3445,peripheral_expansion,-0.26794716681345765,LL,0.6277226847829471,hot,0.6989257475385735
3446,peripheral_expansion,-0.17178974277434786,LL,0.5667140189981984,hot,0.5388664676266784
3447,peripheral_expansion,0.03592668013776805,HH,-0.6068061586691604,cold,0.2751020448052397
3448,peripheral_expansion,0.575004483702854,ns,0.2142604956396902,ns,1.4305307647517571
3449,peripheral_expansion,-0.6197763361399955,ns,0.3721442001787161,ns,0.5934345615250294
3450,peripheral_expansion,-0.5080270634786958,LL,0.6970821265756822,hot,0.5619942316239941
3451,peripheral_expansion,-0.23104612586580647,ns,0.3975546089452485,ns,0.2690864235532754
3452,peripheral_expansion,-0.32243154478215585,ns,0.38811111320073133,ns,0.7522789733464397
3453,peripheral_expansion,0.06681271274863096,HL,0.9955473372070263,hot,2.2034836942314526
3454,peripheral_expansion,-0.28404807732337584,ns,0.5667140189981984,ns,0.8376438166296627
3455,peripheral_expansion,-0.2822161981486449,LL,0.6150272341135945,hot,0.6028901000890958
3456,peripheral_expansion,-0.2565077097656685,LL,0.7083909552204314,hot,0.4374954180940735
3457,peripheral_expansion,-0.8915453745856752,ns,-0.1978824087829576,ns,0.2986823288322691
3458,peripheral_expansion,-0.6225968802494989,ns,0.38840627177608394,ns,0.4833936264789239
3459,peripheral_expansion,-0.4570251026686397,LL,1.0940691488657839,hot,1.1150801535676929
3460,peripheral_expansion,-0.8500152862543683,LL,0.8662708726023931,hot,0.5655430805306115
3461,peripheral_expansion,-0.2870867114390906,LL,0.6150272341135945,hot,0.6082255021722232
3462,peripheral_expansion,-0.23925030286706095,LL,0.6129407665317741,hot,0.746943770019164
3463,peripheral_expansion,-0.56654624061994,ns,0.4493177195761489,ns,0.5863362889444642
3464,peripheral_expansion,-0.10612004674188533,ns,-0.006128578853229639,ns,0.6298888087918288
3465,peripheral_expansion,-0.6396498573401906,LL,1.0882735466600453,hot,0.8483146207959174
3466,peripheral_expansion,-0.7286152350906765,LL,1.0598049425250877,hot,0.45883662891487925
3467,peripheral_expansion,-0.19719585670702458,LL,0.6811468911379014,hot,0.7042611496217008
3468,peripheral_expansion,-0.31663793209654784,LL,0.6613130714889869,hot,0.5708782838578872
3469,peripheral_expansion,-0.6922383403040452,ns,0.4712369989029442,ns,0.27903199453973665
3470,peripheral_expansion,-0.21320479648223095,ns,0.3575804393513192,ns,0.9689206050778681
3471,peripheral_expansion,0.043268965602670274,HL,0.7302296380716045,hot,1.0062145064331247
3472,peripheral_expansion,-0.6425650851275344,ns,0.5344811710078377,ns,0.3772550161389688
3473,peripheral_expansion,-0.5884369491883206,LL,1.0973678157845088,hot,0.4583241265123684
3474,peripheral_expansion,-0.4933648218494982,LL,1.1705287648213845,hot,0.6301959026229509
3475,peripheral_expansion,-0.5839969380139755,LL,1.3905315502815556,hot,0.2823604048137137
3476,peripheral_expansion,-0.5638073982930049,LL,1.7025572629203063,hot,0.7406848362173412
3477,peripheral_expansion,-1.0011150345007904,LL,1.6456008348536377,hot,0.36011194435597194
3478,peripheral_expansion,-0.7104595099468443,LL,0.8869155154223302,hot,0.761145631277109
3479,peripheral_expansion,-1.001597007100403,ns,0.7076786021762442,ns,0.4748428351642612
3480,peripheral_expansion,-0.28880613910316155,LL,0.7940486112866694,hot,1.285810038889991
3481,peripheral_expansion,-0.35257479691177085,LL,0.7168531162927326,hot,1.093738942746887
3482,peripheral_expansion,-0.6174893697324729,ns,0.61562978132022,ns,0.6240633037284756
3483,peripheral_expansion,-0.19021141956198337,LL,0.7206629488705172,hot,0.9290830854036761
3484,peripheral_expansion,-0.41767804989652235,LL,0.7178094384108958,hot,0.5499740781523222
3485,peripheral_expansion,0.09497958690478336,ns,0.4891647201029281,ns,0.9977032952974094
3486,peripheral_expansion,-0.43034583289256056,ns,0.5822783474861702,ns,0.5281956634604239
3487,peripheral_expansion,-0.529129755451137,LL,0.9135227223631986,hot,0.9710266823934764
3488,peripheral_expansion,-0.6395894394682701,ns,0.6869833245247923,ns,0.5644617867350921
3489,peripheral_expansion,-0.22131646232639984,ns,0.27511614737452667,ns,0.5039462747085773
3490,peripheral_expansion,-0.409114960917697,LL,0.6520302291051309,hot,0.47270501518195623
3491,peripheral_expansion,-0.3530942287536609,LL,0.7149468785555276,hot,0.5908814383008948
3492,peripheral_expansion,-0.3557330423705397,ns,0.47956098832680083,ns,0.5636100341919626
3493,peripheral_expansion,-0.2720941804388707,ns,0.27561866593030254,ns,0.9911136649874447
3494,peripheral_expansion,-0.49563936938183045,LL,2.1069877318995514,hot,0.6261036521436195
3495,peripheral_expansion,-0.7178247527081693,LL,2.1296722631210163,hot,0.3723883909027067
3496,peripheral_expansion,0.392775225165315,ns,0.05016146542888668,ns,0.6455725217307073
3497,peripheral_expansion,-0.23776992190747687,ns,0.5093111149637473,ns,0.880326437027126
3498,peripheral_expansion,-0.17464427535769428,ns,0.05224207841482833,ns,1.1384857839254383
3499,peripheral_expansion,-0.4957676081214565,ns,-0.1280995653928206,ns,0.4892570205806836
3500,peripheral_expansion,-0.14909612943558814,LL,0.6851195317107064,hot,0.4460872729595264
3501,peripheral_expansion,-0.2551083729100429,ns,-0.21866422106529948,ns,0.35276232971779586
3502,peripheral_expansion,-0.10087193376386785,ns,0.316711001235587,ns,0.7278997934040766
3503,peripheral_expansion,-1.3137669370025722,LL,2.5118473024157435,hot,0.1491314397317712
3504,peripheral_expansion,-1.388718759766211,LL,2.3917184181751074,hot,0.11438236901454611
3505,peripheral_expansion,0.2976979595224984,ns,0.31779992969067966,ns,0.5708784826137389
3506,peripheral_expansion,0.812895597620112,ns,-0.19431662132489455,ns,1.4677708830534038
3507,peripheral_expansion,-0.07526082515772932,ns,-0.11259951850728113,ns,0.6859190652081186
3508,peripheral_expansion,-0.16901953408526224,ns,0.1872225826928396,ns,0.9045031781856885
3509,peripheral_expansion,0.03389139607349201,ns,0.26712465873164076,ns,1.2590319395721556
3510,peripheral_expansion,0.025034828799165278,ns,0.2116150962983981,ns,0.9090483275421191
3511,peripheral_expansion,0.14893808588585372,ns,0.037634263911637746,ns,0.7590553509578177
3512,peripheral_expansion,0.19179311907370336,ns,-0.21265948692736206,ns,0.695421905380193
3513,peripheral_expansion,-1.4438403389595902,LL,2.6014823896887385,hot,0.15637084519634528
3514,peripheral_expansion,-0.5145574930140133,LL,1.0605831978949167,hot,0.5975548967618203
3515,peripheral_expansion,-0.13382779131903894,ns,-0.506662311343629,ns,1.016886892052128
3516,peripheral_expansion,-0.07538972431815232,ns,-0.511716932664216,ns,1.2179831785864317
3517,peripheral_expansion,-0.17347396659718073,ns,0.05258106632397566,ns,0.7188096532854686
3518,peripheral_expansion,-1.2991746785832674,LL,1.5134063617412974,hot,0.13465262880262308
3519,peripheral_expansion,-0.17254645744899072,ns,-0.2888461014689651,ns,0.9284627012728118
3520,peripheral_expansion,0.5054346650991163,ns,-0.37711992780880815,ns,0.5296196549487822
3521,peripheral_expansion,0.04089592289109889,ns,0.07505160286442562,ns,1.4858084537198653
3522,peripheral_expansion,-0.2379778377017412,ns,0.062232907348807855,ns,1.059368011986013
3523,peripheral_expansion,-0.39199577409523945,ns,-0.14430806955872114,ns,0.5566169606665602
3524,peripheral_expansion,-0.6911765820021764,LL,0.8055555561365905,hot,0.6132063970842252
3525,peripheral_expansion,-0.274845895714248,ns,-0.224711398066026,ns,0.6645226306175432
3526,peripheral_expansion,-0.6408887895343577,ns,0.6835382091613473,ns,0.6215782804561439
3527,peripheral_expansion,-1.0959653295534522,LL,1.4195829277259286,hot,0.18967201324558974
3528,peripheral_expansion,-0.6122070009633976,LL,1.0954121834387807,hot,0.12886117994369423
3529,peripheral_expansion,-0.533288315445023,ns,0.5353454458579493,ns,0.6559195618394996
3530,peripheral_expansion,-0.06419423738293063,ns,0.5369453755426995,ns,1.2761615924263385
3531,peripheral_expansion,-0.7530454237634179,ns,0.6746507635399068,ns,0.4095354127395717
3532,peripheral_expansion,-1.4714964891859665,LL,1.7521422486341818,hot,0.15057934239975185
3533,peripheral_expansion,0.4386625357260665,HH,-1.1411965528476253,cold,1.3964702837418965
3534,peripheral_expansion,0.25951503448451263,HH,-1.061164589726948,cold,0.5405693947180141
3535,peripheral_expansion,0.24270677196236107,HH,-0.9096827555823269,cold,1.2913597856399406
3536,peripheral_expansion,0.43278512294638444,HH,-1.5642902534605772,cold,0.8258695978288836
3537,peripheral_expansion,-0.18079047000853005,LL,0.689406014918972,hot,1.1731705762074278
3538,peripheral_expansion,-0.2951293892475824,ns,-0.22659489176354294,ns,0.6592750621927099
3539,peripheral_expansion,-0.3126453520376734,ns,-0.062307021824346526,ns,0.6920730297991341
3540,peripheral_expansion,-0.2899459080801502,ns,0.011831894266348576,ns,0.5760367185554436
3541,peripheral_expansion,-0.276684064975263,ns,0.24168927715570268,ns,0.6754964580162118
3542,peripheral_expansion,-0.2020899994233453,ns,0.18825861478634764,ns,1.0715575406274807
3543,peripheral_expansion,-0.2924059694709261,ns,0.004188272232212316,ns,0.6881984957467058
3544,peripheral_expansion,-0.28500485038658907,ns,0.017594577365705542,ns,0.706673593124878
3545,peripheral_expansion,-0.2919324791922562,ns,0.03741057986096291,ns,0.614298106234017
3546,peripheral_expansion,-0.26068223029874077,ns,0.13737236499562872,ns,0.8590934045893659
3547,peripheral_expansion,-1.195503807175422,LL,1.1875618102096668,hot,0.0
3548,peripheral_expansion,-0.7211679184514603,LL,1.0015145372334526,hot,0.0
3549,peripheral_expansion,-0.7356650034343669,LL,0.9711057891736112,hot,0.0
3550,peripheral_expansion,-0.34721206738581367,ns,0.08741219352399612,ns,0.7936495144619223
3551,peripheral_expansion,-0.07629650974321386,ns,-0.41720768192205854,ns,0.5920877578418364
3552,peripheral_expansion,0.04704352177048926,ns,-0.30258162206664013,ns,0.7852509645395953
3553,peripheral_expansion,-0.2264705313468772,ns,0.349435286835025,ns,0.5138744971786765
3554,peripheral_expansion,-0.12490665826678582,ns,0.36639469336930924,ns,0.8452371675872592
3555,peripheral_expansion,-0.2557457195547797,ns,0.16716743611752638,ns,0.6096792458579515
3556,peripheral_expansion,-0.07171050593151465,ns,0.25387868929267743,ns,1.2747837838504197
3557,peripheral_expansion,0.03840244706093856,ns,0.27051390162521416,ns,1.3163528389828296
3558,peripheral_expansion,-0.11705810677982875,ns,0.3578609552952496,ns,0.9468503752302511
3559,peripheral_expansion,-0.23219655857366533,LL,1.045485353642104,hot,0.7620990573224394
3560,peripheral_expansion,-0.8317718002487784,LL,1.3557988779045689,hot,0.0
3561,peripheral_expansion,-0.273786963965471,LL,1.4408998166233415,hot,0.0
3562,peripheral_expansion,0.5835164794367333,ns,-0.3783558477559007,ns,2.1205979541208673
3563,peripheral_expansion,-0.33551036120443556,ns,-0.0838737632041459,ns,0.6886693611907159
3564,peripheral_expansion,-0.08889616089122611,ns,-0.11350233046487326,ns,0.4157213381236623
3565,peripheral_expansion,0.059626160938342,ns,-0.3619679059991607,ns,0.45351403061146056
3566,peripheral_expansion,-0.6499492299470366,LL,0.9769924118658916,hot,0.24129543318780403
3567,peripheral_expansion,-0.7971236569880281,LL,1.1620254272851638,hot,0.4067549349957507
3568,peripheral_expansion,-0.7569872078071305,LL,1.083836154768812,hot,0.3067898326965322
3569,peripheral_expansion,-1.0085091870727572,LL,0.9480929050907849,hot,0.3043152430010875
3570,peripheral_expansion,-0.8785968414560938,LL,1.0223016180735998,hot,0.3466882533367023
3571,peripheral_expansion,-0.12073189324962645,ns,0.13355403620140152,ns,1.1023438761437379
3572,peripheral_expansion,-0.2843840949579591,ns,-0.13209604573702557,ns,0.7003613156905952
3573,peripheral_expansion,0.29602988155031806,ns,-0.14429829192841562,ns,1.4964854685776205
3574,peripheral_expansion,-0.10614216041626882,ns,0.04017721602749547,ns,0.9838007420496403
3575,peripheral_expansion,-0.41514290500121015,LL,1.3429720758578432,hot,0.0
3576,peripheral_expansion,-0.33014711163437466,LL,1.185973170687306,hot,0.0
3577,peripheral_expansion,0.539212074166569,HH,-0.7646717371612836,cold,2.0786059084556383
3578,peripheral_expansion,0.02186544532035343,ns,-0.40996382745655274,ns,0.4283188501420835
3579,peripheral_expansion,0.0662483005329695,ns,-0.18741332039559522,ns,0.634079881723333
3580,peripheral_expansion,0.22765627024357635,ns,-0.18667642085298844,ns,0.7726536089537088
3581,peripheral_expansion,0.05415990708316315,ns,-0.27691803794148884,ns,1.3437451484222622
3582,peripheral_expansion,0.14259435504821139,ns,-0.3904935477072989,ns,0.95741857859421
3583,peripheral_expansion,0.8895686493229851,ns,-0.3546111166552242,ns,1.5540563063272645
3584,peripheral_expansion,-0.10739720963333006,ns,-0.031460294173312524,ns,0.9607067842954027
3585,peripheral_expansion,-0.32925705235227654,ns,0.2949403689762473,ns,0.6004416971688654
3586,peripheral_expansion,-0.14021002188315673,ns,0.561871558664289,ns,1.0068945277408332
3587,peripheral_expansion,-0.5116037207191283,LL,1.2035243528945196,hot,0.0
3588,peripheral_expansion,-0.5106511486941427,LL,0.7018851393308019,hot,0.0
3589,peripheral_expansion,0.35856120960988347,ns,0.009796534128876828,ns,1.7090759691746358
3590,peripheral_expansion,0.4881899226796193,ns,-0.5815425670372769,ns,2.1625899997860967
3591,peripheral_expansion,0.4812707843750402,HH,-0.9191874121475282,cold,1.587299107140112
3592,peripheral_expansion,0.3765779453368263,ns,-0.6166276607799849,ns,1.0623985754328817
3593,peripheral_expansion,0.27024257298282794,ns,-0.3868940130183807,ns,1.7216736376255917
3594,peripheral_expansion,0.12902819355761225,ns,-0.31233805350701577,ns,0.9742153655737946
3595,peripheral_expansion,-0.8020385446983319,LL,1.0867030766556856,hot,0.26542498934794373
3596,peripheral_expansion,-0.2507475361242218,ns,0.4700115078535328,ns,0.614298106234017
3597,peripheral_expansion,-0.8255345521016331,LL,1.2176564316643783,hot,0.0
3598,peripheral_expansion,0.1942973322960011,HH,-0.8351297533049875,cold,0.7138646980926276
3599,peripheral_expansion,0.01377338877197778,ns,0.4338197803509417,ns,2.0137889694501436
3600,peripheral_expansion,-0.9006341325316013,ns,0.6630903834696781,ns,0.0
3601,peripheral_expansion,-0.4752572879204404,LL,1.1606747578448258,hot,0.0
3602,peripheral_expansion,-0.5301964389512899,ns,0.6164574673185688,ns,0.0
3603,peripheral_expansion,0.04565494803213684,ns,-0.35414745967493894,ns,1.045601788453297
3604,peripheral_expansion,-0.4592321263094007,LL,0.8293972062200196,hot,0.0
3605,peripheral_expansion,-0.6053850426602708,LL,1.2469114837082076,hot,0.0
3606,peripheral_expansion,-0.8413906345711026,LL,1.143972240109625,hot,0.0
3607,peripheral_expansion,0.6131875551692199,HL,0.6161323189745734,hot,2.127406445647233
3608,peripheral_expansion,-0.27837200576858667,ns,-0.05701719612372503,ns,0.809794767600777
3609,peripheral_expansion,0.1246571035379858,ns,-0.24178066138112358,ns,1.083470005016801
3610,peripheral_expansion,-0.16471743616053952,ns,0.5130245758934295,ns,1.0928737522178456
3611,peripheral_expansion,-0.23989900331132477,LL,0.9682827138572997,hot,1.0096071941604288
3612,peripheral_expansion,-0.4168200707787883,LL,1.2732073827116575,hot,0.9402183742381268
3613,peripheral_expansion,-0.46549010726334716,ns,-0.03945368533301513,ns,0.6296045510225788
3614,peripheral_expansion,0.23310462440956603,ns,-0.20856576330285156,ns,1.5300232143309656
3615,peripheral_expansion,-0.5657400934782422,ns,0.5011022923120021,ns,0.7253902624343374
3616,peripheral_expansion,-0.4516108716653813,LL,0.7881466712775806,hot,0.9211813833814247
3617,peripheral_expansion,-0.7454149707090222,LL,0.993760672799934,hot,0.6834798309983191
3618,peripheral_expansion,-0.26303438241692334,LH,-0.5751765361558292,cold,0.7757627167109544
3619,peripheral_expansion,0.2557178424671689,HH,-0.653286384831984,cold,1.6305230683183412
3620,peripheral_expansion,-0.02015181413297564,ns,0.09286632797290201,ns,0.9479071251982178
3621,peripheral_expansion,-0.23743270684397225,ns,0.4134255121141412,ns,1.2451057599630717
3622,peripheral_expansion,0.8856803297046005,HH,-0.8454955369759894,cold,1.7443434425573292
3623,peripheral_expansion,0.3462743257743887,HH,-1.4330916359686086,cold,1.1058644252297676
3624,peripheral_expansion,0.15906364547172938,HH,-0.692718758070188,cold,1.156260518921418
3625,peripheral_expansion,0.15029171247192225,ns,0.2220001439998309,ns,0.9631024033298456
3626,peripheral_expansion,-0.2572135330005595,ns,-0.384781907842511,ns,0.7476216484211907
3627,peripheral_expansion,-0.09661176275985398,ns,0.3393744097682511,ns,1.2341666469943307
3628,peripheral_expansion,-0.43863654360257504,LL,0.9109088566802415,hot,0.8666900306186635
3629,peripheral_expansion,-0.7216238443100462,ns,0.4780416910249561,ns,0.33627576184211905
3630,peripheral_expansion,-0.3000273415601332,ns,0.4829767155022873,ns,0.491082794634059
3631,peripheral_expansion,-0.46335974924654744,ns,0.4637599340183428,ns,0.34022727218366644
3632,peripheral_expansion,0.20959723049991394,HH,-0.6221517476403206,cold,1.1028946301264388
3633,peripheral_expansion,-0.4215968175887589,LL,0.9244553254627085,hot,0.8458895039785935
3634,peripheral_expansion,-0.4978570656223461,LL,0.8040593432857824,hot,0.29814139842854764
3635,peripheral_expansion,-0.08032802285175708,ns,0.37775815339748087,ns,1.249851452805708
3636,peripheral_expansion,-0.3958139381571032,LL,0.9048377922394027,hot,0.9587698150778243
3637,peripheral_expansion,-0.620707721201063,ns,0.5893129591264678,ns,0.3744101252556904
3638,peripheral_expansion,-0.6430111927095584,ns,0.503647255510893,ns,0.5797315290971334
3639,peripheral_expansion,-0.3361294910158825,LL,0.7434606783389169,hot,0.919919313131434
3640,peripheral_expansion,-0.3219772525880675,LL,0.8357083650992192,hot,0.9794996149465636
3641,peripheral_expansion,-0.20212033054670542,LL,0.8037764958931674,hot,0.9771164082008497
3642,peripheral_expansion,-0.8884857016309766,ns,0.5462855868860499,ns,0.2935834654255132
3643,peripheral_expansion,-0.9315926143454227,ns,0.4990277582693121,ns,0.21699647961358218
3644,peripheral_expansion,-0.7776073745140346,LL,0.8031611339778639,hot,0.2764525151919415
3645,peripheral_expansion,-0.48269623788088845,LL,1.057978907602398,hot,0.8674887647257271
3646,peripheral_expansion,-0.6662688711938541,LL,1.3670388031216876,hot,0.5052406291250424
3647,peripheral_expansion,-0.07496972639124141,ns,0.10185977911085596,ns,1.5540778199044871
3648,peripheral_expansion,0.1502201876865794,ns,0.1258933266014924,ns,1.2253919513088949
3649,peripheral_expansion,-0.9657486221114411,LL,1.4495620855797755,hot,0.3031567643528387
3650,peripheral_expansion,0.48508153511250846,HL,0.67498630785892,hot,1.0086667129045799
3651,peripheral_expansion,-0.7980887678283309,LL,1.3187719703314131,hot,0.5123902937529444
3652,peripheral_expansion,-0.6640080448586285,LL,1.0514200488069028,hot,0.6410836355845388
3653,peripheral_expansion,-0.6013559156771653,ns,0.36964235616611435,ns,0.4786687504835681
3654,peripheral_expansion,0.42533431318269066,HL,0.67498630785892,hot,0.5738965914358749
3655,peripheral_expansion,0.06790674692872445,HH,-0.6725641471411743,cold,1.3936719438473684
3656,peripheral_expansion,-0.059725572928585546,LH,-0.5977381645509134,cold,0.9077550264606642
3657,peripheral_expansion,-0.8093513143866582,LL,1.1087962098018713,hot,0.5672041820766461
3658,peripheral_expansion,0.6562224139773007,HH,-1.3740455125718902,cold,3.0937783522326394
3659,peripheral_expansion,-0.38751685233605615,ns,0.3550779960990705,ns,1.1772932742111433
3660,peripheral_expansion,-0.7756812405567346,ns,0.6468034610349787,ns,0.5380310030437995
3661,peripheral_expansion,-1.0037983055184119,LL,0.8455029740186664,hot,0.2640642122358432
3662,peripheral_expansion,-0.2987989323422881,LL,0.7104547067772545,hot,1.6242825668053127
3663,peripheral_expansion,0.6205208817413163,HH,-1.4726943155306902,cold,1.5852419734989565
3664,peripheral_expansion,0.7696322582040986,HH,-1.9089179929186608,cold,2.048597796124071
3665,peripheral_expansion,1.0149895553694865,HH,-1.7275897884393965,cold,1.53105725924911
3666,peripheral_expansion,0.1460904185308159,HH,-1.2589426902847478,cold,1.6302525927483766
3667,peripheral_expansion,0.6097831984703663,HH,-1.1955741277484315,cold,2.697467977920117
3668,peripheral_expansion,-1.1305910051974153,LL,1.7129951470645577,hot,0.15252540928873393
3669,peripheral_expansion,0.12661682856883102,HH,-0.9900099315891675,cold,1.7423863362409633
3670,peripheral_expansion,-0.6676086370655069,LL,1.6613683132777102,hot,0.36463120917411795
3671,peripheral_expansion,-1.0257850432094753,LL,1.5512024847898798,hot,0.23198019494386146
3672,peripheral_expansion,0.0862373051849204,HH,-0.879426675104305,cold,1.5412779467974078
3673,peripheral_expansion,-0.20506914683264776,ns,-0.24235159831422268,ns,0.5769607924639654
3674,peripheral_expansion,-0.34363604015651095,LL,1.310759007107342,hot,0.25262035895328144
3675,peripheral_expansion,-0.31316903069181434,LL,1.5220953493970988,hot,0.25977002358118356
3676,peripheral_expansion,0.12068401475906829,ns,0.41077270156536,ns,1.4343841528345385
3677,peripheral_expansion,0.882972967655018,HH,-1.4880705871162485,cold,1.7812018875523532
3678,peripheral_expansion,0.7748036331916524,HH,-1.4520321827139926,cold,1.1213375955915814
3679,peripheral_expansion,0.2975332502183764,HH,-0.9378589683052925,cold,1.4244037867925456
3680,peripheral_expansion,0.29444673923900544,HH,-0.8130245243569346,cold,1.2016124001499207
3681,peripheral_expansion,-0.4772790250303152,ns,-0.26319526433666335,ns,0.24808320161294672
3682,peripheral_expansion,0.2780957492900663,ns,-0.18117681391602486,ns,1.4850184532895299
3683,peripheral_expansion,-0.6721539373245029,LL,1.2700421899751315,hot,0.29075166688470466
3684,peripheral_expansion,-0.6026344146698971,LL,1.2067079619950598,hot,0.20733929761243558
3685,peripheral_expansion,0.22107181265598821,HH,-0.6568400945220491,cold,1.0409103706172376
3686,peripheral_expansion,-0.6211667134594686,LL,1.3582733162244816,hot,0.6399817359346611
3687,peripheral_expansion,-0.9116739832250156,LL,1.2920400313989977,hot,0.2573840083107445
3688,peripheral_expansion,0.17170462983701945,ns,0.09502989170051877,ns,1.6263120511631206
3689,peripheral_expansion,-0.33088667932050075,ns,0.3580911489122679,ns,1.6277794524298452
3690,peripheral_expansion,-0.3594995480965768,ns,0.3812031453354227,ns,0.5587210262387735
3691,peripheral_expansion,-0.7586295305976898,ns,0.6918221645229095,ns,0.4556390530923002
3692,peripheral_expansion,-0.6584997012136174,LL,1.03399301345776,hot,0.9912760013373844
3693,peripheral_expansion,-0.7066456188774091,LL,1.2920400313989977,hot,0.8208460691490213
3694,peripheral_expansion,-0.6634512004642202,LL,1.1023986083084292,hot,0.5843309924618719
3695,peripheral_expansion,-0.0397359537832346,LL,0.9511510285486788,hot,0.28896001894891843
3696,peripheral_expansion,0.4588217606880242,HH,-1.1754083749508757,cold,1.6302525927483766
3697,peripheral_expansion,-0.12095517032715646,LL,0.7753650742545948,hot,2.0555932552591267
3698,peripheral_expansion,-0.11586565782266582,LL,0.9706618745772724,hot,2.0799403826444465
3699,peripheral_expansion,-0.6643967652945018,LL,0.8343792299825508,hot,0.4183452435421231
3700,peripheral_expansion,-0.5507085242435451,LL,0.8127644258077322,hot,0.37952969223073313
3701,peripheral_expansion,-0.5411152157692547,LL,0.8166418378265509,hot,0.3493398011367949
3702,peripheral_expansion,-0.5057638794779107,LL,0.7481211186989695,hot,0.5779201985635515
3703,peripheral_expansion,-0.17002145857008027,ns,0.13830812759768865,ns,0.37521678178915
3704,peripheral_expansion,0.02223111714779964,HH,-0.9195823412677299,cold,0.6339870703098448
3705,peripheral_expansion,0.7554085817676259,HH,-1.1276689026192033,cold,0.9488242305768328
3706,peripheral_expansion,0.5493297657027749,HH,-1.4003514295371522,cold,0.3105244104911195
3707,peripheral_expansion,0.6187940329986553,HH,-1.725307413451683,cold,0.457160794853513
3708,peripheral_expansion,0.38390228934264414,HH,-1.2427632757535794,cold,0.4183452435421231
3709,peripheral_expansion,0.36400621699537744,HH,-0.9164638315095405,cold,0.7159310833742077
3710,peripheral_expansion,0.02359383521132592,HH,-0.9655661841820962,cold,0.7935620253312731
3711,peripheral_expansion,-0.5874960123810573,LL,1.2284405877700277,hot,0.8927811623231615
3712,peripheral_expansion,0.10159019050682253,ns,0.46435924465339856,ns,2.038202454611456
3713,peripheral_expansion,-0.14223295645937273,LL,0.8127644258077322,hot,0.9747013718949026
3714,peripheral_expansion,-0.038690195113443696,ns,-0.4429585558696784,ns,0.8323775766426631
3715,peripheral_expansion,0.3411680134656483,HH,-0.9195823412677299,cold,0.6814282818386864
3716,peripheral_expansion,0.3404815297600687,HH,-1.0367634657025289,cold,1.3757951343364077
3717,peripheral_expansion,-0.0658807596994316,ns,0.1864133057457425,ns,0.4656072906121565
3718,peripheral_expansion,-0.1742460296529938,ns,0.3523589836866122,ns,1.7042989979546286
3719,peripheral_expansion,-0.29360479985282195,ns,0.38726201335797966,ns,2.0764622273738476
3720,peripheral_expansion,-0.2452830917101136,ns,0.5233388608584558,ns,0.457160794853513
3721,peripheral_expansion,-0.6017999690233047,LL,1.0159512842967184,hot,1.1998800332251944
3722,peripheral_expansion,-0.4714230037351424,LL,1.0159512842967184,hot,1.0279101222592824
3723,peripheral_expansion,-0.6423852088447767,LL,1.163017078866303,hot,0.43774120769666564
3724,peripheral_expansion,-0.1922454455473335,LL,0.5649910527702554,hot,1.815600128578304
3725,peripheral_expansion,-0.23751753932584738,ns,0.26882364713742324,ns,0.5563561283527795
3726,peripheral_expansion,-0.06113173242266532,ns,0.23318235881132168,ns,0.5261662372588413
3727,peripheral_expansion,-0.6862744783370693,LL,0.8528424915792382,hot,0.3275262178259673
3728,peripheral_expansion,-0.356162876823981,LL,1.0159512842967184,hot,1.1881547690049725
3729,peripheral_expansion,-0.1054634845570721,ns,0.5397218819112373,ns,1.7877748540206106
3730,peripheral_expansion,-0.30354134959996776,ns,0.5582071643751132,ns,1.4608276755120815
3731,peripheral_expansion,-0.10592918268578289,ns,0.2697138290757177,ns,1.7121965254798823
3732,peripheral_expansion,-0.1977473996727352,ns,0.1902645171033847,ns,0.991952692329806
3733,peripheral_expansion,-0.6804139994785092,ns,0.6165828006937737,ns,0.33523270187008114
3734,peripheral_expansion,-0.48102243695906965,LL,1.0857074709126862,hot,1.0513606506997262
3735,peripheral_expansion,-0.24033117197506765,ns,0.16322217431010963,ns,0.973885030626987
3736,peripheral_expansion,-0.30623192654554376,ns,0.11403382809273875,ns,0.42433559087110695
3737,peripheral_expansion,-0.2653167152720027,ns,0.5685958836982151,ns,1.5060437588156714
3738,peripheral_expansion,0.1472521424124053,ns,0.22875730587234658,ns,2.0097822849791096
3739,peripheral_expansion,-0.3916376058927484,ns,0.25879983387492844,ns,0.9078000156998017
3740,peripheral_expansion,-0.18171412215862592,LL,0.5690515365453901,hot,1.885163363561889
3741,peripheral_expansion,-0.3834361796139802,ns,0.23180386035981948,ns,0.8539418075191496
3742,peripheral_expansion,0.35501054459933323,HH,-0.9374160324657602,cold,0.6131615707022441
3743,peripheral_expansion,-0.20370356264922257,LL,1.2828711879147983,hot,0.5545278812341913
3744,peripheral_expansion,-0.7320987758574837,LL,1.38716848779139,hot,0.5901690601620034
3745,peripheral_expansion,-0.07967669134065372,ns,-0.050252673842687674,ns,2.195234260819322
3746,peripheral_expansion,-0.018300317781115672,ns,0.15361581186660925,ns,2.290116683877005
3747,peripheral_expansion,-0.11995170446203356,ns,0.17266609147551132,ns,2.2426754321817346
3748,peripheral_expansion,-0.28248324432308836,LL,0.679959483356091,hot,0.5537417958387452
3749,peripheral_expansion,-0.34198663979332544,LL,0.7504303007659038,hot,0.6081045766027136
3750,peripheral_expansion,-0.444598059733856,LL,0.8073038217552322,hot,0.386860707972192
3751,peripheral_expansion,-0.36178305492546914,LL,0.8252644958809452,hot,0.4298452284637129
3752,peripheral_expansion,-0.5071186447399685,LL,0.8784979077424189,hot,0.4636216406615953
3753,peripheral_expansion,-0.22710472620638092,LL,0.6084633732887804,hot,0.5221355356196717
3754,peripheral_expansion,-0.04701909423273767,ns,0.46551860833183406,ns,0.5600630620116621
3755,peripheral_expansion,-0.29550472357833063,ns,0.514777481208762,ns,0.43743074316151254
3756,peripheral_expansion,-0.5467312021563914,LL,0.9076976002143897,hot,0.5723864531489291
3757,peripheral_expansion,-0.6013131752288003,LL,1.3445395295735023,hot,0.56281006178169
3758,peripheral_expansion,0.16109462177055997,HL,0.48077015380282995,hot,1.1256534019664417
3759,peripheral_expansion,-0.4195986834780786,LL,0.6133219371289902,hot,0.4370439496119379
3760,peripheral_expansion,-0.6337961443951672,LL,0.9424851298198108,hot,0.307340607639296
3761,peripheral_expansion,-0.3085696094505542,ns,0.2278222277444825,ns,1.2138782625847355
3762,peripheral_expansion,-0.6049196777793295,LL,0.8848717695622728,hot,0.3637332736798322
3763,peripheral_expansion,-0.5605567818088696,LL,0.9803162357657497,hot,0.8520320325522742
3764,peripheral_expansion,-0.6090420545073981,ns,0.48864919541594,ns,0.4812801440627359
3765,peripheral_expansion,-0.3991262218186563,LL,0.6377687926998847,hot,0.30844468888268345
3766,peripheral_expansion,-0.3606675737597215,LL,1.110297153612896,hot,0.5315428846602807
3767,peripheral_expansion,-0.3871272453536016,ns,0.48705161988691753,ns,0.5264832219636129
3768,peripheral_expansion,-0.031979892674511845,LL,0.6706364960505484,hot,1.4039552833335593
3769,peripheral_expansion,0.087291636852867,HL,0.5069616681709155,hot,1.3025854192031288
3770,peripheral_expansion,-0.4668748403530844,ns,0.5359678105108532,ns,0.2738776176578129
3771,peripheral_expansion,-0.23827666030403635,ns,0.5328025256260635,ns,0.9146981094998937
3772,peripheral_expansion,0.06721490606155134,HL,0.8091953203136192,hot,2.6090086895847064
3773,peripheral_expansion,-0.502310768725088,LL,0.9140832414134376,hot,0.8681542503499092
3774,peripheral_expansion,-0.38958443141369886,LL,0.5987383734158825,hot,0.361624821318415
3775,peripheral_expansion,0.14734632788278404,HL,0.5359678105108532,hot,0.35896577012156367
3776,peripheral_expansion,-0.23646114901480883,ns,0.5051150571105821,ns,0.7104632415505547
