sample_id,stratum_name,x,y,heat,cooling_deficit,access_deficit,coastal_expo,social_vul,pareto_frontier,topsis_equal,topsis_entropy,rank_mean,rank_p10,rank_p90
0,historic_core,510875.0,4249875.0,42.9118,0.896,0.0048,0.3848,2.4838,False,0.2917,0.0553,1336.4405,890.0,1840.1
1,historic_core,511125.0,4249875.0,42.5503,0.8512,0.0044,0.3704,2.4838,False,0.284,0.0531,1477.5585,973.0,2083.1
2,historic_core,511375.0,4249875.0,42.44,0.72,0.0057,0.3542,2.3244,False,0.2623,0.0501,1894.487,1133.0,2740.2
3,historic_core,510125.0,4250125.0,45.0581,0.864,0.0065,0.4549,3.2457,False,0.3314,0.0655,896.882,361.9,1465.4
4,historic_core,510375.0,4250125.0,44.6178,0.6224,0.0067,0.4478,3.2457,False,0.3132,0.0636,1275.6935,503.8,2597.0
5,historic_core,510625.0,4250125.0,43.5152,0.984,0.0059,0.4378,3.2457,False,0.3361,0.0637,778.1205,306.0,1235.3
6,historic_core,510875.0,4250125.0,44.1231,0.8336,0.0052,0.4227,2.4838,False,0.2954,0.0602,1344.942,807.0,2013.2
7,historic_core,511125.0,4250125.0,42.0251,0.904,0.0048,0.4034,2.4838,False,0.2964,0.0579,1301.676,841.0,1802.4
8,historic_core,511375.0,4250125.0,42.7992,0.88,0.0058,0.3819,2.4612,False,0.2889,0.0549,1391.9015,921.0,1922.2
9,historic_core,511625.0,4250125.0,43.051,0.9216,0.008,0.3601,2.1502,False,0.2782,0.0522,1573.7245,1006.9,2230.1
10,historic_core,509875.0,4250375.0,43.8033,0.9056,0.0059,0.5183,3.8,False,0.365,0.0746,671.523,164.0,1182.1
11,historic_core,510125.0,4250375.0,44.3514,0.976,0.0071,0.5129,3.2457,False,0.3521,0.0738,680.957,266.9,1109.1
12,historic_core,510375.0,4250375.0,44.3449,0.9584,0.0075,0.5031,3.2457,False,0.3488,0.0725,712.056,287.0,1146.1
13,historic_core,510625.0,4250375.0,43.7834,0.9952,0.0059,0.4891,3.2457,False,0.3479,0.0706,698.6505,268.8,1138.3
14,historic_core,510875.0,4250375.0,43.4227,0.9296,0.0061,0.4672,2.4838,False,0.3144,0.0668,1082.2395,636.9,1589.1
15,historic_core,511125.0,4250375.0,43.1395,0.8848,0.006,0.4406,2.4612,False,0.3033,0.0629,1242.9115,752.9,1803.1
16,historic_core,511375.0,4250375.0,42.9357,0.9408,0.0048,0.4126,2.4612,False,0.3015,0.0593,1193.2675,746.0,1685.1
17,historic_core,511625.0,4250375.0,42.9109,0.9984,0.0061,0.3847,2.1502,False,0.2914,0.0557,1335.3245,689.9,2104.2
18,historic_core,509625.0,4250625.0,43.3302,0.9952,0.0056,0.6263,3.3612,False,0.3809,0.0888,543.893,196.9,950.0
19,historic_core,509875.0,4250625.0,43.0706,0.9536,0.006,0.5903,3.3612,False,0.3704,0.084,619.446,228.8,1068.2
20,historic_core,510125.0,4250625.0,43.7626,0.9472,0.0065,0.5875,3.7548,False,0.3808,0.0839,558.611,153.0,994.1
21,historic_core,510375.0,4250625.0,42.6704,0.88,0.0063,0.5739,3.2457,False,0.3587,0.0815,754.276,305.9,1330.0
22,historic_core,510625.0,4250625.0,42.823,0.9808,0.0056,0.553,3.2457,False,0.3605,0.079,655.614,258.0,1089.1
23,historic_core,510875.0,4250625.0,43.0845,0.9264,0.0042,0.5203,2.4612,False,0.326,0.0737,1025.237,546.0,1591.1
24,historic_core,511125.0,4250625.0,43.5274,0.992,0.0047,0.4828,2.4612,False,0.3226,0.069,959.8715,496.0,1496.1
25,historic_core,511375.0,4250625.0,42.4426,0.9904,0.0039,0.4451,2.1502,False,0.3041,0.0637,1244.2055,642.9,2075.0
26,historic_core,511625.0,4250625.0,42.3641,0.9968,0.0039,0.4098,2.1502,False,0.2964,0.0589,1306.3595,683.0,2117.3
27,historic_core,511875.0,4250625.0,42.8619,0.9936,0.0044,0.3777,2.7742,False,0.3087,0.0552,1016.4485,511.9,1506.2
28,historic_core,512125.0,4250625.0,44.1377,0.9776,0.0054,0.349,2.7742,False,0.302,0.0513,1069.4015,578.8,1533.1
29,historic_core,509875.0,4250875.0,42.7925,0.8368,0.0066,0.6923,3.3612,False,0.3867,0.0971,655.2435,221.0,1306.0
30,historic_core,510125.0,4250875.0,44.0077,0.9712,0.0061,0.6876,3.7548,False,0.4031,0.097,452.4155,123.0,850.1
31,historic_core,510375.0,4250875.0,43.9664,0.9584,0.0053,0.6679,2.8506,False,0.3749,0.0938,642.7055,274.0,1121.0
32,historic_core,510625.0,4250875.0,43.6447,0.9216,0.0042,0.6323,3.1086,False,0.3708,0.089,661.5025,283.9,1139.6
33,historic_core,510875.0,4250875.0,42.8489,0.9888,0.0044,0.5816,2.8384,False,0.3559,0.0824,713.695,329.0,1175.0
34,historic_core,511125.0,4250875.0,42.94,1.0,0.0041,0.528,2.8384,False,0.3443,0.0753,760.856,352.0,1221.2
35,historic_core,511375.0,4250875.0,42.6885,0.9712,0.0035,0.4781,2.641,False,0.3245,0.0683,940.8965,518.0,1415.3
36,historic_core,511625.0,4250875.0,42.5633,0.9968,0.0033,0.4336,2.641,False,0.3165,0.0625,974.902,503.9,1456.4
37,historic_core,511875.0,4250875.0,42.9793,1.0,0.0034,0.395,2.6587,False,0.3091,0.0573,1022.9165,524.0,1508.1
38,historic_core,511125.0,4251125.0,42.6917,0.984,0.0035,0.5722,2.8384,False,0.3532,0.0811,734.5845,352.0,1197.0
39,historic_core,511375.0,4251125.0,41.9711,0.984,0.0029,0.5067,2.5272,False,0.3287,0.0721,944.795,485.9,1476.1
40,historic_core,511625.0,4251125.0,42.1992,0.9968,0.0031,0.4533,2.6684,False,0.3216,0.0651,938.06,480.7,1417.3
41,historic_core,511875.0,4251125.0,41.8941,0.9936,0.0028,0.4152,2.6587,False,0.3124,0.06,1020.2165,545.0,1507.0
42,historic_core,510375.0,4251375.0,38.3012,0.9632,0.0089,0.978,3.5254,True,0.4541,0.1336,363.1795,24.0,789.1
43,historic_core,511125.0,4251375.0,42.8448,0.9456,0.0038,0.6061,2.9714,False,0.3622,0.0855,704.745,320.0,1178.2
44,historic_core,510625.0,4251625.0,38.7297,0.7568,0.0123,0.9125,2.9338,False,0.4225,0.1255,710.9905,94.0,1825.3
45,historic_core,510875.0,4251875.0,39.8388,0.688,0.0143,0.8524,2.9338,False,0.407,0.1182,822.182,138.0,2216.5
46,historic_core,511125.0,4251875.0,42.1016,0.7296,0.0093,0.7358,2.9338,False,0.3808,0.1026,865.474,244.9,2042.1
47,historic_core,511375.0,4251875.0,42.404,0.984,0.0045,0.6567,2.9338,False,0.3755,0.0924,628.2505,268.0,1087.0
48,historic_core,511125.0,4252125.0,40.4987,0.6176,0.0119,0.8506,2.9338,False,0.4032,0.1175,898.9695,145.0,2495.1
49,historic_core,511375.0,4252125.0,43.4561,0.992,0.0055,0.7156,2.9338,False,0.3899,0.1002,552.7135,202.9,1010.3
50,historic_core,511625.0,4252125.0,43.7414,0.9984,0.0039,0.6238,2.2318,False,0.3513,0.0877,875.821,350.0,1676.1
51,historic_core,511875.0,4252125.0,43.1198,0.9776,0.003,0.5633,2.6127,False,0.3445,0.0797,821.887,401.8,1322.2
52,historic_core,513625.0,4252125.0,44.1446,0.816,0.0163,0.303,2.7755,False,0.2795,0.0464,1474.4575,891.8,2111.2
53,historic_core,511375.0,4252375.0,42.5581,0.9824,0.0058,0.7973,2.9338,False,0.4073,0.1106,510.354,148.0,980.1
54,historic_core,511625.0,4252375.0,45.289,1.0,0.0042,0.7019,2.6127,False,0.3798,0.0981,627.674,230.0,1167.2
55,historic_core,511875.0,4252375.0,44.306,0.9696,0.0035,0.6235,2.6127,False,0.3588,0.0877,745.743,340.8,1255.0
56,historic_core,512125.0,4252375.0,42.8782,0.8192,0.0039,0.5494,1.8318,False,0.3077,0.0769,1632.005,538.0,3070.0
57,historic_core,512375.0,4252375.0,41.9779,0.88,0.0044,0.4879,1.8318,False,0.2958,0.0688,1673.285,658.9,3073.1
58,historic_core,512625.0,4252375.0,41.8422,0.8672,0.0041,0.4383,2.4067,False,0.2987,0.0623,1352.439,770.0,1985.1
59,historic_core,513125.0,4252375.0,42.994,0.928,0.0057,0.3643,2.477,False,0.2901,0.0528,1314.0775,874.8,1773.0
60,historic_core,513375.0,4252375.0,42.9742,0.7072,0.0061,0.3353,2.477,False,0.2627,0.0476,1845.665,1168.9,2705.2
61,historic_core,513625.0,4252375.0,44.3068,0.9648,0.0254,0.3107,2.7755,False,0.2969,0.0517,1108.5605,610.9,1569.1
62,historic_core,511375.0,4252625.0,41.3635,0.9648,0.0062,0.9108,2.9338,False,0.4301,0.1248,466.7125,68.0,981.0
63,historic_core,511625.0,4252625.0,44.0906,1.0,0.0047,0.7929,2.6127,False,0.4004,0.1099,567.1585,158.9,1129.2
64,historic_core,511875.0,4252625.0,44.4492,1.0,0.0044,0.6699,2.6127,False,0.3721,0.094,664.7605,262.0,1195.1
65,historic_core,512125.0,4252625.0,44.197,0.984,0.0042,0.5802,1.8318,False,0.3299,0.0817,1232.4005,441.0,2737.6
66,historic_core,512375.0,4252625.0,43.6354,0.9824,0.0048,0.5117,2.3314,False,0.3251,0.0728,991.2405,506.9,1616.2
67,historic_core,512625.0,4252625.0,43.7318,0.9536,0.0058,0.4562,2.3314,False,0.3094,0.0653,1130.3935,654.9,1703.0
68,historic_core,512875.0,4252625.0,43.8641,0.976,0.0056,0.4109,2.3314,False,0.3008,0.0592,1170.2795,675.9,1718.1
69,historic_core,513125.0,4252625.0,43.6858,0.9728,0.0061,0.3757,2.477,False,0.2973,0.0546,1172.938,703.9,1651.1
70,historic_core,513375.0,4252625.0,43.4829,0.9184,0.0073,0.3474,2.7755,False,0.2963,0.0509,1196.988,716.9,1675.0
71,historic_core,513625.0,4252625.0,44.28,0.8976,0.0147,0.3224,2.7755,False,0.2908,0.0489,1256.6175,769.7,1731.1
72,historic_core,511625.0,4252875.0,42.5185,0.9904,0.0055,0.8581,4.1237,True,0.4452,0.1188,309.232,25.0,676.3
73,historic_core,511875.0,4252875.0,42.8445,0.9648,0.0049,0.7126,4.1237,True,0.4164,0.1003,409.656,68.0,807.1
74,historic_core,512125.0,4252875.0,43.2932,0.9728,0.0051,0.6069,3.5134,False,0.3793,0.0862,555.104,176.0,989.1
75,historic_core,512375.0,4252875.0,42.4178,0.824,0.0056,0.5285,3.5134,False,0.3528,0.0754,831.701,264.9,1598.6
76,historic_core,512625.0,4252875.0,44.9265,0.8928,0.0078,0.4746,3.5134,False,0.3467,0.0687,770.155,241.0,1293.5
77,historic_core,512875.0,4252875.0,44.5787,0.9696,0.0141,0.4311,2.3314,False,0.3067,0.0632,1101.494,630.9,1631.3
78,historic_core,513125.0,4252875.0,43.0528,0.8272,0.0128,0.3932,2.5347,False,0.2904,0.0573,1402.6365,901.0,2072.1
79,historic_core,513375.0,4252875.0,42.8891,0.8384,0.0135,0.3619,2.3528,False,0.2779,0.0531,1576.213,1029.0,2158.0
80,historic_core,513625.0,4252875.0,43.9424,0.96,0.0084,0.3381,2.3528,False,0.2844,0.0497,1344.3755,851.0,1824.0
81,historic_core,511625.0,4253125.0,41.2981,1.0,0.0077,0.9039,4.1237,True,0.4541,0.1248,291.67,16.0,639.1
82,historic_core,511875.0,4253125.0,40.367,0.7744,0.0056,0.7402,4.1237,False,0.4128,0.1035,591.72,95.0,1420.2
83,historic_core,512125.0,4253125.0,42.6625,0.976,0.0067,0.6426,4.1237,False,0.4035,0.0916,457.282,88.0,871.2
84,historic_core,512375.0,4253125.0,40.1276,0.5712,0.0085,0.5678,3.5134,False,0.3476,0.0802,1125.3085,347.0,2711.0
85,historic_core,512875.0,4253125.0,41.1894,0.512,0.0146,0.4521,3.5134,False,0.3184,0.0654,1359.67,447.8,2937.2
86,historic_core,513125.0,4253125.0,42.2279,0.9024,0.0156,0.4143,2.5347,False,0.3024,0.0611,1211.2535,786.0,1687.0
87,historic_core,513375.0,4253125.0,43.0555,0.6944,0.0529,0.3825,2.3528,False,0.2773,0.0738,1634.522,1001.0,2471.0
88,historic_core,511875.0,4253375.0,40.6575,0.8016,0.0091,0.829,4.1237,False,0.4326,0.1153,489.325,61.0,1134.7
89,historic_core,512125.0,4253375.0,41.9569,0.7424,0.0081,0.7001,4.1237,False,0.404,0.0985,640.491,106.0,1566.4
90,historic_core,512375.0,4253375.0,40.1032,0.536,0.0091,0.6017,3.5134,False,0.3542,0.0848,1112.5995,328.9,2774.2
91,historic_core,512625.0,4253375.0,40.3086,0.5776,0.0091,0.5369,3.5134,False,0.3406,0.0762,1161.472,368.0,2705.1
92,historic_core,513125.0,4253375.0,41.5863,0.7648,0.0134,0.4412,2.5347,False,0.2965,0.0636,1444.6645,777.0,2355.3
93,historic_core,513375.0,4253375.0,43.6412,0.9216,0.019,0.4048,2.3644,False,0.2976,0.0607,1238.324,823.0,1701.1
94,historic_core,511875.0,4253625.0,40.2338,0.8304,0.0108,0.8919,4.1237,True,0.446,0.1234,423.9285,38.0,941.3
95,historic_core,512125.0,4253625.0,42.3548,0.7856,0.0115,0.7626,4.1237,True,0.4197,0.1072,531.022,79.0,1228.1
96,historic_core,512375.0,4253625.0,41.0673,0.7648,0.0105,0.6608,4.1237,False,0.3972,0.0938,662.779,117.0,1556.8
97,historic_core,512875.0,4253625.0,40.0803,0.5488,0.0131,0.5201,3.5134,False,0.3359,0.0745,1216.27,395.6,2801.0
98,historic_core,513125.0,4253625.0,42.6594,0.9504,0.0142,0.4719,3.5134,False,0.3507,0.0696,717.871,226.0,1178.0
99,historic_core,513375.0,4253625.0,44.0271,0.8656,0.0254,0.43,2.3644,False,0.2998,0.0658,1269.1995,789.9,1772.0
100,historic_core,512125.0,4253875.0,41.4137,0.9536,0.011,0.8591,4.1237,True,0.4451,0.1196,332.5245,32.0,726.1
101,historic_core,512375.0,4253875.0,42.2962,0.9808,0.0099,0.7324,4.1237,True,0.4221,0.1036,382.592,59.0,761.1
102,historic_core,512625.0,4253875.0,42.0335,0.8816,0.0116,0.6357,3.5134,False,0.3814,0.0906,630.589,194.0,1157.0
103,historic_core,512875.0,4253875.0,42.5984,0.9008,0.0136,0.5651,3.5134,False,0.3674,0.0816,670.123,217.0,1180.2
104,historic_core,513125.0,4253875.0,42.7368,0.9008,0.016,0.5034,3.5134,False,0.3544,0.0739,735.054,238.0,1254.1
105,historic_core,512375.0,4254125.0,42.6344,0.9552,0.0097,0.8188,3.0766,False,0.4146,0.1139,481.0875,127.0,958.0
106,historic_core,512625.0,4254125.0,43.2146,0.9936,0.0092,0.7005,4.1237,True,0.4165,0.0994,390.048,65.0,759.0
107,historic_core,512875.0,4254125.0,43.1211,0.888,0.01,0.6036,3.5134,False,0.3745,0.0861,643.8205,199.8,1161.1
108,historic_core,512375.0,4254375.0,40.2271,0.872,0.0102,0.9085,3.0766,False,0.4292,0.125,533.034,76.0,1175.0
109,historic_core,512625.0,4254375.0,43.4861,0.9728,0.0104,0.7462,3.0766,False,0.4001,0.1048,506.772,174.0,946.1
110,grid_residential,519625.0,4236125.0,44.8807,0.5312,0.1826,0.053,3.0998,False,0.2759,0.1786,1695.2375,551.9,3148.1
111,grid_residential,519125.0,4236375.0,44.8268,0.6128,0.2868,0.0544,3.0998,False,0.3218,0.2808,1298.6875,402.0,2844.1
112,grid_residential,519375.0,4236375.0,43.9663,0.6896,0.4013,0.054,3.1537,False,0.3787,0.3924,1019.811,302.0,2538.1
113,grid_residential,519625.0,4236375.0,43.5775,0.7088,1.0,0.0536,3.1537,False,0.6015,0.8673,580.272,17.0,1952.7
114,grid_residential,518625.0,4236625.0,43.3581,0.5152,0.2008,0.0558,3.0998,False,0.2808,0.1965,1674.0205,523.0,3172.6
115,grid_residential,518875.0,4236625.0,43.2853,0.6288,0.2231,0.0554,3.1537,False,0.2993,0.2185,1445.843,465.0,2927.1
116,grid_residential,518375.0,4236875.0,43.7513,0.6992,0.1826,0.0569,3.0998,False,0.2884,0.1788,1484.1755,528.9,2861.4
117,grid_residential,486625.0,4237625.0,42.3715,0.3824,0.0628,0.107,3.098,False,0.2368,0.0623,2344.2645,842.9,3498.0
118,grid_residential,524625.0,4237625.0,43.9294,0.6368,0.0804,0.0481,3.1537,False,0.2566,0.0791,1977.89,693.8,3197.1
119,grid_residential,512875.0,4237875.0,43.0535,0.3552,0.1182,0.0701,2.1975,False,0.1973,0.115,2777.1755,1417.9,3578.1
120,grid_residential,524625.0,4237875.0,43.6132,0.6128,0.0837,0.0486,3.1537,False,0.2553,0.0822,2004.9885,706.9,3222.3
121,grid_residential,524875.0,4237875.0,42.4825,0.6144,0.0837,0.0483,3.1537,False,0.2549,0.0822,2030.6085,715.0,3261.2
122,grid_residential,512125.0,4238125.0,45.0767,0.6864,0.0529,0.0727,2.5759,False,0.2308,0.0528,2339.376,1301.7,3239.1
123,grid_residential,512375.0,4238125.0,44.2159,0.6832,0.1182,0.0723,2.6311,False,0.2479,0.1157,1984.0235,958.8,3056.1
124,grid_residential,512625.0,4238125.0,43.186,0.4512,0.0957,0.0718,1.552,False,0.1646,0.0927,3233.0105,2291.6,3656.0
125,grid_residential,514875.0,4238125.0,41.6472,0.5296,0.0172,0.067,2.038,False,0.18,0.0198,3344.287,2934.9,3691.1
126,grid_residential,512375.0,4238375.0,44.4619,0.7056,0.1182,0.0735,2.6311,False,0.2503,0.1157,1934.063,942.0,3008.1
127,grid_residential,512625.0,4238375.0,43.8669,0.4272,0.0773,0.073,1.552,False,0.1572,0.0747,3339.853,2813.8,3667.0
128,grid_residential,515375.0,4238375.0,40.2787,0.464,0.014,0.0669,2.038,False,0.1721,0.017,3420.839,3036.8,3734.0
129,grid_residential,511875.0,4238625.0,46.2022,0.536,0.067,0.0758,2.6311,False,0.2232,0.0657,2411.3825,1198.0,3354.0
130,grid_residential,512125.0,4238625.0,45.0584,0.6384,0.0773,0.0753,2.6311,False,0.2339,0.0759,2242.2875,1144.9,3212.0
131,grid_residential,512375.0,4238625.0,43.1515,0.4368,0.0837,0.0748,1.552,False,0.1595,0.081,3311.4805,2689.0,3662.1
132,grid_residential,512625.0,4238625.0,43.7153,0.5392,0.1005,0.0742,1.552,False,0.177,0.0976,3105.5015,2073.9,3606.0
133,grid_residential,515875.0,4238625.0,39.6158,0.7104,0.0188,0.0671,2.8271,False,0.2364,0.0247,2423.6195,1124.6,3525.2
134,grid_residential,512125.0,4238875.0,44.9081,0.5296,0.0718,0.0766,2.6311,False,0.2229,0.0703,2433.705,1199.9,3369.3
135,grid_residential,512375.0,4238875.0,41.7998,0.4192,0.0591,0.0761,1.552,False,0.1501,0.057,3479.6165,3302.0,3702.1
136,grid_residential,512125.0,4239125.0,44.2543,0.52,0.0447,0.078,2.6311,False,0.2164,0.0445,2604.9135,1333.0,3459.3
137,grid_residential,511875.0,4239375.0,45.3368,0.5184,0.0437,0.08,2.6311,False,0.217,0.0437,2570.7795,1314.9,3436.0
138,grid_residential,512125.0,4239375.0,44.2239,0.4272,0.041,0.0795,2.6311,False,0.2087,0.0409,2721.272,1374.9,3557.1
139,grid_residential,512375.0,4239625.0,41.5485,0.3232,0.1545,0.0803,1.552,False,0.1754,0.1506,3010.185,1205.5,3685.1
140,grid_residential,514125.0,4239625.0,44.5172,0.7088,0.0209,0.0754,1.9354,False,0.1992,0.0244,3118.6585,2641.9,3529.1
141,grid_residential,512375.0,4239875.0,41.7795,0.7488,0.0261,0.0818,2.6311,False,0.2344,0.0302,2408.1855,1322.8,3365.2
142,grid_residential,512625.0,4239875.0,42.684,0.52,0.0957,0.0811,1.552,False,0.1729,0.093,3172.1025,2301.5,3614.0
143,grid_residential,526125.0,4239875.0,44.1814,0.888,0.5013,0.0506,1.1835,False,0.3854,0.4888,1448.1645,274.0,3493.2
144,grid_residential,526375.0,4239875.0,44.8257,0.7408,0.1545,0.0502,1.1835,False,0.2078,0.1508,2616.05,944.7,3635.0
145,grid_residential,487375.0,4240125.0,44.3843,0.7728,0.0874,0.1326,2.3594,False,0.2438,0.0868,2012.916,1376.9,2668.1
146,grid_residential,526375.0,4240125.0,44.2123,0.5728,0.1545,0.0507,1.1835,False,0.1849,0.1506,2873.5345,1079.6,3677.1
147,grid_residential,524625.0,4240375.0,42.1003,0.7424,0.0479,0.0541,2.2627,False,0.219,0.0479,2672.7425,1883.8,3440.1
148,grid_residential,487625.0,4240625.0,42.0794,0.5648,0.0574,0.1371,2.3594,False,0.2142,0.058,2630.367,1679.9,3265.2
149,grid_residential,487875.0,4240625.0,42.5785,0.7888,0.0693,0.1341,2.3594,False,0.2407,0.0698,2138.3835,1505.8,2759.0
150,grid_residential,511875.0,4240625.0,42.8628,0.576,0.0139,0.0882,2.2301,False,0.1966,0.0194,3065.745,2305.9,3564.1
151,grid_residential,520375.0,4240625.0,45.5217,0.848,0.5013,0.0637,2.3317,True,0.4129,0.4892,988.2235,268.0,2391.3
152,grid_residential,487875.0,4240875.0,43.5868,0.6992,0.067,0.1375,2.3594,False,0.2311,0.0674,2300.06,1569.9,2888.1
153,grid_residential,510875.0,4240875.0,43.694,0.5584,0.0144,0.0931,2.1769,False,0.1931,0.0197,3111.723,2468.9,3551.0
154,grid_residential,512375.0,4240875.0,43.6945,0.728,0.0279,0.0883,1.552,False,0.1875,0.03,3243.007,2640.6,3604.0
155,grid_residential,520625.0,4240875.0,45.0239,0.7296,0.4013,0.0638,2.3317,False,0.3569,0.3925,1241.3635,313.9,2726.0
156,grid_residential,515125.0,4241125.0,44.3348,0.336,0.1116,0.0812,1.552,False,0.1609,0.1084,3189.459,1886.4,3671.0
157,grid_residential,520375.0,4241125.0,43.3704,0.3712,1.0,0.0652,2.5576,False,0.5816,0.8682,928.4555,97.0,2927.3
158,grid_residential,527625.0,4241125.0,45.0646,0.4768,0.0574,0.0505,1.1835,False,0.1399,0.0551,3471.791,3147.8,3737.1
159,grid_residential,527875.0,4241125.0,43.3337,0.7152,0.0574,0.05,1.1835,False,0.1741,0.056,3266.913,2572.0,3709.0
160,grid_residential,510625.0,4241375.0,43.6086,0.7392,0.0107,0.0981,1.862,False,0.2001,0.0197,3142.005,2611.8,3502.0
161,grid_residential,511625.0,4241375.0,42.339,0.736,0.007,0.0948,2.1312,False,0.2096,0.0188,2966.362,2393.9,3490.2
162,grid_residential,527625.0,4241375.0,45.0732,0.4576,0.0591,0.0509,1.1835,False,0.1378,0.0567,3477.93,3170.9,3740.0
163,grid_residential,527875.0,4241375.0,44.1888,0.3248,0.0574,0.0505,1.1835,False,0.1204,0.0547,3584.089,3446.9,3759.0
164,grid_residential,487875.0,4241625.0,41.4038,0.4128,0.1058,0.1519,2.3594,False,0.2151,0.1043,2506.962,1419.6,3373.1
165,grid_residential,512625.0,4241625.0,43.8525,0.5952,0.0447,0.0928,1.552,False,0.1721,0.0441,3329.204,2943.0,3592.0
166,grid_residential,510375.0,4241875.0,45.5196,0.7264,0.0151,0.1038,1.862,False,0.2008,0.022,3067.079,2543.7,3431.1
167,grid_residential,512375.0,4241875.0,44.2669,0.6704,0.0228,0.0958,1.552,False,0.1796,0.0256,3311.702,2828.9,3599.0
168,grid_residential,510875.0,4242125.0,44.21,0.5152,0.0103,0.1045,1.862,False,0.1736,0.0172,3380.521,3150.0,3609.0
169,grid_residential,487875.0,4242375.0,42.8668,0.496,0.0957,0.1707,2.4563,False,0.2275,0.0953,2301.7725,1319.9,3169.1
170,grid_residential,510875.0,4242375.0,43.823,0.7072,0.0112,0.1071,1.862,False,0.197,0.0201,3165.2565,2711.5,3476.1
171,grid_residential,511125.0,4242375.0,43.604,0.7232,0.0101,0.106,1.862,False,0.1987,0.0198,3152.362,2669.9,3487.1
172,grid_residential,513125.0,4242375.0,42.4688,0.3392,0.0372,0.0961,1.552,False,0.14,0.0362,3587.1125,3443.0,3716.0
173,grid_residential,513375.0,4242375.0,43.1733,0.5632,0.0372,0.0952,1.552,False,0.1662,0.0371,3408.068,3092.0,3619.0
174,grid_residential,487875.0,4242625.0,42.0433,0.3696,0.1339,0.1783,2.4563,False,0.2309,0.1323,2240.9565,1088.0,3346.0
175,grid_residential,511125.0,4242625.0,43.8484,0.7408,0.0157,0.1086,1.862,False,0.2021,0.0228,3094.4335,2577.6,3430.0
176,grid_residential,513375.0,4242625.0,41.2955,0.52,0.0372,0.0974,1.552,False,0.1594,0.037,3475.688,3228.9,3669.0
177,grid_residential,513625.0,4242625.0,42.6196,0.408,0.0219,0.0966,1.552,False,0.1447,0.0228,3587.622,3431.0,3714.0
178,grid_residential,512875.0,4242875.0,40.2386,0.3888,0.0163,0.1015,1.552,False,0.1407,0.0187,3624.3475,3460.0,3748.0
179,grid_residential,488125.0,4243125.0,42.4508,0.7376,0.0205,0.1951,2.4563,False,0.2388,0.0341,2229.154,1568.8,2854.2
180,grid_residential,512875.0,4243125.0,41.8633,0.4048,0.0163,0.1038,1.552,False,0.1439,0.019,3598.8875,3437.9,3726.0
181,grid_residential,488375.0,4243375.0,41.5607,0.7056,0.0173,0.2035,2.4563,False,0.2359,0.0333,2299.846,1590.9,2998.2
182,grid_residential,488625.0,4243625.0,42.2522,0.632,0.0136,0.2119,2.3251,False,0.2238,0.0321,2502.325,1818.9,3176.1
183,grid_residential,511875.0,4243875.0,44.7301,0.3936,0.0394,0.1181,2.2231,False,0.1878,0.04,3014.3265,2097.0,3548.0
184,grid_residential,512375.0,4243875.0,44.4728,0.608,0.012,0.1143,2.2231,False,0.203,0.0206,2919.5095,2236.7,3408.0
185,grid_residential,488125.0,4244125.0,42.0789,0.48,0.0251,0.2419,2.4563,False,0.224,0.0403,2452.4785,1558.9,3360.0
186,grid_residential,511625.0,4244125.0,45.435,0.616,0.1058,0.1232,2.2231,False,0.2249,0.1039,2330.237,1368.0,3031.2
187,grid_residential,519375.0,4244125.0,40.9359,0.5312,0.0574,0.0797,2.5576,False,0.2144,0.0565,2672.663,1415.6,3508.0
188,grid_residential,520125.0,4244125.0,42.5671,0.4432,1.0,0.0775,2.5576,False,0.587,0.8698,876.2005,87.0,2784.5
189,grid_residential,520375.0,4244125.0,43.7148,0.5504,1.0,0.0768,2.5576,False,0.5911,0.8699,791.7945,67.0,2530.6
190,grid_residential,508875.0,4244375.0,45.5265,0.5952,0.0957,0.1466,1.763,False,0.202,0.0944,2754.6775,1779.4,3244.1
191,grid_residential,510875.0,4244375.0,45.3458,0.5984,0.4013,0.1329,1.8687,False,0.3439,0.3936,1526.6375,327.0,3012.0
192,grid_residential,487125.0,4244625.0,43.3514,0.5744,0.4013,0.2864,2.4563,False,0.3907,0.3966,963.142,316.0,2179.2
193,grid_residential,519375.0,4244625.0,40.849,0.624,0.0437,0.0825,2.5576,False,0.2207,0.0441,2617.0025,1450.0,3466.1
194,grid_residential,520375.0,4244625.0,44.9999,0.6192,0.6678,0.0794,2.5576,False,0.4853,0.6464,960.695,204.0,2511.9
195,grid_residential,487375.0,4244875.0,43.3999,0.6272,0.2231,0.3017,2.4563,False,0.3111,0.2227,1214.413,504.0,2204.6
196,grid_residential,519625.0,4244875.0,41.8079,0.6656,0.0287,0.0833,2.5576,False,0.2229,0.0314,2605.2445,1496.0,3449.1
197,grid_residential,520125.0,4244875.0,44.4269,0.7792,0.0394,0.0816,2.5576,False,0.2377,0.0413,2249.7565,1338.9,3143.3
198,grid_residential,520625.0,4244875.0,44.3499,0.632,0.1182,0.08,3.3346,False,0.2766,0.116,1691.579,526.8,2996.4
199,grid_residential,487375.0,4245125.0,41.9922,0.6096,0.3345,0.3253,2.4563,False,0.3671,0.3321,971.0405,372.0,1995.1
200,grid_residential,488875.0,4245125.0,41.3292,0.5104,0.067,0.3046,2.1912,False,0.2368,0.0765,2244.8785,1422.8,3166.0
201,grid_residential,489125.0,4245125.0,42.2767,0.4496,0.1116,0.2995,2.1912,False,0.2433,0.1156,2084.5875,1283.9,3169.0
202,grid_residential,519625.0,4245125.0,41.158,0.3552,0.0402,0.0848,2.5576,False,0.1984,0.0399,2917.8245,1531.9,3660.0
203,grid_residential,520125.0,4245125.0,41.3862,0.736,0.0402,0.0831,2.5576,False,0.2319,0.0417,2431.8715,1415.8,3335.0
204,grid_residential,520375.0,4245125.0,43.8335,0.6208,0.6678,0.0822,2.5576,False,0.4856,0.6466,966.8585,205.0,2533.1
205,grid_residential,488625.0,4245375.0,42.9414,0.4928,0.0515,0.3339,2.1912,False,0.2406,0.0672,2213.3115,1304.0,3201.1
206,grid_residential,488875.0,4245375.0,41.7686,0.6864,0.041,0.3291,2.1912,False,0.2536,0.0602,2020.3865,1301.7,2771.1
207,grid_residential,489125.0,4245375.0,41.5536,0.5072,0.0591,0.3233,2.1912,False,0.2398,0.0718,2224.762,1347.8,3182.0
208,grid_residential,509375.0,4245375.0,45.7236,0.5984,0.067,0.1666,1.763,False,0.1984,0.0678,2851.878,2220.9,3258.1
209,grid_residential,520375.0,4245375.0,42.8896,0.6272,0.041,0.0837,3.3346,False,0.2589,0.0429,2056.463,631.9,3286.0
210,grid_residential,520625.0,4245375.0,41.8721,0.4016,0.049,0.0827,3.3346,False,0.2451,0.0492,2306.3245,693.8,3551.0
211,grid_residential,487875.0,4245625.0,41.5757,0.424,0.0648,0.3825,2.4563,False,0.2631,0.0817,1926.3895,1039.7,3241.0
212,grid_residential,488875.0,4245625.0,41.5745,0.552,0.0359,0.3577,2.1912,False,0.2481,0.06,2167.4265,1208.0,3148.4
213,grid_residential,489125.0,4245625.0,41.8806,0.4496,0.0251,0.3512,2.1912,False,0.2366,0.0537,2348.116,1255.8,3379.0
214,grid_residential,519875.0,4245625.0,39.1449,0.368,0.0591,0.0871,2.5576,False,0.2021,0.0578,2842.6105,1448.0,3641.2
215,grid_residential,520125.0,4245625.0,41.8676,0.6384,0.0591,0.0862,2.5576,False,0.2258,0.0586,2479.1825,1358.0,3339.0
216,grid_residential,488875.0,4245875.0,42.144,0.568,0.0402,0.3918,2.1912,False,0.26,0.0665,2010.2015,1033.8,3039.0
217,grid_residential,489125.0,4245875.0,41.1778,0.5296,0.0197,0.3843,2.1912,False,0.2507,0.0563,2187.766,1091.0,3263.1
218,grid_residential,490375.0,4245875.0,41.8048,0.6768,0.0069,0.3476,2.9213,False,0.2803,0.0498,1620.1265,827.8,2714.3
219,grid_residential,513375.0,4245875.0,43.5615,0.7376,0.0062,0.1372,1.7343,False,0.1986,0.0214,3110.603,2617.0,3459.1
220,grid_residential,520375.0,4245875.0,40.5493,0.4064,0.6678,0.0867,3.3346,False,0.4946,0.6467,945.7105,181.0,2920.0
221,grid_residential,524125.0,4245875.0,41.2261,0.4032,0.0387,0.0715,2.3139,False,0.1866,0.038,3110.5785,1978.4,3675.0
222,grid_residential,488125.0,4246125.0,40.0941,0.48,0.6678,0.4604,2.9979,False,0.5845,0.6607,497.365,129.0,1017.8
223,grid_residential,490375.0,4246125.0,42.992,0.4512,0.0125,0.3802,3.4996,False,0.2985,0.055,1550.3755,500.7,3128.2
224,grid_residential,490875.0,4246125.0,41.3995,0.5152,0.0419,0.3682,2.8408,False,0.2764,0.0651,1731.0375,889.9,3042.2
225,grid_residential,517625.0,4246125.0,43.9072,0.4576,0.5013,0.1006,2.5576,False,0.4027,0.4899,1240.369,285.0,3007.1
226,grid_residential,517875.0,4246125.0,45.0773,0.5328,0.251,0.0986,2.5576,False,0.2839,0.246,1648.112,474.0,3028.1
227,grid_residential,518125.0,4246125.0,44.645,0.504,0.2231,0.0977,2.5576,False,0.2694,0.2186,1784.933,515.0,3111.1
228,grid_residential,523875.0,4246125.0,41.9485,0.4768,0.0245,0.0734,3.3346,False,0.2446,0.0282,2341.1725,712.9,3560.1
229,grid_residential,488375.0,4246375.0,39.3708,0.3936,0.1435,0.5045,2.1912,False,0.3101,0.1565,1544.85,661.9,3190.0
230,grid_residential,488875.0,4246375.0,41.7484,0.4896,0.0314,0.4846,2.1912,False,0.2801,0.0739,1909.153,729.9,3211.3
231,grid_residential,511875.0,4246375.0,39.5846,0.3104,0.0106,0.1604,2.1937,False,0.1792,0.0225,3207.533,2406.9,3711.0
232,grid_residential,513875.0,4246375.0,45.74,0.6992,0.0102,0.1404,1.7343,False,0.1958,0.0223,3074.027,2590.9,3419.0
233,grid_residential,517875.0,4246375.0,42.8788,0.4112,0.0837,0.1009,0.9049,False,0.1283,0.0811,3444.2345,3018.7,3752.0
234,grid_residential,518125.0,4246375.0,42.463,0.384,0.0874,0.0999,0.9049,False,0.1255,0.0846,3451.662,2966.2,3757.0
235,grid_residential,518375.0,4246375.0,42.1988,0.336,0.3345,0.0989,0.9049,False,0.2564,0.3276,2323.1065,399.0,3727.0
236,grid_residential,519625.0,4246375.0,40.4803,0.3648,0.4013,0.0934,2.5576,False,0.3448,0.3929,1513.4505,335.0,3304.1
237,grid_residential,520125.0,4246375.0,42.7695,0.4784,0.6678,0.0911,2.5576,False,0.4806,0.6469,1083.5105,224.0,2897.3
238,grid_residential,524125.0,4246375.0,43.2175,0.6256,0.0265,0.0733,3.3346,False,0.2557,0.0307,2125.8295,653.9,3362.3
239,grid_residential,488625.0,4246625.0,41.0053,0.5072,0.4013,0.5666,2.1912,False,0.451,0.4034,761.4435,297.0,2170.0
240,grid_residential,488875.0,4246625.0,41.2641,0.3792,0.0296,0.55,2.1912,False,0.2939,0.0817,1881.058,580.8,3397.0
241,grid_residential,513875.0,4246625.0,45.4814,0.712,0.0085,0.1445,1.7343,False,0.1977,0.0224,3053.2905,2555.9,3411.1
242,grid_residential,519125.0,4246625.0,44.2065,0.6688,0.0773,0.0977,0.9049,False,0.1667,0.0754,3207.691,2500.9,3716.0
243,grid_residential,519875.0,4246625.0,44.8297,0.5184,0.5013,0.0941,0.9049,False,0.3626,0.4896,1786.8465,296.0,3634.1
244,grid_residential,488875.0,4246875.0,40.8081,0.4992,0.5013,0.6358,2.9979,False,0.5465,0.5028,442.962,149.9,676.7
245,grid_residential,489125.0,4246875.0,41.1015,0.6096,0.5013,0.6169,3.4996,False,0.5622,0.5025,322.6855,68.0,395.0
246,grid_residential,489375.0,4246875.0,41.1277,0.4544,0.0275,0.5962,3.4996,False,0.353,0.088,1150.51,336.0,2939.1
247,grid_residential,490125.0,4246875.0,42.0505,0.344,1.0,0.5405,3.4996,False,0.7267,0.9303,328.2395,10.0,692.1
248,grid_residential,490375.0,4246875.0,42.1056,0.5008,0.0744,0.5251,3.4996,False,0.3489,0.1035,1073.9,362.9,2701.2
249,grid_residential,490625.0,4246875.0,42.0807,0.48,0.0574,0.509,2.8408,False,0.3156,0.0904,1393.634,588.0,2962.0
250,grid_residential,514875.0,4246875.0,43.2179,0.7136,0.0058,0.1357,1.8529,False,0.1998,0.0211,3111.4295,2686.9,3423.3
251,grid_residential,517375.0,4246875.0,44.6973,0.6736,0.0913,0.1079,0.9049,False,0.173,0.0893,3091.1595,2215.4,3693.0
252,grid_residential,487375.0,4247125.0,38.2625,0.7168,0.0181,0.8664,2.8014,False,0.4091,0.1207,828.981,131.9,2154.5
253,grid_residential,488125.0,4247125.0,39.5679,0.6896,0.0335,0.8305,2.9979,False,0.4081,0.12,777.242,153.0,2095.0
254,grid_residential,488375.0,4247125.0,39.3264,0.52,0.0272,0.8112,2.9979,False,0.3947,0.1156,999.2345,184.0,2771.3
255,grid_residential,488625.0,4247125.0,38.5768,0.3808,0.0279,0.7824,2.9979,False,0.3823,0.112,1158.1945,220.0,3133.1
256,grid_residential,489125.0,4247125.0,39.8889,0.7264,0.0144,0.7262,3.1198,False,0.3837,0.1022,842.6225,251.0,2032.6
257,grid_residential,489375.0,4247125.0,40.3905,0.6208,0.0138,0.6975,3.1198,False,0.3714,0.0982,998.468,290.0,2510.1
258,grid_residential,488625.0,4247375.0,36.5393,0.9968,0.0188,0.9669,2.9979,True,0.4458,0.1339,425.1585,37.0,903.1
259,grid_residential,490125.0,4247375.0,39.5875,0.5808,0.0106,0.7375,3.1198,False,0.3786,0.1028,1011.2975,249.9,2642.1
260,grid_residential,490375.0,4247375.0,38.9945,0.5616,0.0113,0.7037,3.1198,False,0.3693,0.0985,1078.869,287.0,2737.0
261,grid_residential,490625.0,4247375.0,40.3583,0.4944,0.0113,0.6769,3.1198,False,0.3598,0.0948,1166.0025,318.0,2910.4
262,grid_residential,513625.0,4247375.0,43.8919,0.8416,0.006,0.1621,2.0171,False,0.2267,0.0258,2588.6215,2089.9,3010.1
263,grid_residential,516875.0,4247375.0,43.5811,0.5536,0.0099,0.1161,0.9049,False,0.1368,0.0167,3561.7125,3190.8,3758.0
264,grid_residential,490875.0,4247625.0,38.9882,0.7168,0.0127,0.8218,3.1198,False,0.405,0.1142,774.235,161.0,2030.2
265,grid_residential,491125.0,4247625.0,37.7541,0.5424,0.0158,0.8151,3.1198,False,0.3965,0.1136,974.284,180.0,2734.4
266,grid_residential,492375.0,4247875.0,40.6641,0.6848,0.0296,0.792,2.8055,False,0.3935,0.114,880.1275,195.9,2205.1
267,grid_residential,492625.0,4247875.0,42.3924,0.5088,0.0387,0.7467,2.8055,False,0.3766,0.1108,1080.631,248.0,2796.2
268,grid_residential,513125.0,4247875.0,43.2887,0.6384,0.0075,0.1829,2.0171,False,0.2051,0.0263,2911.2275,2518.9,3311.0
269,grid_residential,513375.0,4247875.0,42.25,0.4672,0.0108,0.1778,2.0171,False,0.1861,0.0253,3148.579,2609.9,3555.1
270,grid_residential,513625.0,4247875.0,42.9216,0.4432,0.0123,0.1728,2.0171,False,0.1836,0.025,3167.521,2639.9,3564.0
271,grid_residential,492375.0,4248125.0,36.2386,0.9648,0.0214,0.9673,2.8055,False,0.4415,0.1343,489.6525,45.0,1023.4
272,grid_residential,492875.0,4248125.0,39.3445,0.6416,0.0272,0.8399,2.8055,False,0.4022,0.1193,905.7945,156.0,2414.1
273,grid_residential,493125.0,4248125.0,40.5322,0.5888,0.0275,0.768,2.8055,False,0.3826,0.1102,1026.142,226.9,2620.2
274,grid_residential,493375.0,4248125.0,40.4249,0.6864,0.0209,0.7423,3.1228,False,0.3873,0.1056,851.315,236.0,2154.7
275,grid_residential,512875.0,4248125.0,43.3987,0.5664,0.0065,0.1954,2.1463,False,0.2055,0.0274,2834.0855,2245.8,3365.0
276,grid_residential,513625.0,4248125.0,45.074,0.704,0.0193,0.1785,2.0171,False,0.2147,0.0308,2708.399,2336.0,3077.0
277,grid_residential,516125.0,4248125.0,41.3476,0.568,0.0081,0.132,0.9049,False,0.1394,0.018,3552.5045,3150.9,3761.0
278,grid_residential,516625.0,4248125.0,42.6185,0.728,0.0207,0.1276,0.9049,False,0.168,0.026,3361.812,2745.6,3732.1
279,grid_residential,493125.0,4248375.0,36.1201,0.8144,0.0231,0.9356,2.8055,False,0.4293,0.1305,665.786,79.0,1579.0
280,grid_residential,494375.0,4248375.0,35.9438,0.9648,0.0195,0.9714,3.1228,True,0.4477,0.1345,422.6955,36.0,896.1
281,grid_residential,494625.0,4248375.0,37.6644,0.7344,0.0258,0.91,3.1228,False,0.4281,0.128,664.7295,89.0,1813.4
282,grid_residential,512875.0,4248375.0,43.4214,0.744,0.0072,0.2032,2.1463,False,0.2263,0.03,2510.3535,2122.9,2965.0
283,grid_residential,513625.0,4248375.0,44.2471,0.3456,0.0197,0.1843,2.5646,False,0.2097,0.0304,2650.6755,1493.0,3552.0
284,grid_residential,515875.0,4248375.0,40.088,0.5712,0.0068,0.1384,0.9049,False,0.14,0.0185,3546.3165,3118.9,3763.0
285,grid_residential,514125.0,4248625.0,43.1793,0.6672,0.0242,0.1773,1.9391,False,0.2063,0.0332,2915.2905,2518.9,3235.0
286,grid_residential,514625.0,4248625.0,42.5984,0.5504,0.008,0.1654,2.8544,False,0.2336,0.0253,2368.6225,1125.0,3325.1
287,grid_residential,514875.0,4248625.0,42.4003,0.6656,0.0064,0.1599,2.8544,False,0.2424,0.0254,2229.0785,1077.5,3144.2
288,grid_residential,515375.0,4248625.0,42.4266,0.6544,0.0062,0.1498,2.1978,False,0.2094,0.0227,2854.038,2353.9,3339.0
289,grid_residential,495625.0,4248875.0,39.5994,0.5296,0.2008,0.9034,4.6924,True,0.507,0.2332,397.056,14.0,619.1
290,grid_residential,495875.0,4248875.0,40.6343,0.632,0.2231,0.8236,4.6924,True,0.505,0.247,327.4255,16.0,485.0
291,grid_residential,496375.0,4248875.0,37.6538,0.3392,0.251,0.7121,4.6924,False,0.4804,0.2657,569.2165,42.0,2035.6
292,grid_residential,496625.0,4248875.0,39.8709,0.3856,0.251,0.6759,4.6924,True,0.4752,0.264,554.1835,46.9,1809.6
293,grid_residential,502875.0,4248875.0,40.3594,0.6128,0.0279,0.2836,3.0921,False,0.2723,0.0481,1772.689,759.9,2919.0
294,grid_residential,503125.0,4248875.0,40.0494,0.4944,0.0251,0.2933,3.1082,False,0.2661,0.0474,1907.9075,792.9,3218.0
295,grid_residential,513125.0,4248875.0,42.2782,0.4928,0.0073,0.2119,2.1463,False,0.2011,0.0292,2885.848,2180.0,3470.0
296,grid_residential,514625.0,4248875.0,42.4518,0.7392,0.0079,0.1693,2.8544,False,0.2507,0.0274,2062.1455,1017.7,2922.2
297,grid_residential,515125.0,4248875.0,42.333,0.7264,0.0054,0.1581,2.8544,False,0.2476,0.0257,2133.627,1051.7,3022.2
298,grid_residential,496125.0,4249125.0,37.5487,0.5536,0.251,0.9171,4.6924,False,0.5289,0.2767,345.826,10.0,468.2
299,grid_residential,496375.0,4249125.0,39.0899,0.4688,0.251,0.8576,4.6924,True,0.5152,0.2733,411.5665,16.0,704.5
300,grid_residential,502625.0,4249125.0,45.2232,0.4528,0.0314,0.3011,3.0921,False,0.2677,0.0514,1808.9415,742.3,3180.2
301,grid_residential,502875.0,4249125.0,44.4747,0.608,0.0353,0.3046,3.1082,False,0.2798,0.0546,1597.14,677.8,2774.1
302,grid_residential,503125.0,4249125.0,44.4333,0.552,0.0279,0.3139,3.1082,False,0.2764,0.0515,1677.1715,712.9,2955.6
303,grid_residential,512375.0,4249125.0,42.9736,0.6624,0.0109,0.2485,2.2997,False,0.2328,0.0362,2325.515,1668.9,3009.0
304,grid_residential,512625.0,4249125.0,43.2409,0.6144,0.0076,0.2387,2.2997,False,0.2257,0.0339,2440.9665,1727.9,3155.0
305,grid_residential,515125.0,4249125.0,41.176,0.6656,0.0056,0.162,2.4748,False,0.2244,0.0247,2548.047,1653.9,3280.1
306,grid_residential,502125.0,4249375.0,43.1232,0.7312,0.0114,0.3149,3.0921,False,0.2859,0.0466,1492.4135,661.9,2468.1
307,grid_residential,502375.0,4249375.0,43.6832,0.5936,0.0145,0.3178,3.0921,False,0.2767,0.047,1678.093,728.5,2895.3
308,grid_residential,503125.0,4249375.0,44.826,0.7008,0.0268,0.3369,3.1082,False,0.2921,0.0544,1392.0115,605.2,2398.1
309,grid_residential,504625.0,4249375.0,42.6121,0.6896,0.0051,0.41,3.0036,False,0.2988,0.0583,1393.778,672.7,2553.1
310,grid_residential,512375.0,4249375.0,43.1393,0.736,0.0101,0.2607,2.2997,False,0.2428,0.0381,2143.7,1585.0,2793.1
311,grid_residential,502375.0,4249625.0,44.5497,0.4176,0.03,0.3435,0.0,False,0.1713,0.0539,2984.7905,1462.0,3775.0
312,grid_residential,499875.0,4249875.0,42.4969,0.704,0.012,0.5239,2.449,False,0.311,0.0744,1409.588,587.9,2535.7
313,grid_residential,500125.0,4249875.0,42.4501,0.7152,0.0109,0.4771,2.9589,False,0.3162,0.0683,1228.807,590.0,2349.3
314,grid_residential,501125.0,4249875.0,42.41,0.6704,0.0112,0.436,2.8867,False,0.3003,0.0625,1410.3275,707.0,2603.1
315,grid_residential,501375.0,4249875.0,42.4313,0.4944,0.0957,0.4208,2.8867,False,0.304,0.1098,1386.0325,733.0,2859.0
316,grid_residential,501625.0,4249875.0,41.8581,0.5456,0.0773,0.4023,2.8867,False,0.2973,0.0935,1441.204,768.0,2777.2
317,grid_residential,502125.0,4249875.0,42.6997,0.568,0.0239,0.3596,0.0,False,0.1904,0.0537,2861.4735,1349.9,3775.0
318,grid_residential,502375.0,4249875.0,43.3092,0.688,0.0379,0.3733,0.0,False,0.2115,0.0627,2629.235,1236.9,3768.0
319,grid_residential,502625.0,4249875.0,43.5463,0.7408,0.1339,0.3855,0.0,False,0.2457,0.1408,2091.6345,938.9,3731.2
320,grid_residential,502875.0,4249875.0,43.9319,0.5792,0.6678,0.3939,0.0,False,0.4885,0.658,1160.8,189.0,3588.3
321,grid_residential,503625.0,4249875.0,46.3266,0.736,0.1826,0.4363,0.0,False,0.279,0.1885,1741.336,609.0,3681.1
322,grid_residential,503875.0,4249875.0,45.6561,0.616,0.251,0.4598,2.6245,False,0.3702,0.2547,802.2865,455.0,1599.7
323,grid_residential,504125.0,4249875.0,42.5864,0.496,0.0648,0.4855,2.6245,False,0.3039,0.0924,1491.7535,668.9,2948.1
324,grid_residential,504625.0,4249875.0,42.5132,0.3728,0.0353,0.5157,2.6245,False,0.2995,0.0796,1657.6995,610.0,3289.1
325,grid_residential,504875.0,4249875.0,43.8987,0.4704,0.2868,0.51,2.6245,False,0.3908,0.2908,841.1355,409.0,2287.1
326,grid_residential,505125.0,4249875.0,44.6903,0.4848,0.4013,0.497,2.6245,False,0.4452,0.4016,686.9555,306.0,1644.3
327,grid_residential,505375.0,4249875.0,44.3936,0.744,0.0102,0.4826,2.6245,False,0.3089,0.0687,1287.8345,659.0,2262.2
328,grid_residential,505625.0,4249875.0,43.6784,0.7472,0.0098,0.5128,2.6245,False,0.3166,0.0728,1242.601,588.0,2225.0
329,grid_residential,504125.0,4250125.0,40.3425,0.4624,0.1435,0.5458,2.6245,False,0.3417,0.1594,1179.187,531.0,2808.2
330,grid_residential,505625.0,4250125.0,42.5223,0.4096,0.1826,0.5721,2.6245,False,0.3612,0.1956,1049.1275,476.9,2732.1
331,grid_residential,503125.0,4250375.0,42.5858,0.6336,0.1256,0.4946,0.0,False,0.2674,0.1401,2034.3335,744.0,3735.0
332,grid_residential,503375.0,4250375.0,42.0298,0.5888,0.1182,0.4961,0.0,False,0.2617,0.1338,2122.809,759.0,3746.1
333,grid_residential,503625.0,4250375.0,43.1038,0.5984,0.1339,0.5379,0.0,False,0.282,0.1503,1942.167,633.0,3728.2
334,grid_residential,503125.0,4250625.0,43.4977,0.5248,0.0648,0.5643,0.0,False,0.268,0.1004,2220.4605,595.9,3756.0
335,grid_residential,503375.0,4250625.0,43.0665,0.6624,0.1116,0.5662,0.0,False,0.29,0.1341,1902.5305,556.0,3720.1
336,grid_residential,514875.0,4250875.0,41.6772,0.4048,0.007,0.2094,2.1544,False,0.1934,0.0284,2982.9275,2197.7,3584.0
337,grid_residential,521625.0,4251625.0,45.5835,0.6688,0.0628,0.1158,2.0306,False,0.2104,0.0624,2712.78,2184.8,3151.1
338,grid_residential,521125.0,4252125.0,45.3812,0.6048,0.0379,0.1253,2.0306,False,0.1992,0.0397,2942.7575,2559.0,3288.0
339,grid_residential,521625.0,4252125.0,46.2607,0.6816,0.0437,0.1184,2.1684,False,0.2151,0.0451,2624.1575,2080.9,3121.0
340,grid_residential,516125.0,4252375.0,43.6303,0.4256,0.0115,0.2655,2.2604,False,0.2144,0.0373,2592.3695,1699.9,3450.1
341,grid_residential,521375.0,4252375.0,45.5079,0.3632,0.0437,0.1231,2.1684,False,0.1845,0.0439,3032.89,2194.9,3568.0
342,grid_residential,521875.0,4252625.0,45.0168,0.7808,0.03,0.1178,2.1684,False,0.2236,0.0342,2560.4235,2080.0,3053.1
343,grid_residential,522125.0,4252625.0,45.2946,0.688,0.1545,0.1147,2.1684,False,0.2445,0.1515,2017.599,815.9,2907.1
344,grid_residential,514375.0,4252875.0,42.5346,0.632,0.0112,0.3619,2.703,False,0.2723,0.0519,1745.123,986.0,2843.1
345,grid_residential,517125.0,4252875.0,41.6734,0.6672,0.0038,0.2436,2.2252,False,0.2275,0.0344,2465.13,1813.9,3132.3
346,grid_residential,522375.0,4252875.0,40.948,0.384,0.0718,0.1128,2.1684,False,0.1875,0.0702,3022.881,2081.8,3559.0
347,grid_residential,522625.0,4252875.0,41.0622,0.376,0.0394,0.1098,2.1684,False,0.1799,0.0395,3212.712,2386.8,3635.0
348,grid_residential,522875.0,4252875.0,42.6603,0.624,0.0191,0.107,2.1684,False,0.2012,0.0242,3021.3795,2454.7,3454.0
349,grid_residential,512625.0,4253125.0,41.7859,0.3744,0.0081,0.5038,3.5134,False,0.3234,0.0711,1394.969,433.8,3210.2
350,grid_residential,516875.0,4253125.0,40.6402,0.5184,0.0044,0.2663,2.2604,False,0.2195,0.0367,2581.181,1700.9,3411.1
351,grid_residential,518125.0,4253125.0,43.6742,0.6848,0.0084,0.2071,2.4977,False,0.236,0.0307,2254.3135,1525.7,2971.3
352,grid_residential,519875.0,4253125.0,46.0344,0.7456,0.0128,0.1549,2.1774,False,0.2226,0.0261,2531.959,2110.9,2968.0
353,grid_residential,522875.0,4253125.0,42.9814,0.4384,0.0231,0.1079,2.1684,False,0.1834,0.0257,3198.6715,2471.6,3594.0
354,grid_residential,523125.0,4253125.0,42.352,0.6608,0.0095,0.1052,2.1684,False,0.2037,0.0193,3014.2915,2453.0,3483.0
355,grid_residential,513625.0,4253375.0,43.5752,0.5792,0.0693,0.3999,2.3528,False,0.2765,0.0869,1689.8305,949.0,2765.0
356,grid_residential,522125.0,4253375.0,43.8637,0.5296,0.2231,0.1179,2.0061,False,0.2497,0.2188,2101.3335,531.0,3160.0
357,grid_residential,523125.0,4253375.0,41.0183,0.6192,0.0079,0.1059,2.0061,False,0.1905,0.018,3254.171,2866.9,3615.1
358,grid_residential,513875.0,4253625.0,43.6156,0.7808,0.0359,0.4589,2.703,False,0.3131,0.0737,1161.9915,700.9,1885.2
359,grid_residential,518875.0,4253625.0,46.1601,0.7168,0.0353,0.1874,1.9553,False,0.2184,0.0422,2592.891,2143.8,2964.1
360,grid_residential,519875.0,4253625.0,42.1751,0.6864,0.0151,0.1597,2.0306,False,0.208,0.0267,2923.2065,2544.0,3288.0
361,grid_residential,520125.0,4253625.0,42.4799,0.4,0.0184,0.1539,2.0306,False,0.1779,0.0257,3250.847,2721.9,3611.0
362,grid_residential,521875.0,4253625.0,45.4376,0.7232,0.3345,0.1224,2.0061,False,0.3216,0.3282,1451.5335,374.0,2747.0
363,grid_residential,522125.0,4253625.0,45.1409,0.8048,0.1256,0.1188,2.0061,False,0.2423,0.1234,2069.639,1017.0,2880.1
364,grid_residential,523125.0,4253625.0,42.328,0.7232,0.0098,0.1065,2.0061,False,0.2041,0.02,3082.2585,2647.0,3490.0
365,grid_residential,513375.0,4253875.0,43.7103,0.7664,0.0529,0.4812,2.3644,False,0.3104,0.0849,1259.696,674.0,1962.0
366,grid_residential,513625.0,4253875.0,43.5566,0.7072,0.0305,0.4967,2.3644,False,0.3051,0.0758,1424.0335,651.9,2417.0
367,grid_residential,513875.0,4253875.0,41.6616,0.5648,0.0804,0.5067,1.1312,False,0.272,0.1049,2119.139,710.9,3596.0
368,grid_residential,518375.0,4253875.0,44.5309,0.592,0.0083,0.2093,2.0521,False,0.2073,0.0296,2790.8665,2222.6,3305.0
369,grid_residential,518625.0,4253875.0,46.4325,0.7456,0.1674,0.1997,1.9553,False,0.2606,0.1658,1745.2615,667.8,2478.5
370,grid_residential,518875.0,4253875.0,46.6397,0.5424,0.1058,0.1909,1.9553,False,0.2165,0.1054,2440.5475,1406.7,3088.0
371,grid_residential,521125.0,4253875.0,46.3641,0.4928,0.0205,0.1354,2.0306,False,0.1868,0.0258,3087.289,2624.8,3488.1
372,grid_residential,522875.0,4253875.0,44.4394,0.7488,0.0172,0.11,2.0061,False,0.2098,0.0241,2930.88,2469.9,3310.1
373,grid_residential,523625.0,4253875.0,47.473,0.7296,0.0108,0.1017,2.0061,False,0.2079,0.0201,2878.788,2350.0,3340.1
374,grid_residential,513375.0,4254125.0,43.4045,0.7808,0.0305,0.5459,2.3644,False,0.324,0.0824,1210.225,532.0,2005.0
375,grid_residential,513875.0,4254125.0,44.3901,0.7392,0.0216,0.5796,1.1312,False,0.2978,0.0836,1903.628,505.0,3578.3
376,grid_residential,517125.0,4254125.0,41.1691,0.6928,0.003,0.2825,2.1581,False,0.2354,0.0397,2361.434,1587.9,3082.1
377,grid_residential,517375.0,4254125.0,41.8586,0.7216,0.0032,0.2653,2.2249,False,0.2377,0.0376,2284.967,1658.7,2950.0
378,grid_residential,518625.0,4254125.0,46.2697,0.5312,0.0874,0.2034,1.9553,False,0.2123,0.0884,2529.279,1692.9,3146.0
379,grid_residential,523375.0,4254125.0,45.4742,0.68,0.0186,0.1048,2.0061,False,0.2017,0.0239,3012.9405,2616.0,3385.0
380,grid_residential,523625.0,4254125.0,47.0008,0.704,0.0193,0.1022,2.0061,False,0.2056,0.0245,2910.017,2443.9,3342.0
381,grid_residential,523875.0,4254125.0,46.6728,0.6064,0.0158,0.0997,2.0061,False,0.1931,0.0211,3088.717,2692.0,3470.0
382,grid_residential,524375.0,4254125.0,43.9805,0.5264,0.0163,0.095,2.0061,False,0.1817,0.0203,3293.143,2933.0,3585.0
383,grid_residential,517125.0,4254375.0,41.3075,0.7152,0.003,0.2913,2.2249,False,0.2424,0.0411,2220.5565,1504.8,2964.1
384,grid_residential,518625.0,4254375.0,44.1785,0.6672,0.0157,0.2066,1.9553,False,0.2116,0.0319,2780.96,2256.8,3197.1
385,grid_residential,518875.0,4254375.0,45.71,0.4112,0.2231,0.1969,1.9553,False,0.2525,0.2199,2016.019,528.9,3225.0
386,grid_residential,518375.0,4254625.0,42.753,0.7008,0.0068,0.2206,1.9553,False,0.2162,0.0315,2742.642,2141.7,3234.0
387,grid_residential,518625.0,4254625.0,43.0726,0.7392,0.0155,0.2093,1.9553,False,0.22,0.0328,2683.6775,2176.9,3119.0
388,grid_residential,518875.0,4254625.0,45.4713,0.5664,0.0543,0.1991,1.9553,False,0.2065,0.0581,2714.0645,2074.9,3194.0
389,grid_residential,519125.0,4254625.0,45.588,0.4304,0.3345,0.1899,1.9553,False,0.3097,0.3292,1664.9485,385.0,3139.1
390,grid_residential,519875.0,4254625.0,45.9293,0.7248,0.0402,0.1665,2.1761,False,0.226,0.0449,2397.0755,2032.0,2811.0
391,grid_residential,520375.0,4254625.0,45.9574,0.624,0.0242,0.1539,2.1761,False,0.2102,0.0311,2708.3915,2186.0,3192.1
392,grid_residential,522625.0,4254625.0,46.0051,0.52,0.0234,0.1145,2.1667,False,0.1938,0.0268,2989.776,2301.8,3452.1
393,grid_residential,522875.0,4254625.0,46.1969,0.656,0.0287,0.1114,2.0061,False,0.2015,0.0316,2952.0255,2572.7,3319.0
394,grid_residential,525625.0,4254625.0,42.5804,0.592,1.0,0.0853,2.0061,False,0.5837,0.8708,959.345,83.0,2822.1
395,grid_residential,515375.0,4254875.0,43.66,0.5936,0.0283,0.588,2.6278,False,0.3308,0.0869,1287.5445,468.0,2679.0
396,grid_residential,518375.0,4254875.0,42.6308,0.7376,0.0089,0.223,1.9553,False,0.2212,0.0325,2665.6235,2088.8,3181.0
397,grid_residential,518875.0,4254875.0,45.1523,0.648,0.1545,0.2009,1.9553,False,0.2447,0.1531,2014.004,869.8,2745.1
398,grid_residential,519125.0,4254875.0,46.2524,0.6752,0.3345,0.1913,1.9553,False,0.3279,0.3293,1373.0115,373.0,2528.0
399,grid_residential,519375.0,4254875.0,47.1443,0.568,0.3345,0.1827,1.9553,False,0.3185,0.3291,1517.0295,379.0,2827.1
400,grid_residential,519625.0,4254875.0,45.9358,0.5536,0.2868,0.1748,2.1761,False,0.2988,0.2822,1549.1155,431.0,2776.2
401,grid_residential,521875.0,4254875.0,47.1455,0.48,1.0,0.1256,2.1667,True,0.5927,0.8757,881.8155,86.0,2683.8
402,grid_residential,522125.0,4254875.0,46.0367,0.5856,0.2008,0.1218,2.1667,False,0.2535,0.197,1936.977,566.0,2950.1
403,grid_residential,522875.0,4254875.0,44.6405,0.4144,0.0201,0.1116,2.1667,False,0.1825,0.0235,3168.7885,2430.4,3594.0
404,grid_residential,523125.0,4254875.0,43.8133,0.4256,0.0245,0.1086,2.1667,False,0.183,0.0267,3178.5335,2447.9,3587.0
405,grid_residential,523375.0,4254875.0,43.7294,0.3904,0.0226,0.1057,2.1667,False,0.1795,0.0249,3227.515,2473.9,3629.0
406,grid_residential,523625.0,4254875.0,45.7009,0.5232,0.019,0.103,2.1667,False,0.1921,0.0229,3047.54,2356.8,3501.0
407,grid_residential,525375.0,4254875.0,44.6452,0.3792,0.4013,0.0873,2.0061,False,0.328,0.3927,1744.6975,343.0,3377.0
408,grid_residential,518625.0,4255125.0,44.1877,0.752,0.0804,0.2127,1.948,False,0.2351,0.0829,2225.692,1774.9,2707.1
409,grid_residential,518875.0,4255125.0,44.6351,0.8432,0.0359,0.202,1.948,False,0.2353,0.0447,2317.634,1840.0,2825.0
410,grid_residential,519125.0,4255125.0,44.6975,0.512,0.3345,0.1923,1.948,False,0.3148,0.3292,1597.338,383.0,2963.0
411,grid_residential,519625.0,4255125.0,45.5786,0.656,0.4013,0.1755,1.3968,False,0.342,0.3943,1565.6945,321.0,3299.1
412,grid_residential,520875.0,4255125.0,46.2364,0.6208,0.1674,0.144,2.1761,False,0.2471,0.1645,1959.926,719.0,2796.0
413,grid_residential,521125.0,4255125.0,46.8203,0.712,0.6678,0.139,2.0054,True,0.4891,0.6489,985.082,198.0,2470.4
414,grid_residential,521375.0,4255125.0,45.8285,0.6768,0.0127,0.1343,2.0054,False,0.2042,0.0229,2932.917,2573.0,3288.0
415,grid_residential,522375.0,4255125.0,45.582,0.6656,1.0,0.1184,2.1667,False,0.5975,0.875,768.463,57.0,2346.0
416,grid_residential,522625.0,4255125.0,45.8184,0.5264,0.0169,0.115,2.1667,False,0.1935,0.0224,3014.3005,2349.0,3474.0
417,grid_residential,523125.0,4255125.0,44.4255,0.52,0.0341,0.1088,2.1667,False,0.1936,0.0353,3015.7675,2300.9,3454.0
418,grid_residential,523625.0,4255125.0,43.4453,0.3712,0.033,0.1032,2.1667,False,0.1791,0.0334,3211.387,2405.5,3629.1
419,grid_residential,523875.0,4255125.0,44.7583,0.6272,0.0251,0.1006,2.1667,False,0.2029,0.0282,2931.4285,2324.0,3390.0
420,grid_residential,524125.0,4255125.0,44.5748,0.3408,0.0201,0.0981,2.1667,False,0.1754,0.0222,3258.8665,2463.8,3665.0
421,grid_residential,525125.0,4255125.0,43.276,0.4832,0.0744,0.0893,2.0061,False,0.1869,0.0725,3061.432,2353.0,3497.1
422,grid_residential,525375.0,4255125.0,43.5379,0.7248,0.1545,0.0874,2.0061,False,0.2378,0.1512,2206.457,858.6,3159.0
423,grid_residential,525625.0,4255125.0,44.8208,0.5664,0.251,0.0855,2.0061,False,0.2625,0.2458,1990.65,486.0,3229.0
424,grid_residential,516375.0,4255375.0,43.2077,0.6528,0.0186,0.4099,1.948,False,0.2599,0.0598,2109.7715,972.9,3068.0
425,grid_residential,516625.0,4255375.0,43.5225,0.744,0.0161,0.3718,1.948,False,0.2577,0.0543,2074.746,1109.0,2951.2
426,grid_residential,517375.0,4255375.0,43.2318,0.6112,0.0081,0.2908,1.948,False,0.2222,0.0407,2593.325,1607.8,3272.1
427,grid_residential,517625.0,4255375.0,44.0802,0.5808,0.0143,0.2711,1.948,False,0.2156,0.0392,2667.057,1745.9,3293.0
428,grid_residential,518375.0,4255375.0,43.6692,0.6784,0.0146,0.2253,1.948,False,0.2158,0.0339,2715.3735,2087.9,3187.0
429,grid_residential,518625.0,4255375.0,42.3679,0.7392,0.0149,0.2133,1.948,False,0.22,0.033,2699.516,2166.9,3170.0
430,grid_residential,519125.0,4255375.0,42.0156,0.6288,0.019,0.1927,1.948,False,0.2035,0.0315,2960.0965,2494.9,3356.1
431,grid_residential,519375.0,4255375.0,41.756,0.4192,0.0168,0.1839,1.3968,False,0.1516,0.0274,3442.2975,2982.8,3706.0
432,grid_residential,519625.0,4255375.0,43.9385,0.7056,0.0113,0.1758,1.3968,False,0.1879,0.0262,3142.7085,2515.0,3594.0
433,grid_residential,520875.0,4255375.0,45.2132,0.7248,0.0126,0.1441,1.3968,False,0.1867,0.0234,3176.554,2581.0,3603.0
434,grid_residential,522625.0,4255375.0,45.5808,0.6496,0.6678,0.1151,2.1667,False,0.4847,0.6479,1024.7375,205.0,2536.1
435,grid_residential,523875.0,4255375.0,45.524,0.568,0.0324,0.1006,2.1667,False,0.1982,0.0338,2942.991,2259.8,3416.0
436,grid_residential,516875.0,4255625.0,43.1696,0.6512,0.0353,0.3396,1.948,False,0.2431,0.0577,2262.263,1307.0,3018.1
437,grid_residential,517125.0,4255625.0,42.0572,0.5936,0.049,0.3131,1.948,False,0.2325,0.0634,2398.285,1447.9,3128.0
438,grid_residential,517375.0,4255625.0,43.2191,0.5472,0.0219,0.2904,1.948,False,0.2178,0.0444,2638.7925,1626.0,3327.3
439,grid_residential,518875.0,4255625.0,41.8286,0.6992,0.017,0.2024,1.948,False,0.2131,0.0322,2823.0725,2321.6,3243.0
440,grid_residential,519125.0,4255625.0,43.1798,0.6416,0.0221,0.1926,1.3968,False,0.183,0.0327,3164.7875,2566.8,3593.0
441,grid_residential,519375.0,4255625.0,44.0611,0.712,0.0212,0.1838,1.3968,False,0.1916,0.0318,3072.856,2441.0,3570.0
442,grid_residential,523375.0,4255625.0,43.0549,0.4176,0.0309,0.1059,2.1667,False,0.1825,0.0319,3187.745,2427.0,3592.0
443,grid_residential,524625.0,4255625.0,43.5543,0.5472,0.4013,0.0935,2.1667,False,0.343,0.3929,1509.1475,333.0,3053.1
444,grid_residential,517125.0,4255875.0,42.3049,0.4848,0.0591,0.3102,1.948,False,0.2242,0.0704,2490.643,1468.9,3300.1
445,grid_residential,518875.0,4255875.0,43.446,0.6512,0.0242,0.2017,1.948,False,0.2093,0.0356,2827.0825,2335.8,3210.0
446,grid_residential,519375.0,4255875.0,44.6599,0.72,0.0226,0.1833,1.4895,False,0.1967,0.0327,2997.5135,2385.0,3498.1
447,grid_residential,519875.0,4255875.0,43.5435,0.7232,0.0804,0.1679,1.4895,False,0.2052,0.0807,2778.836,2204.9,3411.1
448,grid_residential,523375.0,4255875.0,44.0154,0.5888,0.0279,0.1058,2.1667,False,0.1992,0.0304,2987.001,2357.9,3412.0
449,grid_residential,516125.0,4256125.0,42.0594,0.7472,0.0094,0.4288,2.5872,False,0.2932,0.0612,1473.8915,805.0,2431.1
450,grid_residential,517375.0,4256125.0,42.6675,0.4368,0.0773,0.2839,1.948,False,0.2175,0.0835,2525.466,1534.8,3339.0
451,grid_residential,518125.0,4256125.0,41.8203,0.3888,0.0359,0.2351,1.948,False,0.1916,0.0456,2983.5475,2100.0,3556.1
452,grid_residential,518375.0,4256125.0,43.524,0.5888,0.0428,0.2223,1.948,False,0.2097,0.0502,2736.5495,2090.0,3199.0
453,grid_residential,519625.0,4256125.0,43.2155,0.4928,0.1545,0.1744,1.4895,False,0.2027,0.1522,2655.6485,1091.3,3457.0
454,grid_residential,520125.0,4256125.0,41.8953,0.3664,0.0437,0.1605,1.4895,False,0.1502,0.0453,3439.8075,2989.2,3680.0
455,grid_residential,520375.0,4256125.0,42.6927,0.5648,0.0543,0.1544,1.4895,False,0.1747,0.0552,3230.4275,2787.8,3521.0
456,grid_residential,520875.0,4256125.0,41.9774,0.5888,0.0098,0.1434,1.4895,False,0.1684,0.0209,3405.863,3009.9,3651.0
457,grid_residential,522125.0,4256125.0,44.0089,0.7248,0.013,0.1217,2.0054,False,0.2073,0.0225,2974.4365,2579.9,3309.0
458,grid_residential,526125.0,4256125.0,42.9563,0.6944,1.0,0.0819,2.1074,False,0.5884,0.8705,846.0475,63.0,2497.2
459,grid_residential,526375.0,4256125.0,43.7977,0.5712,1.0,0.0803,2.1074,False,0.5841,0.8702,931.294,83.0,2750.1
460,grid_residential,526625.0,4256125.0,43.4958,0.544,0.4013,0.0787,2.1074,False,0.3389,0.3926,1571.167,336.0,3141.1
461,grid_residential,515375.0,4256375.0,42.2477,0.7728,0.0087,0.5673,1.853,False,0.3104,0.0797,1661.2255,516.9,3087.1
462,grid_residential,518875.0,4256375.0,43.8938,0.7184,0.0203,0.1985,1.948,False,0.2163,0.0335,2725.4455,2260.8,3098.0
463,grid_residential,519625.0,4256375.0,42.0878,0.7312,0.1674,0.1732,1.4895,False,0.2347,0.1651,2254.9095,813.0,3354.0
464,grid_residential,520125.0,4256375.0,42.3282,0.3664,0.0457,0.1596,1.4895,False,0.1508,0.047,3426.693,2946.7,3672.0
465,grid_residential,520875.0,4256375.0,41.6728,0.4784,0.0145,0.1427,1.4895,False,0.1543,0.0219,3501.474,3227.9,3688.0
466,grid_residential,522375.0,4256375.0,44.3823,0.6704,0.0287,0.1178,2.0054,False,0.2026,0.032,2989.766,2644.0,3297.0
467,grid_residential,516625.0,4256625.0,41.8461,0.7456,0.0084,0.3323,2.5872,False,0.2697,0.0478,1735.5575,1120.0,2582.0
468,grid_residential,518625.0,4256625.0,42.186,0.6832,0.016,0.2058,1.948,False,0.2119,0.0321,2830.779,2306.9,3254.1
469,grid_residential,518875.0,4256625.0,43.411,0.6832,0.0124,0.1961,1.4895,False,0.1918,0.029,3076.844,2461.8,3539.0
470,grid_residential,519125.0,4256625.0,43.8007,0.7488,0.0183,0.1872,1.4895,False,0.2002,0.031,2978.2115,2329.6,3502.1
471,grid_residential,519375.0,4256625.0,42.6192,0.64,0.0272,0.1791,1.4895,False,0.1842,0.0346,3177.7905,2652.0,3538.0
472,grid_residential,519625.0,4256625.0,40.9468,0.6832,0.041,0.1716,1.4895,False,0.1901,0.045,3118.355,2562.0,3513.0
473,grid_residential,519875.0,4256625.0,41.6683,0.6464,0.0275,0.1648,1.4895,False,0.1819,0.0337,3238.024,2737.7,3563.0
474,grid_residential,520125.0,4256625.0,41.735,0.7472,0.0457,0.1584,1.4895,False,0.1983,0.0486,3024.84,2440.0,3490.0
475,grid_residential,520375.0,4256625.0,41.9861,0.7056,0.067,0.1525,1.4895,False,0.196,0.0674,2989.038,2437.6,3464.1
476,grid_residential,520875.0,4256625.0,42.7273,0.432,0.0957,0.1419,1.4895,False,0.1678,0.0939,3164.641,2258.0,3573.0
477,grid_residential,521375.0,4256625.0,46.1846,0.6416,0.0447,0.1326,2.0054,False,0.205,0.0462,2817.4775,2461.6,3178.0
478,grid_residential,516125.0,4256875.0,41.3812,0.656,0.0082,0.3827,3.1436,False,0.2956,0.0549,1465.5625,631.9,2697.0
479,grid_residential,516625.0,4256875.0,41.0726,0.7296,0.0087,0.3229,3.1436,False,0.2883,0.0472,1502.6925,638.9,2541.0
480,grid_residential,518375.0,4256875.0,43.1379,0.672,0.0087,0.2128,1.948,False,0.2115,0.0306,2813.89,2234.8,3270.1
481,grid_residential,518875.0,4256875.0,41.9018,0.6432,0.0103,0.1934,1.4895,False,0.1847,0.0276,3179.408,2583.9,3587.1
482,grid_residential,519625.0,4256875.0,41.6672,0.5712,0.0296,0.1698,1.4895,False,0.173,0.0351,3300.7565,2842.9,3585.1
483,grid_residential,519875.0,4256875.0,40.9363,0.5968,0.0209,0.1631,1.4895,False,0.1735,0.0287,3331.1815,2891.0,3619.1
484,grid_residential,520125.0,4256875.0,41.6617,0.5776,0.0335,0.1569,1.4895,False,0.1722,0.0372,3320.96,2902.9,3580.0
485,grid_residential,520375.0,4256875.0,41.6419,0.5072,0.1182,0.1512,1.4895,False,0.1847,0.1162,2958.9635,1711.8,3506.0
486,grid_residential,520625.0,4256875.0,42.1119,0.432,0.1116,0.1458,1.4895,False,0.1735,0.1095,3074.826,1918.9,3563.1
487,grid_residential,520875.0,4256875.0,44.4694,0.7168,0.0467,0.1408,2.3014,False,0.2272,0.0491,2393.208,1749.9,2904.2
488,grid_residential,516875.0,4257125.0,41.7884,0.696,0.0094,0.2938,3.1436,False,0.2802,0.0433,1618.796,670.7,2692.2
489,grid_residential,518875.0,4257125.0,40.4513,0.4256,0.0111,0.1903,1.948,False,0.1802,0.0266,3226.021,2630.9,3635.0
490,grid_residential,519125.0,4257125.0,40.9668,0.5584,0.0085,0.1822,1.4895,False,0.1706,0.025,3328.7975,2833.9,3657.0
491,grid_residential,519375.0,4257125.0,40.8681,0.3568,0.008,0.1747,1.4895,False,0.1463,0.0226,3503.675,3174.0,3734.0
492,grid_residential,519875.0,4257125.0,42.057,0.496,0.0158,0.1613,1.4895,False,0.1603,0.0248,3426.2565,3087.0,3659.0
493,grid_residential,521125.0,4257125.0,42.6251,0.7312,0.0183,0.1351,2.3014,False,0.2225,0.0269,2608.268,1939.9,3163.0
494,grid_residential,521375.0,4257125.0,44.0167,0.7328,0.0144,0.1308,2.3014,False,0.2223,0.0246,2584.502,1926.0,3132.0
495,grid_residential,516125.0,4257375.0,42.4051,0.7184,0.0183,0.3549,2.1205,False,0.2568,0.0526,2038.9885,1185.8,2813.1
496,grid_residential,516375.0,4257375.0,42.2286,0.5712,0.0094,0.3294,3.1436,False,0.2785,0.0474,1698.1605,698.8,2975.0
497,grid_residential,516625.0,4257375.0,41.5853,0.7488,0.018,0.3067,3.1436,False,0.2883,0.0474,1472.1045,616.0,2414.4
498,grid_residential,519875.0,4257375.0,42.4782,0.6928,0.0104,0.1593,1.4895,False,0.1857,0.024,3225.184,2676.6,3582.0
499,grid_residential,520125.0,4257375.0,42.8601,0.4768,1.0,0.1535,1.4895,False,0.5836,0.8789,1096.01,88.0,3198.0
500,grid_residential,516375.0,4257625.0,42.1076,0.7136,0.0105,0.3162,2.1205,False,0.2453,0.0453,2206.689,1372.9,2943.0
501,grid_residential,516875.0,4257625.0,42.1397,0.5904,0.0131,0.2782,2.1205,False,0.2244,0.0401,2527.293,1659.0,3251.1
502,grid_residential,517125.0,4257625.0,42.008,0.6288,0.0105,0.2619,3.1436,False,0.2692,0.0389,1805.5615,725.6,2937.8
503,grid_residential,517375.0,4257625.0,42.8115,0.6288,0.0166,0.2471,3.1436,False,0.2678,0.0388,1810.775,712.9,2915.0
504,grid_residential,517625.0,4257625.0,44.5489,0.5664,0.0158,0.2338,2.2818,False,0.2213,0.0351,2477.0735,1755.9,3215.1
505,grid_residential,517875.0,4257625.0,45.2465,0.408,0.0226,0.2217,2.2818,False,0.2071,0.036,2655.2275,1802.7,3459.0
506,grid_residential,509625.0,4257875.0,43.3551,0.7328,0.0078,0.3621,2.4023,False,0.269,0.0516,1758.7485,1070.9,2594.0
507,grid_residential,509875.0,4257875.0,41.8983,0.7456,0.0248,0.3799,2.37,False,0.2757,0.0585,1686.8,1003.0,2503.3
508,grid_residential,516875.0,4257875.0,42.5516,0.6304,0.0144,0.2689,2.1205,False,0.2266,0.0394,2485.802,1708.9,3150.0
509,grid_residential,517125.0,4257875.0,42.878,0.5568,0.0181,0.2542,2.1205,False,0.2167,0.0384,2625.9375,1847.8,3290.0
510,grid_residential,519625.0,4258125.0,42.3522,0.4272,0.0061,0.158,1.4895,False,0.1509,0.0203,3494.966,3221.9,3702.0
511,grid_residential,507125.0,4258375.0,44.076,0.7424,0.0136,0.5759,2.5098,False,0.3304,0.0819,1187.0635,479.0,2197.1
512,grid_residential,510375.0,4258375.0,40.2827,0.3456,0.0067,0.3861,2.37,False,0.2445,0.0535,2269.498,1079.0,3535.0
513,grid_residential,510625.0,4258375.0,41.9622,0.6112,0.0065,0.4161,1.9412,False,0.2554,0.0581,2219.5675,967.0,3233.3
514,grid_residential,519625.0,4258375.0,42.2469,0.6976,0.0108,0.1559,1.4895,False,0.1858,0.0238,3233.4985,2679.0,3589.0
515,grid_residential,500375.0,4258625.0,39.196,0.76,1.0,0.5038,2.6955,False,0.7201,0.9258,220.9125,14.0,591.0
516,grid_residential,500625.0,4258625.0,39.6422,0.7136,0.1435,0.5432,2.6955,False,0.3585,0.1595,851.6485,520.0,1571.2
517,grid_residential,509375.0,4258625.0,43.1456,0.648,0.0079,0.2865,2.0516,False,0.229,0.0403,2458.7605,1599.9,3140.6
518,grid_residential,510375.0,4258625.0,41.5709,0.544,0.0071,0.3627,2.37,False,0.2512,0.0507,2118.1855,1147.9,3199.1
519,grid_residential,510625.0,4258625.0,42.5504,0.5072,0.0058,0.386,2.37,False,0.255,0.0538,2073.533,1041.0,3236.1
520,grid_residential,519625.0,4258625.0,43.5533,0.6256,0.016,0.1536,2.1923,False,0.2084,0.0262,2821.2305,2300.7,3281.0
521,grid_residential,500625.0,4258875.0,40.8776,0.744,1.0,0.4837,2.6955,False,0.7138,0.923,231.13,15.0,637.1
522,grid_residential,500875.0,4258875.0,42.508,0.4512,0.0773,0.4998,2.6955,False,0.3112,0.1024,1431.995,626.0,3006.2
523,grid_residential,507875.0,4258875.0,43.1711,0.72,0.0069,0.3896,2.0636,False,0.2624,0.0549,1996.552,1027.9,2857.0
524,grid_residential,510625.0,4258875.0,42.436,0.5664,0.0065,0.3581,2.37,False,0.2519,0.0501,2084.19,1157.9,3125.0
525,grid_residential,510875.0,4258875.0,43.2232,0.7424,0.0086,0.3751,1.9412,False,0.2569,0.0531,2107.781,1094.9,3019.1
526,grid_residential,519625.0,4258875.0,44.3909,0.6192,0.0437,0.1512,2.1923,False,0.2123,0.0463,2665.709,2076.0,3146.0
527,grid_residential,500625.0,4259125.0,42.4206,0.6608,1.0,0.4343,2.6955,False,0.6952,0.9162,298.0695,19.0,763.1
528,grid_residential,505125.0,4259125.0,46.2811,0.5584,0.0744,0.5872,2.6955,False,0.3428,0.1096,1112.531,453.9,2561.2
529,grid_residential,506875.0,4259125.0,44.0633,0.6592,0.0558,0.4125,2.5098,False,0.2892,0.0789,1486.1635,868.0,2465.0
530,grid_residential,507125.0,4259125.0,43.1175,0.648,0.0718,0.4074,2.5098,False,0.2903,0.0897,1470.8885,889.9,2464.1
531,grid_residential,510375.0,4259125.0,43.7728,0.7024,0.0058,0.3184,2.1772,False,0.247,0.0449,2126.1475,1338.7,2864.0
532,grid_residential,505375.0,4259375.0,45.9178,0.752,0.0268,0.508,2.2827,False,0.3092,0.0761,1337.746,617.9,2186.6
533,grid_residential,505875.0,4259375.0,46.3923,0.712,0.251,0.4683,2.2827,True,0.3682,0.255,789.821,451.0,1428.1
534,grid_residential,506125.0,4259375.0,47.1832,0.736,0.3345,0.4541,2.2827,True,0.4053,0.3354,656.703,344.0,1253.6
535,grid_residential,506375.0,4259375.0,46.4427,0.5584,0.2868,0.4325,2.2827,False,0.3639,0.2883,957.1305,412.0,2158.9
536,grid_residential,506625.0,4259375.0,45.8195,0.5536,0.3345,0.4069,2.2827,False,0.3798,0.334,924.958,370.0,2117.4
537,grid_residential,507125.0,4259375.0,46.8532,0.7504,0.0515,0.3704,2.2827,False,0.2782,0.0718,1525.546,1011.0,2147.2
538,grid_residential,509375.0,4259375.0,46.0761,0.5232,0.0251,0.2523,1.9664,False,0.2094,0.0412,2684.009,1816.2,3320.1
539,grid_residential,510875.0,4259375.0,44.187,0.7056,0.0081,0.3201,2.1772,False,0.2483,0.0455,2094.537,1323.8,2827.2
540,grid_residential,504625.0,4259625.0,44.8503,0.6576,0.0242,0.43,2.2827,False,0.2794,0.0645,1698.25,849.9,2731.1
541,grid_residential,506375.0,4259625.0,46.6766,0.7488,0.0231,0.395,2.2827,False,0.2785,0.0598,1587.293,928.0,2359.2
542,grid_residential,506625.0,4259625.0,45.7058,0.4704,0.0467,0.3762,2.2827,False,0.2551,0.0684,1988.285,1066.7,3172.0
543,grid_residential,506875.0,4259625.0,47.1515,0.5872,0.2868,0.3559,2.2827,False,0.3457,0.2861,1045.0755,416.0,2160.6
544,grid_residential,507125.0,4259625.0,47.2583,0.5632,0.1674,0.3394,2.2827,False,0.2882,0.1701,1430.5465,653.0,2591.1
545,grid_residential,507375.0,4259625.0,46.627,0.552,0.0744,0.3333,2.4446,False,0.2632,0.0852,1756.376,1134.0,2829.3
546,grid_residential,509375.0,4259625.0,44.6035,0.744,0.0131,0.2418,1.9664,False,0.2278,0.036,2479.1545,1851.9,3009.0
547,grid_residential,509625.0,4259625.0,44.3052,0.7136,0.0148,0.25,1.9664,False,0.226,0.0374,2509.5135,1830.9,3053.1
548,grid_residential,509875.0,4259625.0,45.3216,0.5472,0.0149,0.2604,1.9664,False,0.2115,0.0378,2688.093,1805.0,3329.2
549,grid_residential,510125.0,4259625.0,45.2723,0.4448,0.0148,0.2707,2.1772,False,0.2147,0.039,2569.776,1673.0,3401.2
550,grid_residential,504625.0,4259875.0,44.1116,0.6896,0.0169,0.3913,2.2827,False,0.27,0.0571,1792.1195,980.0,2705.1
551,grid_residential,509375.0,4259875.0,45.2759,0.7248,0.0145,0.232,1.9664,False,0.2242,0.0351,2523.469,1906.9,3027.0
552,grid_residential,509625.0,4259875.0,45.644,0.7376,0.2868,0.2386,1.9664,False,0.3188,0.2834,1273.5925,411.0,2200.2
553,grid_residential,509875.0,4259875.0,46.1254,0.6496,0.1116,0.2474,2.2009,False,0.251,0.1135,1847.251,1185.7,2526.1
554,grid_residential,496375.0,4260125.0,42.7316,0.5664,0.0479,0.2033,2.1739,False,0.2145,0.053,2610.6375,2061.0,3193.0
555,grid_residential,504375.0,4260125.0,46.4024,0.6192,0.1116,0.3495,2.2827,False,0.2762,0.1187,1557.445,1039.6,2511.3
556,grid_residential,504625.0,4260125.0,45.0195,0.736,0.0139,0.3583,2.2827,False,0.2657,0.0521,1786.6445,1100.0,2549.2
557,grid_residential,504875.0,4260125.0,44.0602,0.5344,0.0101,0.3665,2.2827,False,0.2495,0.0516,2116.694,1137.0,3172.0
558,grid_residential,505125.0,4260125.0,43.7273,0.7392,0.011,0.3702,2.2827,False,0.2679,0.0531,1793.8885,1057.0,2578.0
559,grid_residential,509625.0,4260125.0,44.0184,0.616,0.0123,0.2278,2.2009,False,0.2203,0.0334,2536.7325,1917.0,3164.1
560,grid_residential,495875.0,4260375.0,42.1102,0.6336,0.014,0.2142,2.1739,False,0.2175,0.0323,2652.1295,2077.0,3223.3
561,grid_residential,495125.0,4260625.0,43.577,0.432,0.0226,0.2463,2.1739,False,0.2078,0.039,2702.6825,1900.5,3449.2
562,grid_residential,495375.0,4260625.0,44.2982,0.5536,0.0143,0.2331,2.1739,False,0.2145,0.0343,2620.9735,1944.0,3282.1
563,grid_residential,502375.0,4260625.0,48.0278,0.4912,0.1256,0.2872,2.6955,False,0.2738,0.1283,1581.085,825.0,2886.4
564,grid_residential,494875.0,4260875.0,36.6522,0.8736,0.0515,0.2534,2.1739,False,0.2569,0.0612,1902.677,1478.9,2260.4
565,grid_residential,495625.0,4260875.0,42.9109,0.7104,0.0152,0.2165,2.1739,False,0.2268,0.0336,2479.267,2021.0,2990.0
566,grid_residential,504125.0,4260875.0,45.7506,0.7312,0.0209,0.2743,1.8225,False,0.2297,0.0428,2431.3245,1602.6,3171.0
567,grid_residential,495875.0,4261125.0,44.6211,0.5824,0.0216,0.2019,2.1739,False,0.2124,0.0339,2659.331,2098.9,3241.0
568,grid_residential,505875.0,4261125.0,44.2917,0.6128,0.0065,0.2641,2.2428,False,0.2288,0.0371,2371.452,1674.9,3109.1
569,grid_residential,499375.0,4261375.0,44.4364,0.5744,0.0437,0.2058,2.6955,False,0.2408,0.0503,2125.727,1199.7,3047.1
570,grid_residential,495375.0,4261625.0,42.5299,0.6416,0.1339,0.21,2.1739,False,0.2463,0.1334,1983.225,1101.9,2627.1
571,grid_residential,499125.0,4261625.0,44.0076,0.4512,0.0319,0.1925,2.6955,False,0.2266,0.0397,2391.7635,1264.9,3363.2
572,grid_residential,499375.0,4261625.0,44.4632,0.56,0.0419,0.1966,2.6955,False,0.2377,0.0481,2185.603,1209.9,3110.0
573,grid_residential,513125.0,4261625.0,41.3236,0.7488,0.1256,0.2021,2.4083,False,0.2628,0.1254,1694.3425,1026.8,2228.2
574,grid_residential,496625.0,4261875.0,42.4159,0.7424,0.0773,0.1677,2.1739,False,0.2338,0.0782,2259.721,1807.7,2654.0
575,grid_residential,498875.0,4261875.0,44.1937,0.5008,0.0319,0.1808,2.6955,False,0.2285,0.0389,2367.983,1256.8,3296.1
576,grid_residential,499375.0,4261875.0,44.3029,0.4704,0.0314,0.1881,2.6955,False,0.2273,0.039,2378.3895,1261.8,3336.1
577,grid_residential,496375.0,4262125.0,41.5381,0.8032,0.1182,0.1703,2.1739,False,0.2518,0.1174,1889.5805,1137.0,2354.1
578,grid_residential,503375.0,4262125.0,45.739,0.6128,0.0124,0.198,0.7902,False,0.1607,0.028,3251.4425,2505.9,3739.0
579,grid_residential,499125.0,4262375.0,43.9798,0.576,0.0402,0.1702,2.6955,False,0.2343,0.0449,2270.965,1230.8,3146.1
580,grid_residential,502375.0,4262625.0,46.0622,0.584,0.2868,0.1826,0.7902,False,0.2597,0.2822,2076.465,443.0,3651.0
581,grid_residential,502375.0,4262875.0,46.1199,0.4736,0.1674,0.1747,0.7902,False,0.1845,0.1647,2735.811,897.2,3714.1
582,grid_residential,502625.0,4262875.0,45.5557,0.7056,0.1182,0.174,0.7902,False,0.1944,0.1169,2717.978,1389.8,3683.0
583,grid_residential,503625.0,4262875.0,45.4807,0.7936,0.0268,0.1753,0.7902,False,0.1864,0.0347,3038.317,2238.0,3716.0
584,grid_residential,502375.0,4263125.0,46.5642,0.6832,0.0957,0.1674,0.7902,False,0.1835,0.095,2873.188,1816.6,3695.0
585,grid_residential,502625.0,4263125.0,46.1767,0.7616,0.0529,0.1668,0.7902,False,0.1848,0.0551,2986.303,2233.9,3704.0
586,grid_residential,503375.0,4263125.0,44.4142,0.6944,0.0183,0.1664,0.7902,False,0.1665,0.0276,3286.667,2637.4,3744.0
587,grid_residential,503875.0,4263125.0,45.0679,0.6864,0.0201,0.1701,0.7902,False,0.1667,0.029,3260.9625,2588.9,3739.0
588,grid_residential,502375.0,4263375.0,46.8939,0.6912,0.0957,0.1607,0.7902,False,0.1839,0.0948,2871.316,1764.8,3696.0
589,grid_residential,502875.0,4263375.0,45.2749,0.432,0.0237,0.1594,0.7902,False,0.1258,0.0285,3512.1,3079.7,3763.0
590,grid_residential,503125.0,4263625.0,44.6042,0.6768,0.0261,0.1525,1.1973,False,0.175,0.0316,3251.8535,2692.0,3649.0
591,grid_residential,503375.0,4263625.0,44.5337,0.6736,0.0163,0.154,1.1973,False,0.1734,0.0254,3281.7505,2726.9,3662.0
592,grid_residential,502875.0,4263875.0,45.3727,0.6016,0.0515,0.1477,1.1973,False,0.1682,0.0523,3228.12,2692.9,3638.0
593,grid_residential,503625.0,4263875.0,44.3186,0.6768,0.0251,0.1499,1.6569,False,0.192,0.0311,3117.915,2668.0,3430.1
594,grid_residential,503875.0,4264125.0,45.5445,0.5376,0.0114,0.146,1.6569,False,0.1729,0.0216,3289.4485,2933.9,3566.0
595,grid_residential,504125.0,4264125.0,45.0951,0.7456,0.0096,0.1471,1.6569,False,0.1994,0.0232,3036.6785,2498.0,3444.0
596,grid_residential,503875.0,4264375.0,44.7711,0.68,0.0265,0.141,1.4432,False,0.183,0.0312,3210.862,2702.9,3565.0
597,grid_residential,503875.0,4264625.0,45.6372,0.7088,0.0139,0.1363,1.4432,False,0.1855,0.0231,3190.0855,2634.6,3582.0
598,grid_residential,504125.0,4264625.0,45.0056,0.6032,0.0115,0.1372,1.4432,False,0.17,0.0209,3349.2095,2926.8,3627.0
599,grid_residential,504125.0,4264875.0,45.3107,0.664,0.0165,0.1327,2.0845,False,0.2061,0.0247,2881.553,2490.0,3263.0
600,grid_residential,504375.0,4265375.0,45.4053,0.7168,0.0228,0.125,1.6619,False,0.1947,0.028,3100.5405,2579.8,3442.1
601,apartment_block,515125.0,4238375.0,42.3962,0.9376,0.0114,0.0673,2.038,False,0.2299,0.0221,2652.7615,1691.9,3519.0
602,apartment_block,514875.0,4238625.0,42.6748,0.992,0.0072,0.0689,2.2019,False,0.2424,0.0222,2279.7545,1158.9,3403.2
603,apartment_block,515125.0,4238625.0,42.9014,0.9952,0.008,0.0684,2.038,False,0.2373,0.022,2452.2815,1240.5,3464.1
604,apartment_block,515375.0,4238625.0,40.331,0.76,0.0102,0.068,2.038,False,0.206,0.0188,3086.1525,2505.9,3665.1
605,apartment_block,516125.0,4238625.0,40.735,0.848,0.0261,0.0666,2.8271,False,0.2516,0.0312,2101.8065,997.0,3301.0
606,apartment_block,514625.0,4238875.0,42.2248,0.9008,0.0094,0.0706,2.2019,False,0.2312,0.0212,2571.3165,1775.9,3471.0
607,apartment_block,514875.0,4238875.0,42.2607,0.9488,0.0065,0.07,2.038,False,0.2309,0.0209,2637.484,1636.7,3529.1
608,apartment_block,515125.0,4238875.0,42.4476,1.0,0.0065,0.0695,2.038,False,0.2376,0.0218,2455.537,1231.6,3481.2
609,apartment_block,515375.0,4238875.0,42.4835,0.9552,0.0078,0.0691,2.8271,False,0.2611,0.0232,1864.7365,841.4,3147.9
610,apartment_block,515625.0,4238875.0,41.9316,0.984,0.0102,0.0686,2.8271,False,0.2642,0.0243,1796.72,753.7,3123.5
611,apartment_block,515875.0,4238875.0,41.4521,0.824,0.015,0.0681,2.8271,False,0.2479,0.0239,2184.819,1029.0,3361.1
612,apartment_block,514625.0,4239125.0,43.4199,0.992,0.0084,0.0717,2.2019,False,0.243,0.0225,2233.175,1131.6,3312.1
613,apartment_block,514875.0,4239125.0,42.7436,0.9872,0.0074,0.0711,2.2019,False,0.242,0.0222,2288.769,1198.9,3386.1
614,apartment_block,515125.0,4239125.0,42.9413,0.9984,0.0075,0.0706,2.2019,False,0.2434,0.0224,2237.307,1087.0,3359.2
615,apartment_block,515375.0,4239125.0,43.1586,0.9952,0.0087,0.0702,2.8271,False,0.2658,0.0241,1725.968,688.4,3024.4
616,apartment_block,515625.0,4239125.0,42.3266,1.0,0.0115,0.0697,2.8271,False,0.2664,0.025,1731.9215,666.8,3067.0
617,apartment_block,514625.0,4239375.0,43.8789,0.9776,0.01,0.0728,1.9354,False,0.2326,0.0222,2583.4355,1438.2,3457.3
618,apartment_block,514875.0,4239375.0,43.2481,0.9856,0.0085,0.0723,1.9354,False,0.2331,0.0219,2590.057,1398.5,3493.1
619,apartment_block,515125.0,4239375.0,42.5125,1.0,0.01,0.0718,1.9354,False,0.2349,0.0226,2555.6245,1280.0,3507.1
620,apartment_block,515625.0,4239375.0,43.4145,0.9024,0.015,0.0708,2.8271,False,0.257,0.025,1937.5375,914.8,3089.1
621,apartment_block,513875.0,4239875.0,44.697,0.8448,0.0402,0.0774,1.9354,False,0.2201,0.0416,2737.0815,1960.6,3359.1
622,apartment_block,512125.0,4240125.0,42.2746,0.8368,0.0175,0.0841,2.6311,False,0.2429,0.0254,2241.818,1248.5,3274.1
623,apartment_block,512375.0,4240125.0,43.0363,0.904,0.0203,0.0834,2.6311,False,0.251,0.0279,2035.0075,1131.9,3111.2
624,apartment_block,512625.0,4240125.0,43.8339,0.8432,0.0609,0.0826,1.552,False,0.2096,0.0604,2856.2235,1909.8,3516.1
625,apartment_block,511875.0,4240375.0,42.0877,0.7776,0.0152,0.0865,2.6311,False,0.2364,0.0235,2380.6605,1322.8,3345.1
626,apartment_block,512125.0,4240375.0,42.2619,0.848,0.0155,0.0857,2.2301,False,0.2277,0.0236,2611.295,1904.0,3398.0
627,apartment_block,512375.0,4240375.0,42.8397,0.9344,0.0228,0.085,2.2301,False,0.2396,0.0292,2305.5485,1477.8,3273.0
628,apartment_block,512625.0,4240375.0,44.681,0.9392,0.0296,0.0842,1.552,False,0.2188,0.0333,2775.672,1622.9,3539.0
629,apartment_block,511375.0,4240625.0,42.9292,0.888,0.013,0.0897,2.6311,False,0.2487,0.024,2099.96,1170.9,3151.2
630,apartment_block,511625.0,4240625.0,43.5505,0.8128,0.0112,0.089,2.6311,False,0.2404,0.0222,2266.7345,1271.0,3223.1
631,apartment_block,512125.0,4240625.0,42.7464,0.8,0.0157,0.0874,2.2301,False,0.2222,0.0232,2700.795,2028.5,3396.2
632,apartment_block,512375.0,4240625.0,43.1451,0.8352,0.019,0.0866,2.2301,False,0.2271,0.0255,2591.081,1929.9,3329.0
633,apartment_block,512625.0,4240625.0,45.1503,0.9632,0.1058,0.0858,1.552,False,0.2383,0.104,2214.4795,797.8,3371.1
634,apartment_block,512875.0,4240625.0,45.261,0.8576,0.0558,0.0849,1.552,False,0.2118,0.0558,2798.839,1808.9,3484.2
635,apartment_block,511125.0,4240875.0,43.0477,0.9664,0.0096,0.0924,2.1769,False,0.2406,0.0231,2315.6705,1345.8,3265.1
636,apartment_block,511375.0,4240875.0,42.6864,0.9184,0.0091,0.0916,2.1769,False,0.2343,0.0222,2489.403,1685.0,3337.0
637,apartment_block,511625.0,4240875.0,43.6137,0.8736,0.0089,0.0908,2.1312,False,0.2273,0.0213,2638.1845,1942.9,3339.0
638,apartment_block,511875.0,4240875.0,44.1187,0.8032,0.0105,0.09,2.1312,False,0.2188,0.0207,2778.316,2222.9,3375.0
639,apartment_block,512125.0,4240875.0,44.8916,0.9312,0.0145,0.0892,2.1312,False,0.2358,0.0243,2386.4,1525.9,3216.0
640,apartment_block,512625.0,4240875.0,44.7437,0.8416,0.1005,0.0875,1.552,False,0.2197,0.0985,2556.522,1412.9,3417.0
641,apartment_block,512875.0,4240875.0,44.1269,0.776,0.1058,0.0866,1.552,False,0.2114,0.1035,2685.9285,1562.3,3445.2
642,apartment_block,510875.0,4241125.0,44.3022,0.7552,0.0098,0.0952,2.1769,False,0.2154,0.0201,2801.472,2224.8,3360.3
643,apartment_block,511125.0,4241125.0,43.8439,0.9552,0.0075,0.0944,2.1769,False,0.2395,0.0225,2319.2085,1424.9,3207.2
644,apartment_block,511375.0,4241125.0,43.0748,0.9392,0.0068,0.0936,2.1312,False,0.2353,0.022,2470.841,1597.9,3314.2
645,apartment_block,511625.0,4241125.0,42.6132,0.9184,0.0071,0.0928,2.1312,False,0.2324,0.0216,2555.928,1735.0,3366.1
646,apartment_block,511875.0,4241125.0,43.4356,0.9216,0.0097,0.0919,2.1312,False,0.2334,0.0223,2502.914,1686.2,3300.6
647,apartment_block,512125.0,4241125.0,44.7134,0.968,0.0147,0.091,2.1312,False,0.2405,0.025,2264.9765,1277.9,3177.2
648,apartment_block,512375.0,4241125.0,44.5371,0.9104,0.041,0.0901,1.552,False,0.2168,0.0428,2780.326,1695.0,3493.0
649,apartment_block,512625.0,4241125.0,43.8904,0.7504,0.0467,0.0892,1.552,False,0.194,0.0468,3108.9975,2435.5,3547.0
650,apartment_block,510875.0,4241375.0,43.765,0.9056,0.0076,0.0974,2.1769,False,0.2335,0.0219,2469.3445,1726.8,3236.1
651,apartment_block,511125.0,4241375.0,44.511,0.9984,0.0059,0.0965,2.1312,False,0.2436,0.023,2188.4355,1087.9,3159.0
652,apartment_block,511875.0,4241375.0,42.6056,0.9168,0.008,0.0939,2.1312,False,0.2324,0.0219,2554.096,1740.9,3352.2
653,apartment_block,512125.0,4241375.0,43.5773,0.9232,0.0214,0.0929,1.552,False,0.2154,0.0274,2886.269,1841.0,3552.0
654,apartment_block,512375.0,4241375.0,43.7203,0.8416,0.0319,0.0919,1.552,False,0.205,0.0344,3019.8635,2175.7,3547.1
655,apartment_block,512625.0,4241375.0,43.898,0.8304,0.0467,0.091,1.552,False,0.2058,0.0473,2956.443,2119.5,3514.1
656,apartment_block,510625.0,4241625.0,43.6741,0.9648,0.0097,0.1005,1.862,False,0.2306,0.023,2634.042,1531.0,3385.1
657,apartment_block,510875.0,4241625.0,43.6289,0.8416,0.007,0.0996,1.862,False,0.2135,0.0202,2963.8215,2218.7,3456.1
658,apartment_block,511125.0,4241625.0,44.4443,1.0,0.0059,0.0988,1.9172,False,0.2369,0.0227,2440.844,1226.0,3322.0
659,apartment_block,511625.0,4241625.0,43.0551,0.9024,0.0065,0.0969,2.1312,False,0.2309,0.0215,2575.1885,1805.2,3310.0
660,apartment_block,511875.0,4241625.0,43.0792,0.9584,0.0081,0.0959,2.1312,False,0.2381,0.0227,2396.24,1456.6,3281.1
661,apartment_block,512125.0,4241625.0,42.9432,0.8656,0.0128,0.0949,1.552,False,0.2057,0.0217,3064.331,2177.0,3598.1
662,apartment_block,512375.0,4241625.0,43.4773,0.9808,0.0296,0.0939,1.552,False,0.225,0.0341,2672.3105,1394.4,3522.0
663,apartment_block,510625.0,4241875.0,44.8059,0.8464,0.0106,0.1029,1.862,False,0.2155,0.0215,2889.369,2125.0,3401.0
664,apartment_block,510875.0,4241875.0,44.0066,0.7648,0.0139,0.102,1.862,False,0.2045,0.0217,3069.4145,2486.6,3450.0
665,apartment_block,511125.0,4241875.0,43.8008,0.9584,0.0062,0.1011,1.9172,False,0.2312,0.0222,2614.03,1562.0,3350.1
666,apartment_block,511375.0,4241875.0,43.335,1.0,0.0064,0.1001,1.9172,False,0.2365,0.0228,2486.377,1255.2,3352.1
667,apartment_block,511625.0,4241875.0,42.9343,1.0,0.006,0.0991,1.9172,False,0.2362,0.0227,2509.898,1265.8,3387.1
668,apartment_block,512125.0,4241875.0,43.3941,0.944,0.0102,0.0969,1.552,False,0.2172,0.0221,2873.0395,1766.9,3569.0
669,apartment_block,510375.0,4242125.0,43.8767,0.9712,0.016,0.1064,1.862,False,0.2329,0.026,2554.147,1440.9,3324.0
670,apartment_block,510625.0,4242125.0,44.4405,0.8752,0.0131,0.1055,1.862,False,0.2198,0.0231,2823.3935,2007.8,3369.0
671,apartment_block,511125.0,4242125.0,43.2129,0.8912,0.0079,0.1035,1.862,False,0.2204,0.0214,2855.8845,1982.9,3433.1
672,apartment_block,511375.0,4242125.0,43.1436,0.9728,0.0071,0.1024,1.9172,False,0.2331,0.0226,2587.6495,1474.9,3362.0
673,apartment_block,511625.0,4242125.0,43.1851,1.0,0.0075,0.1013,1.9172,False,0.2367,0.0231,2483.226,1244.2,3351.0
674,apartment_block,511875.0,4242125.0,43.0999,0.9856,0.0081,0.1002,1.9172,False,0.2347,0.023,2546.501,1381.7,3369.1
675,apartment_block,512125.0,4242125.0,43.1601,0.992,0.0126,0.099,1.552,False,0.2246,0.0239,2723.94,1462.6,3557.0
676,apartment_block,512375.0,4242125.0,43.907,0.7568,0.03,0.0979,1.552,False,0.193,0.0323,3164.3715,2498.0,3548.1
677,apartment_block,511375.0,4242375.0,43.4397,0.944,0.0099,0.1049,1.9172,False,0.23,0.023,2649.7415,1654.9,3338.1
678,apartment_block,511625.0,4242375.0,42.7934,0.8496,0.0118,0.1037,1.9172,False,0.2172,0.0222,2914.2275,2183.1,3423.0
679,apartment_block,511875.0,4242375.0,43.2461,0.9888,0.0126,0.1025,1.9172,False,0.236,0.0246,2496.8455,1308.6,3324.1
680,apartment_block,512125.0,4242375.0,42.6907,0.9008,0.0158,0.1012,1.552,False,0.2117,0.0241,2973.0325,1987.8,3571.1
681,apartment_block,511625.0,4242625.0,43.5593,1.0,0.0135,0.1061,1.9172,False,0.2381,0.0253,2419.645,1179.9,3278.1
682,apartment_block,511875.0,4242625.0,43.2778,0.992,0.0261,0.1048,1.552,False,0.227,0.0321,2632.477,1341.8,3503.0
683,apartment_block,511875.0,4242875.0,44.0133,0.9952,0.0283,0.1073,1.552,False,0.2284,0.0338,2573.9985,1271.6,3476.0
684,apartment_block,511875.0,4243125.0,44.5338,1.0,0.03,0.1099,2.2231,False,0.2517,0.036,1908.4835,863.9,2887.3
685,apartment_block,488125.0,4243375.0,41.724,0.824,0.0216,0.205,2.4563,False,0.2496,0.0365,2017.869,1464.0,2572.1
686,apartment_block,512375.0,4243375.0,43.5393,0.8464,0.0152,0.1092,2.2231,False,0.23,0.0247,2509.3395,1891.9,3157.1
687,apartment_block,512625.0,4243375.0,42.9146,0.8768,0.0144,0.1075,2.2231,False,0.2331,0.0245,2462.925,1803.9,3175.1
688,apartment_block,488125.0,4243625.0,41.8309,0.7888,0.0221,0.216,2.4563,False,0.2477,0.0376,2052.9865,1488.9,2643.0
689,apartment_block,488375.0,4243625.0,42.138,0.984,0.0153,0.2143,2.4563,False,0.2682,0.0363,1580.751,857.8,2216.1
690,apartment_block,512375.0,4243625.0,42.6364,0.8576,0.0129,0.1117,2.2231,False,0.2309,0.0239,2519.5865,1865.8,3187.1
691,apartment_block,488125.0,4243875.0,42.2989,0.776,0.0359,0.2282,2.4563,False,0.251,0.0472,1956.682,1459.9,2505.2
692,apartment_block,488375.0,4243875.0,42.8541,0.8416,0.0151,0.2262,2.4563,False,0.2545,0.0362,1891.659,1403.9,2418.2
693,apartment_block,512625.0,4243875.0,43.4131,0.7792,0.012,0.1131,2.2231,False,0.2217,0.0225,2673.586,2061.8,3236.1
694,apartment_block,510625.0,4244375.0,46.0492,0.9872,0.0591,0.135,1.8687,False,0.2468,0.0611,2027.522,878.5,3032.0
695,apartment_block,519375.0,4244375.0,41.0636,0.9504,0.0379,0.081,2.5576,False,0.2553,0.0414,1936.378,1017.8,3123.2
696,apartment_block,519625.0,4244375.0,41.0586,0.9104,0.0353,0.0803,2.5576,False,0.2502,0.0388,2067.312,1205.9,3198.6
697,apartment_block,519875.0,4244375.0,41.3622,0.7696,0.0379,0.0796,2.5576,False,0.2349,0.0398,2385.312,1399.8,3329.1
698,apartment_block,511625.0,4244625.0,45.6247,0.8208,0.0258,0.1298,1.9975,False,0.2228,0.0318,2625.808,2056.0,3029.0
699,apartment_block,519625.0,4244625.0,41.5557,0.9056,0.0287,0.0817,2.5576,False,0.2489,0.0336,2100.9675,1227.0,3209.0
700,apartment_block,519875.0,4244625.0,41.842,0.7536,0.0296,0.081,2.5576,False,0.2321,0.0327,2446.8785,1447.0,3361.3
701,apartment_block,520125.0,4244625.0,42.3242,0.776,0.0437,0.0802,2.5576,False,0.237,0.045,2309.5615,1356.8,3242.0
702,apartment_block,487125.0,4244875.0,44.2554,0.7568,1.0,0.3078,2.4563,False,0.6559,0.8993,387.1965,23.0,1181.1
703,apartment_block,511125.0,4244875.0,44.1833,0.9264,0.0095,0.1385,1.9975,False,0.2344,0.0253,2451.4885,1646.8,3036.1
704,apartment_block,511625.0,4244875.0,44.7377,0.84,0.0106,0.1334,2.128,False,0.2281,0.0243,2526.755,2005.0,2989.0
705,apartment_block,512625.0,4244875.0,42.2142,0.9552,0.0166,0.1266,1.98,False,0.2362,0.0275,2480.525,1518.9,3177.2
706,apartment_block,519875.0,4244875.0,42.3619,0.8048,0.0248,0.0825,2.5576,False,0.2373,0.0296,2345.213,1403.9,3298.0
707,apartment_block,511625.0,4245125.0,45.1519,0.896,0.0101,0.1371,2.128,False,0.2357,0.0252,2337.6335,1689.0,2853.0
708,apartment_block,511875.0,4245125.0,44.2366,0.8736,0.0265,0.1344,2.0826,False,0.2327,0.0333,2420.5315,1835.8,2865.0
709,apartment_block,512625.0,4245125.0,44.1651,0.9984,0.006,0.1305,1.98,False,0.2418,0.025,2272.4905,1145.1,3082.0
710,apartment_block,512875.0,4245125.0,44.2844,0.8512,0.0085,0.129,1.7343,False,0.2138,0.0227,2898.4825,2138.9,3400.1
711,apartment_block,519875.0,4245125.0,41.6296,0.8848,0.0319,0.084,2.5576,False,0.2472,0.0359,2131.555,1269.0,3194.4
712,apartment_block,520625.0,4245125.0,43.3644,0.9616,0.0457,0.0813,3.3346,False,0.2886,0.0491,1394.7065,404.7,2614.2
713,apartment_block,487625.0,4245375.0,42.3674,0.7776,1.0,0.35,2.4563,False,0.6682,0.9049,347.4175,22.0,1044.0
714,apartment_block,509125.0,4245375.0,45.7277,0.8448,0.0231,0.1688,1.763,False,0.2221,0.033,2630.5285,1976.9,3238.1
715,apartment_block,511875.0,4245375.0,44.8374,0.984,0.0176,0.139,2.0826,False,0.2463,0.0295,2062.4315,1102.9,2773.1
716,apartment_block,512875.0,4245375.0,43.3041,0.9072,0.005,0.133,1.7343,False,0.221,0.0232,2797.345,1907.9,3405.1
717,apartment_block,513125.0,4245375.0,43.2687,0.8736,0.0073,0.1312,1.7343,False,0.2164,0.023,2880.3105,2087.0,3418.1
718,apartment_block,520125.0,4245375.0,41.8371,0.8256,0.0365,0.0846,2.5576,False,0.2414,0.0392,2244.5465,1350.8,3213.5
719,apartment_block,490125.0,4245625.0,42.1317,0.928,0.0062,0.3241,2.9213,False,0.297,0.048,1203.593,615.9,1744.3
720,apartment_block,508875.0,4245625.0,44.6329,0.8512,0.0146,0.1782,1.8656,False,0.2262,0.0298,2590.816,1987.8,3146.0
721,apartment_block,509125.0,4245625.0,45.2321,0.816,0.0128,0.1759,1.763,False,0.2176,0.0284,2729.949,2129.8,3280.2
722,apartment_block,511875.0,4245625.0,45.4645,0.9328,0.0239,0.1438,2.128,False,0.2432,0.0329,2105.4095,1361.0,2676.0
723,apartment_block,512875.0,4245625.0,42.9341,0.9648,0.004,0.1372,1.98,False,0.2373,0.0248,2437.031,1473.7,3149.1
724,apartment_block,489875.0,4245875.0,41.8241,0.9168,0.006,0.3614,3.4996,False,0.3237,0.0535,968.7625,307.9,1560.3
725,apartment_block,512375.0,4245875.0,43.5639,0.9712,0.0046,0.1456,1.98,False,0.2395,0.0257,2345.997,1381.7,3054.0
726,apartment_block,512625.0,4245875.0,43.1087,0.9808,0.0035,0.1436,1.98,False,0.2402,0.0256,2345.1925,1337.0,3089.3
727,apartment_block,512875.0,4245875.0,43.1386,0.9968,0.004,0.1416,1.98,False,0.2421,0.0257,2289.628,1192.7,3091.0
728,apartment_block,489875.0,4246125.0,41.0966,0.8128,0.0067,0.3952,3.4996,False,0.3226,0.0575,1082.7905,352.0,1937.0
729,apartment_block,512125.0,4246125.0,44.8765,0.8864,0.0191,0.1526,2.1937,False,0.24,0.0304,2187.148,1659.8,2660.0
730,apartment_block,512375.0,4246125.0,43.5868,0.9632,0.0047,0.1507,2.006,False,0.24,0.0261,2313.479,1417.8,2982.1
731,apartment_block,512625.0,4246125.0,43.1415,0.9984,0.0034,0.1485,2.006,False,0.2439,0.0263,2218.7215,1159.6,3008.2
732,apartment_block,512875.0,4246125.0,42.982,1.0,0.0034,0.1463,2.006,False,0.2438,0.0261,2229.8525,1151.6,3040.0
733,apartment_block,513125.0,4246125.0,43.8062,0.9872,0.0036,0.1439,2.006,False,0.2423,0.0257,2249.472,1251.7,2994.0
734,apartment_block,513375.0,4246125.0,43.1091,0.8512,0.005,0.1415,1.7343,False,0.2142,0.0232,2903.9695,2171.8,3413.1
735,apartment_block,511625.0,4246375.0,42.3243,0.9168,0.0068,0.1622,2.1937,False,0.242,0.0272,2232.2035,1589.7,2818.4
736,apartment_block,512375.0,4246375.0,43.4413,0.9616,0.0051,0.1561,2.006,False,0.2405,0.0267,2300.388,1419.9,2969.1
737,apartment_block,512625.0,4246375.0,43.085,1.0,0.0033,0.1538,2.006,False,0.2448,0.0268,2192.368,1131.0,2993.0
738,apartment_block,512875.0,4246375.0,42.5269,1.0,0.003,0.1512,2.006,False,0.2442,0.0266,2230.41,1154.8,3047.0
739,apartment_block,513125.0,4246375.0,42.8983,1.0,0.0034,0.1486,2.006,False,0.244,0.0263,2223.2555,1148.6,3035.1
740,apartment_block,513375.0,4246375.0,42.9198,1.0,0.004,0.1459,1.7343,False,0.2351,0.0257,2487.382,1293.9,3365.0
741,apartment_block,519875.0,4246375.0,40.1985,0.8096,0.5013,0.0923,2.5576,False,0.4197,0.4899,960.1755,270.0,2329.2
742,apartment_block,511625.0,4246625.0,43.7871,0.9248,0.006,0.1688,2.1937,False,0.2444,0.0279,2120.2775,1500.0,2650.2
743,apartment_block,511875.0,4246625.0,43.7593,0.8768,0.0064,0.1667,2.1937,False,0.2384,0.0271,2270.763,1775.0,2740.4
744,apartment_block,512375.0,4246625.0,44.1123,1.0,0.0053,0.162,2.006,False,0.2465,0.0278,2104.5425,1070.9,2879.0
745,apartment_block,512625.0,4246625.0,43.5511,0.9728,0.0035,0.1593,2.006,False,0.2422,0.027,2249.153,1334.4,2951.0
746,apartment_block,512875.0,4246625.0,42.5925,0.9952,0.003,0.1565,2.006,False,0.2442,0.027,2224.924,1193.9,3021.0
747,apartment_block,513125.0,4246625.0,42.8086,0.9824,0.0032,0.1536,2.0119,False,0.2425,0.0266,2265.6395,1306.9,3011.2
748,apartment_block,513375.0,4246625.0,43.0467,1.0,0.004,0.1506,2.0119,False,0.2446,0.0266,2195.316,1130.5,2994.0
749,apartment_block,513625.0,4246625.0,44.6008,0.7696,0.0052,0.1476,1.7343,False,0.2048,0.0228,2986.2085,2441.9,3395.1
750,apartment_block,514125.0,4246625.0,44.4632,0.9248,0.0085,0.1415,2.0979,False,0.2381,0.0255,2304.066,1566.0,2863.0
751,apartment_block,514375.0,4246625.0,43.3109,0.9632,0.0089,0.1384,2.0979,False,0.2421,0.0259,2245.197,1372.8,2930.0
752,apartment_block,514625.0,4246625.0,43.4319,0.976,0.0088,0.1354,2.0979,False,0.2435,0.0258,2206.2525,1277.8,2921.1
753,apartment_block,514875.0,4246625.0,43.7157,0.864,0.0092,0.1324,1.8529,False,0.22,0.0236,2815.2205,2079.3,3313.0
754,apartment_block,515625.0,4246625.0,43.424,0.9664,0.0118,0.1237,2.0932,False,0.2412,0.0256,2279.7605,1357.0,3020.3
755,apartment_block,515875.0,4246625.0,42.0614,0.824,0.0126,0.121,2.0932,False,0.2222,0.0237,2752.428,2195.0,3290.1
756,apartment_block,516625.0,4246625.0,42.1557,0.9168,0.0091,0.1131,2.0932,False,0.2328,0.0232,2548.354,1749.6,3262.0
757,apartment_block,516875.0,4246625.0,42.756,0.9824,0.0092,0.1106,0.8773,False,0.2063,0.0225,2950.2855,1655.9,3737.0
758,apartment_block,517125.0,4246625.0,42.336,0.9184,0.0107,0.1082,0.8773,False,0.1956,0.0217,3115.5035,2011.8,3748.0
759,apartment_block,487375.0,4246875.0,40.3752,0.7744,0.0228,0.7164,2.8014,False,0.3777,0.1027,865.7085,266.0,1864.7
760,apartment_block,511125.0,4246875.0,43.9604,0.9888,0.0041,0.1796,2.1328,False,0.2515,0.0295,1952.268,1085.9,2612.0
761,apartment_block,511375.0,4246875.0,44.0926,0.9792,0.0048,0.178,2.1328,False,0.2502,0.0293,1981.284,1153.0,2616.2
762,apartment_block,512625.0,4246875.0,43.156,0.9872,0.004,0.1652,2.006,False,0.2447,0.0278,2190.34,1225.0,2942.1
763,apartment_block,512875.0,4246875.0,43.2202,0.9792,0.0032,0.1621,2.0119,False,0.2434,0.0274,2222.5695,1287.0,2946.1
764,apartment_block,513125.0,4246875.0,43.2354,0.9776,0.0035,0.1589,2.0119,False,0.2428,0.027,2240.1985,1305.9,2960.1
765,apartment_block,513375.0,4246875.0,43.1842,0.9648,0.0037,0.1555,2.0119,False,0.2407,0.0265,2300.606,1407.7,2988.2
766,apartment_block,513625.0,4246875.0,44.4301,0.9088,0.0051,0.1522,2.0119,False,0.2339,0.0255,2431.1475,1716.9,2965.1
767,apartment_block,513875.0,4246875.0,44.7451,0.8512,0.0058,0.1488,2.0979,False,0.2296,0.0247,2485.943,1973.9,2920.0
768,apartment_block,514125.0,4246875.0,44.1577,0.8448,0.0076,0.1455,2.0979,False,0.2283,0.0246,2538.3845,2027.9,2968.0
769,apartment_block,514375.0,4246875.0,43.6011,0.9232,0.0059,0.1422,2.0979,False,0.2373,0.025,2358.8855,1622.9,2927.2
770,apartment_block,514625.0,4246875.0,43.9133,0.912,0.0051,0.1389,1.8529,False,0.2268,0.0241,2671.1335,1813.1,3285.0
771,apartment_block,515125.0,4246875.0,43.5748,0.9488,0.0057,0.1325,1.8529,False,0.2309,0.0241,2601.5325,1597.8,3295.1
772,apartment_block,515375.0,4246875.0,43.8393,0.9008,0.0067,0.1294,2.0932,False,0.233,0.0237,2474.2045,1776.9,3026.1
773,apartment_block,515625.0,4246875.0,43.7925,0.9008,0.0062,0.1264,2.0932,False,0.2325,0.0234,2491.3035,1785.0,3057.1
774,apartment_block,517125.0,4246875.0,42.8638,0.8704,0.0092,0.1099,0.9049,False,0.1886,0.0206,3192.171,2234.0,3740.0
775,apartment_block,487625.0,4247125.0,37.5707,0.7504,0.0219,0.8873,2.9979,False,0.4202,0.1242,709.117,110.0,1852.0
776,apartment_block,487875.0,4247125.0,39.477,0.7904,0.0309,0.8764,2.9979,False,0.4222,0.1252,630.6445,110.0,1454.0
777,apartment_block,511125.0,4247125.0,43.885,0.7936,0.0061,0.1879,2.1328,False,0.2291,0.0284,2467.871,2073.0,2874.1
778,apartment_block,511375.0,4247125.0,43.8668,1.0,0.0054,0.186,2.1328,False,0.2539,0.0305,1890.465,990.0,2569.2
779,apartment_block,511625.0,4247125.0,42.812,0.8864,0.0079,0.1837,2.1328,False,0.2394,0.0292,2288.327,1754.9,2763.1
780,apartment_block,512625.0,4247125.0,43.8041,0.9664,0.0044,0.1715,2.0171,False,0.2436,0.0282,2190.979,1346.6,2863.1
781,apartment_block,512875.0,4247125.0,43.1646,1.0,0.0038,0.168,2.0119,False,0.2469,0.0283,2123.0105,1093.0,2909.1
782,apartment_block,513125.0,4247125.0,43.6709,1.0,0.0041,0.1644,2.0171,False,0.2468,0.0279,2106.068,1082.8,2873.1
783,apartment_block,513375.0,4247125.0,43.4266,0.9936,0.0042,0.1607,2.0119,False,0.2453,0.0275,2161.2985,1156.9,2918.0
784,apartment_block,513625.0,4247125.0,43.3106,0.8528,0.0063,0.157,2.0119,False,0.2269,0.0255,2612.686,2062.0,3063.1
785,apartment_block,513875.0,4247125.0,43.7722,0.8416,0.0073,0.1533,2.0119,False,0.2254,0.0251,2634.743,2109.6,3051.0
786,apartment_block,514125.0,4247125.0,43.6647,0.8288,0.0058,0.1497,1.9185,False,0.2195,0.0242,2790.094,2209.8,3231.1
787,apartment_block,514375.0,4247125.0,43.7271,0.92,0.0048,0.1461,1.8529,False,0.2286,0.0248,2627.9885,1768.5,3270.1
788,apartment_block,514625.0,4247125.0,44.1964,1.0,0.0044,0.1425,1.8529,False,0.239,0.0256,2359.845,1191.9,3230.0
789,apartment_block,514875.0,4247125.0,43.9372,0.9536,0.0043,0.139,1.8529,False,0.2323,0.0246,2548.2285,1547.9,3266.1
790,apartment_block,515125.0,4247125.0,44.0313,0.8432,0.0041,0.1356,1.5766,False,0.2072,0.0222,2978.515,2222.0,3493.0
791,apartment_block,515375.0,4247125.0,42.9398,0.9488,0.005,0.1322,1.5766,False,0.2215,0.0236,2774.3125,1698.7,3495.1
792,apartment_block,515625.0,4247125.0,43.0057,0.9472,0.0066,0.129,1.5766,False,0.2211,0.0235,2784.08,1710.9,3497.0
793,apartment_block,516625.0,4247125.0,41.9563,0.9696,0.0061,0.1171,0.8773,False,0.2042,0.022,2993.149,1745.0,3742.0
794,apartment_block,516875.0,4247125.0,43.2404,0.9072,0.0065,0.1143,0.8773,False,0.1944,0.0208,3113.4925,2063.0,3737.0
795,apartment_block,517375.0,4247125.0,44.2131,0.9344,0.0201,0.1107,0.9049,False,0.2013,0.027,2987.0195,1821.9,3711.0
796,apartment_block,488875.0,4247375.0,36.8357,0.9552,0.0156,0.924,2.9979,False,0.435,0.1279,483.579,65.0,1002.2
797,apartment_block,489125.0,4247375.0,38.8781,0.8656,0.0117,0.8821,3.1198,False,0.4245,0.1219,559.0385,98.0,1215.8
798,apartment_block,489375.0,4247375.0,39.724,0.9392,0.0112,0.8413,3.1198,False,0.4193,0.1169,502.029,117.0,1006.2
799,apartment_block,489625.0,4247375.0,39.9134,0.7536,0.0101,0.76,3.1198,False,0.392,0.106,783.284,218.0,1876.4
800,apartment_block,489875.0,4247375.0,40.0266,0.8064,0.01,0.7583,3.1198,False,0.3943,0.1059,718.626,214.0,1578.4
801,apartment_block,510875.0,4247375.0,43.4145,0.9472,0.0036,0.1989,2.1328,False,0.2489,0.0311,2040.534,1345.6,2592.2
802,apartment_block,511125.0,4247375.0,43.395,1.0,0.0083,0.197,2.1328,False,0.2557,0.0321,1857.9255,966.0,2534.1
803,apartment_block,511375.0,4247375.0,43.4333,1.0,0.0046,0.1948,2.1328,False,0.2549,0.0314,1881.586,992.7,2560.3
804,apartment_block,511625.0,4247375.0,44.6358,0.9872,0.0059,0.1921,2.1328,False,0.2536,0.031,1877.455,1040.8,2510.0
805,apartment_block,512625.0,4247375.0,43.8998,1.0,0.0055,0.1782,2.0171,False,0.249,0.0295,2040.5405,1047.7,2807.0
806,apartment_block,512875.0,4247375.0,42.8552,0.9856,0.0048,0.1743,2.0171,False,0.246,0.0288,2155.566,1222.0,2894.0
807,apartment_block,513125.0,4247375.0,42.6201,0.9184,0.0044,0.1702,2.0171,False,0.2368,0.0275,2401.3435,1680.9,2981.3
808,apartment_block,513375.0,4247375.0,43.3664,0.7696,0.0052,0.1661,2.0171,False,0.2179,0.0253,2753.9425,2327.7,3141.0
809,apartment_block,513875.0,4247375.0,43.4387,0.9488,0.0062,0.158,1.9185,False,0.2362,0.0267,2439.7725,1528.9,3135.2
810,apartment_block,514125.0,4247375.0,43.2626,0.9664,0.0053,0.154,1.9185,False,0.2378,0.0264,2410.2825,1417.9,3156.2
811,apartment_block,514375.0,4247375.0,42.8301,0.9696,0.0046,0.1501,1.9185,False,0.2375,0.026,2438.7445,1422.7,3195.1
812,apartment_block,514625.0,4247375.0,43.2537,1.0,0.0039,0.1462,1.8529,False,0.239,0.0259,2389.43,1227.0,3254.1
813,apartment_block,514875.0,4247375.0,43.3748,0.9904,0.0042,0.1424,1.8529,False,0.2373,0.0254,2437.083,1300.0,3262.0
814,apartment_block,515125.0,4247375.0,43.7622,1.0,0.0037,0.1387,1.8529,False,0.2383,0.0252,2399.422,1218.3,3252.0
815,apartment_block,515375.0,4247375.0,43.4543,1.0,0.0037,0.1351,1.5766,False,0.2292,0.0245,2590.8265,1338.0,3461.1
816,apartment_block,516625.0,4247375.0,42.4208,0.9936,0.0072,0.119,0.8773,False,0.2086,0.0228,2910.996,1590.5,3732.0
817,apartment_block,489625.0,4247625.0,39.7677,0.8512,0.0108,0.9126,3.1198,False,0.4301,0.1255,545.0665,74.9,1235.6
818,apartment_block,489875.0,4247625.0,40.0222,0.9504,0.0109,0.9349,3.1198,True,0.4387,0.1285,432.0835,50.0,928.1
819,apartment_block,490125.0,4247625.0,38.9129,0.9904,0.0113,0.8975,3.1198,True,0.433,0.1241,431.424,75.9,873.0
820,apartment_block,490375.0,4247625.0,38.688,0.8912,0.0123,0.8493,3.1198,False,0.4188,0.118,554.4235,119.0,1162.2
821,apartment_block,490625.0,4247625.0,40.1239,0.9216,1.0,0.8105,3.1198,False,0.8411,0.9703,45.093,6.0,139.0
822,apartment_block,511125.0,4247625.0,43.5478,0.9824,0.0037,0.2069,2.3522,False,0.262,0.0328,1682.086,982.0,2270.0
823,apartment_block,511375.0,4247625.0,44.2208,0.9472,0.0039,0.2043,2.3522,False,0.2579,0.0321,1763.199,1180.0,2292.1
824,apartment_block,511625.0,4247625.0,45.4241,1.0,0.0044,0.2012,2.1328,False,0.2567,0.0321,1780.6165,897.9,2448.1
825,apartment_block,512875.0,4247625.0,42.8197,0.976,0.0056,0.1809,2.0171,False,0.2458,0.0295,2162.571,1268.7,2875.3
826,apartment_block,513125.0,4247625.0,42.3447,0.7504,0.0085,0.1764,2.0171,False,0.2169,0.0268,2775.0245,2325.9,3199.0
827,apartment_block,513875.0,4247625.0,42.8624,0.864,0.0064,0.1629,1.9185,False,0.2255,0.0261,2680.5905,2029.9,3206.2
828,apartment_block,514125.0,4247625.0,42.9509,0.9808,0.0054,0.1585,1.9185,False,0.2402,0.027,2353.501,1318.6,3149.0
829,apartment_block,514375.0,4247625.0,42.8045,0.9664,0.0042,0.1542,1.9185,False,0.2375,0.0263,2434.616,1437.0,3188.1
830,apartment_block,514625.0,4247625.0,42.9698,0.9696,0.0036,0.1499,1.9185,False,0.2374,0.0259,2437.0235,1421.8,3192.0
831,apartment_block,514875.0,4247625.0,42.3995,0.9904,0.0038,0.1459,1.8529,False,0.2373,0.0257,2463.265,1326.7,3307.1
832,apartment_block,515375.0,4247625.0,42.9318,0.9984,0.0036,0.1381,1.5766,False,0.2291,0.0247,2605.9695,1363.7,3471.0
833,apartment_block,491625.0,4247875.0,37.2669,0.8832,0.0216,0.9454,2.8055,False,0.434,0.1315,573.6425,62.0,1265.6
834,apartment_block,491875.0,4247875.0,38.2496,0.8896,0.0234,0.8894,2.8055,False,0.4233,0.125,590.543,98.0,1251.2
835,apartment_block,492125.0,4247875.0,38.8837,0.8672,0.0251,0.8427,2.8055,False,0.4126,0.1196,639.546,135.0,1334.8
836,apartment_block,511375.0,4247875.0,44.1702,0.848,0.0034,0.2149,2.3522,False,0.2482,0.0323,1991.1075,1554.0,2471.0
837,apartment_block,511625.0,4247875.0,44.7852,0.9904,0.0039,0.2112,2.3865,False,0.2654,0.0334,1576.9545,858.0,2167.0
838,apartment_block,512125.0,4247875.0,45.0238,0.9888,0.0059,0.2026,2.2283,False,0.2588,0.0324,1718.0665,930.0,2307.3
839,apartment_block,512375.0,4247875.0,44.2051,0.9696,0.0065,0.1979,2.2283,False,0.2555,0.0317,1820.212,1107.0,2377.1
840,apartment_block,512625.0,4247875.0,43.984,0.9696,0.0057,0.193,2.2283,False,0.2546,0.0311,1850.1825,1123.9,2419.1
841,apartment_block,512875.0,4247875.0,43.841,0.864,0.0055,0.1879,2.0171,False,0.2332,0.0289,2428.0005,1894.9,2905.0
842,apartment_block,513875.0,4247875.0,43.2549,0.896,0.0084,0.1679,2.0171,False,0.2344,0.0276,2436.622,1795.9,2951.0
843,apartment_block,514125.0,4247875.0,42.6299,0.9216,0.0061,0.163,1.9185,False,0.2329,0.0268,2534.853,1723.6,3185.0
844,apartment_block,514375.0,4247875.0,43.076,0.9664,0.0042,0.1583,1.9185,False,0.2382,0.0267,2403.4545,1424.2,3153.1
845,apartment_block,514625.0,4247875.0,42.6948,0.9856,0.0041,0.1538,1.9185,False,0.2399,0.0265,2372.1915,1311.0,3184.0
846,apartment_block,514875.0,4247875.0,42.5075,1.0,0.0042,0.1493,1.9391,False,0.2419,0.0264,2319.8365,1186.7,3169.0
847,apartment_block,515125.0,4247875.0,42.2686,1.0,0.0038,0.1451,1.9391,False,0.2412,0.0259,2349.531,1200.8,3204.1
848,apartment_block,515375.0,4247875.0,41.769,1.0,0.0038,0.141,1.9391,False,0.2405,0.0256,2384.7835,1228.8,3235.0
849,apartment_block,492625.0,4248125.0,38.5948,0.8192,0.0237,0.9054,2.8055,False,0.4237,0.1269,658.0515,94.0,1530.5
850,apartment_block,493625.0,4248125.0,39.5826,0.7952,0.0169,0.7798,3.1228,False,0.4003,0.1098,701.647,194.0,1599.2
851,apartment_block,493875.0,4248125.0,38.6235,0.8272,0.0162,0.8193,3.1228,False,0.4103,0.1147,641.3155,153.0,1429.0
852,apartment_block,511375.0,4248125.0,43.9405,0.984,0.0036,0.2264,2.3865,False,0.2666,0.0351,1575.7075,916.7,2132.0
853,apartment_block,511625.0,4248125.0,44.4028,0.9984,0.0049,0.2222,2.3865,False,0.2679,0.0349,1529.939,796.8,2114.0
854,apartment_block,512625.0,4248125.0,43.4582,0.9328,0.0062,0.2011,2.2283,False,0.2512,0.0316,1949.924,1371.6,2440.3
855,apartment_block,513375.0,4248125.0,45.3205,0.9088,0.0131,0.184,2.0171,False,0.24,0.0308,2217.7235,1575.9,2740.0
856,apartment_block,513875.0,4248125.0,45.2584,0.9152,0.0101,0.173,2.0171,False,0.2388,0.0287,2258.3615,1572.0,2798.1
857,apartment_block,514125.0,4248125.0,44.1629,0.7952,0.008,0.1677,1.9185,False,0.2182,0.0261,2760.31,2250.7,3174.0
858,apartment_block,514375.0,4248125.0,42.8582,0.9488,0.0059,0.1626,1.9185,False,0.2365,0.0271,2445.848,1541.6,3157.0
859,apartment_block,514625.0,4248125.0,42.2524,0.944,0.0046,0.1576,1.9391,False,0.2355,0.0264,2487.8445,1598.7,3176.1
860,apartment_block,515125.0,4248125.0,43.0251,0.9168,0.0047,0.1483,1.9391,False,0.2311,0.0251,2581.833,1774.9,3186.0
861,apartment_block,515375.0,4248125.0,41.648,0.9328,0.0042,0.144,1.9391,False,0.232,0.0249,2599.218,1708.7,3268.0
862,apartment_block,515875.0,4248125.0,40.8946,0.8016,0.0057,0.1358,0.9049,False,0.1787,0.021,3284.548,2503.8,3746.0
863,apartment_block,493375.0,4248375.0,38.2054,0.9216,0.0178,0.909,2.8055,False,0.4275,0.1263,555.0195,81.0,1175.6
864,apartment_block,493625.0,4248375.0,36.5622,0.9552,0.0142,0.9488,3.1228,True,0.4418,0.1308,446.8765,47.0,933.1
865,apartment_block,511125.0,4248375.0,43.8651,1.0,0.0031,0.2437,2.1213,False,0.2623,0.037,1710.853,898.9,2406.1
866,apartment_block,511375.0,4248375.0,44.4282,0.9968,0.0035,0.2393,2.3865,False,0.2703,0.0368,1487.3095,778.9,2043.4
867,apartment_block,511625.0,4248375.0,44.9284,0.9952,0.0037,0.2342,2.3865,False,0.2696,0.0362,1490.6575,780.0,2047.3
868,apartment_block,512625.0,4248375.0,43.2238,0.9056,0.0064,0.2097,2.1463,False,0.2463,0.0323,2100.986,1559.8,2579.2
869,apartment_block,513375.0,4248375.0,43.0924,0.8528,0.0142,0.1905,2.5646,False,0.2543,0.0321,1902.776,1255.0,2501.0
870,apartment_block,514625.0,4248375.0,43.3748,0.9584,0.007,0.1615,1.9391,False,0.2387,0.0273,2370.4735,1443.7,3084.2
871,apartment_block,514875.0,4248375.0,43.5288,0.904,0.0055,0.1564,2.1978,False,0.2402,0.0263,2241.5275,1652.9,2777.1
872,apartment_block,515125.0,4248375.0,43.454,0.9568,0.0056,0.1515,2.1978,False,0.2461,0.0265,2100.369,1326.8,2752.3
873,apartment_block,504875.0,4248625.0,44.233,1.0,0.0047,0.3126,2.7947,False,0.2977,0.0467,1100.025,528.0,1611.2
874,apartment_block,511125.0,4248625.0,43.7406,0.9712,0.003,0.2588,2.2655,False,0.2663,0.0388,1616.0835,1029.8,2138.0
875,apartment_block,511375.0,4248625.0,44.1004,1.0,0.0031,0.2535,2.2655,False,0.2688,0.0384,1539.7125,811.9,2111.0
876,apartment_block,512375.0,4248625.0,42.6181,0.9536,0.0068,0.2262,2.1463,False,0.2546,0.0348,1921.6365,1260.0,2486.4
877,apartment_block,512625.0,4248625.0,42.7794,0.9392,0.0063,0.2188,2.1463,False,0.2516,0.0337,1987.434,1359.9,2523.2
878,apartment_block,512875.0,4248625.0,43.2656,0.7712,0.0081,0.2115,2.1463,False,0.2309,0.0314,2422.9265,2019.0,2879.1
879,apartment_block,513375.0,4248625.0,42.5342,0.9728,0.0144,0.1971,2.5646,False,0.2683,0.0341,1585.038,901.8,2257.4
880,apartment_block,515125.0,4248625.0,42.6942,0.8416,0.0061,0.1547,2.1978,False,0.2321,0.0254,2456.4845,1937.0,2956.3
881,apartment_block,515625.0,4248625.0,42.2928,0.8928,0.0053,0.1455,0.9049,False,0.1958,0.0233,3076.132,2091.8,3715.0
882,apartment_block,504625.0,4248875.0,43.9364,1.0,0.0046,0.3402,2.7947,False,0.3028,0.0503,1048.0815,505.7,1539.2
883,apartment_block,504875.0,4248875.0,43.6965,1.0,0.0043,0.3389,3.0036,False,0.3095,0.0503,983.511,444.0,1499.0
884,apartment_block,510625.0,4248875.0,43.2919,1.0,0.0029,0.2851,2.0018,False,0.2657,0.0422,1728.207,898.8,2633.5
885,apartment_block,511375.0,4248875.0,43.817,0.9984,0.0031,0.2694,2.3173,False,0.273,0.0405,1468.124,782.7,2021.1
886,apartment_block,512375.0,4248875.0,42.7775,0.9056,0.0083,0.237,2.2997,False,0.2566,0.0361,1848.7455,1385.8,2323.3
887,apartment_block,512625.0,4248875.0,42.6359,0.936,0.0089,0.2285,2.2997,False,0.2586,0.0354,1798.6135,1259.8,2297.0
888,apartment_block,512875.0,4248875.0,42.7307,0.9504,0.0069,0.2201,2.2997,False,0.2586,0.0343,1791.114,1196.9,2316.4
889,apartment_block,513375.0,4248875.0,43.0642,0.9808,0.0096,0.2039,2.5646,False,0.2696,0.0336,1544.036,849.7,2198.6
890,apartment_block,514125.0,4248875.0,43.8983,0.8384,0.0125,0.1821,2.8544,False,0.2634,0.031,1749.119,886.5,2490.2
891,apartment_block,514375.0,4248875.0,43.1756,0.936,0.0108,0.1755,2.8544,False,0.2719,0.0309,1563.853,778.0,2327.1
892,apartment_block,514875.0,4248875.0,42.4784,0.8112,0.0071,0.1634,2.8544,False,0.2568,0.0274,1936.247,950.0,2770.0
893,apartment_block,515375.0,4248875.0,42.3737,0.8336,0.0055,0.1533,0.9049,False,0.1873,0.0233,3162.351,2337.7,3717.1
894,apartment_block,515625.0,4248875.0,42.7454,0.9808,0.0059,0.1487,1.8556,False,0.2368,0.0261,2462.549,1366.9,3273.1
895,apartment_block,502375.0,4249125.0,42.1577,0.7584,0.0173,0.2954,3.0921,False,0.2849,0.0458,1499.116,663.7,2394.2
896,apartment_block,503375.0,4249125.0,45.5492,0.816,0.0193,0.3251,3.1082,True,0.2979,0.0506,1227.443,539.0,1916.1
897,apartment_block,504625.0,4249125.0,43.8718,1.0,0.0048,0.3719,3.0036,False,0.316,0.0547,917.1885,404.7,1403.0
898,apartment_block,504875.0,4249125.0,43.6132,1.0,0.0049,0.3701,3.0036,False,0.3156,0.0545,925.4655,410.8,1415.3
899,apartment_block,505125.0,4249125.0,43.3038,0.992,0.0048,0.3648,2.4577,False,0.2958,0.0532,1182.881,658.9,1699.0
900,apartment_block,511125.0,4249125.0,43.7154,0.9888,0.0032,0.2951,2.3244,False,0.277,0.0437,1424.346,820.0,1967.1
901,apartment_block,512875.0,4249125.0,44.345,0.9904,0.007,0.229,2.2997,False,0.2654,0.0358,1587.0555,868.8,2146.0
902,apartment_block,513125.0,4249125.0,44.479,0.8016,0.0069,0.2197,2.2997,False,0.2424,0.0327,2112.43,1700.0,2605.0
903,apartment_block,513375.0,4249125.0,43.7719,1.0,0.0128,0.2108,2.5646,False,0.2735,0.0354,1439.82,702.6,2084.1
904,apartment_block,513625.0,4249125.0,43.7423,0.9808,0.0105,0.2024,2.5646,False,0.2698,0.0336,1521.4025,838.7,2158.0
905,apartment_block,513875.0,4249125.0,44.0335,0.9936,0.0109,0.1944,2.8544,False,0.2807,0.0335,1345.5015,593.0,2111.0
906,apartment_block,514125.0,4249125.0,43.8295,0.856,0.0105,0.1869,2.8544,False,0.2655,0.0311,1700.8415,865.4,2424.1
907,apartment_block,514625.0,4249125.0,43.8189,0.9648,0.0084,0.173,2.4748,False,0.2603,0.0297,1723.7845,1053.9,2389.1
908,apartment_block,514875.0,4249125.0,41.6988,0.7664,0.0076,0.1674,2.4748,False,0.2363,0.0266,2325.503,1562.9,3005.0
909,apartment_block,515625.0,4249125.0,42.6482,0.9056,0.0059,0.1524,1.8556,False,0.2272,0.0254,2677.479,1865.7,3301.0
910,apartment_block,500375.0,4249375.0,42.2462,0.904,0.0059,0.3831,2.9589,False,0.3082,0.0557,1102.989,563.0,1637.0
911,apartment_block,500625.0,4249375.0,42.1247,0.9104,0.0061,0.3642,2.9589,False,0.3048,0.0532,1133.2115,581.9,1668.0
912,apartment_block,500875.0,4249375.0,41.9657,0.8976,0.0072,0.3637,3.1615,False,0.3109,0.0534,1080.623,457.9,1678.1
913,apartment_block,502625.0,4249375.0,44.3595,0.9136,0.0199,0.325,3.1082,False,0.3058,0.0514,1065.394,462.8,1563.3
914,apartment_block,502875.0,4249375.0,44.6363,0.872,0.0341,0.3295,3.1082,False,0.3059,0.058,1081.017,494.7,1590.1
915,apartment_block,503375.0,4249375.0,43.6272,0.8032,0.0143,0.3508,3.1082,False,0.3003,0.0524,1246.958,562.9,2014.3
916,apartment_block,503625.0,4249375.0,43.384,0.9728,0.0104,0.3661,3.1082,False,0.3169,0.0546,929.7315,395.7,1418.1
917,apartment_block,504875.0,4249375.0,43.8621,0.9904,0.0057,0.4075,3.0036,False,0.3226,0.0595,866.943,398.0,1324.1
918,apartment_block,512625.0,4249375.0,43.4392,0.8048,0.0068,0.2492,2.2997,False,0.2476,0.0365,2038.128,1576.9,2571.0
919,apartment_block,512875.0,4249375.0,44.218,0.9472,0.0053,0.2382,2.2997,False,0.2617,0.0362,1689.765,1160.4,2165.0
920,apartment_block,513375.0,4249375.0,44.8509,0.9856,0.007,0.2178,2.5755,False,0.273,0.0348,1434.591,771.9,2031.0
921,apartment_block,513625.0,4249375.0,44.281,0.9664,0.0093,0.2085,2.5755,False,0.2696,0.0339,1520.248,910.9,2112.1
922,apartment_block,513875.0,4249375.0,44.1135,0.984,0.0091,0.1998,2.849,False,0.2801,0.0336,1358.4165,629.9,2084.2
923,apartment_block,514125.0,4249375.0,44.5407,0.8544,0.0081,0.1915,2.849,False,0.2657,0.0311,1677.5585,854.0,2388.2
924,apartment_block,514375.0,4249375.0,44.6627,0.8416,0.0074,0.1842,2.4748,False,0.2483,0.0293,1988.7625,1375.0,2552.2
925,apartment_block,500125.0,4249625.0,42.1103,0.968,0.0074,0.4426,2.449,False,0.3107,0.0638,1101.4875,640.9,1632.0
926,apartment_block,500375.0,4249625.0,42.1254,0.936,0.0069,0.4136,2.9589,False,0.3176,0.0601,986.666,505.0,1461.1
927,apartment_block,500625.0,4249625.0,42.2646,0.9456,0.0065,0.4006,2.9828,False,0.3163,0.0583,985.0025,490.0,1460.1
928,apartment_block,500875.0,4249625.0,42.7411,0.9984,0.0073,0.3999,2.9828,False,0.321,0.0587,893.052,404.7,1374.1
929,apartment_block,501375.0,4249625.0,43.0136,0.9168,0.0105,0.3834,2.9828,False,0.3112,0.0564,1040.0275,523.0,1538.1
930,apartment_block,501875.0,4249625.0,42.5873,0.9296,0.0125,0.3535,3.0921,False,0.3102,0.053,1043.1135,459.0,1558.0
931,apartment_block,502125.0,4249625.0,44.0059,0.7664,0.0136,0.3363,0.0,False,0.2069,0.0481,2692.054,1381.9,3771.0
932,apartment_block,503125.0,4249625.0,43.1819,0.8784,0.0201,0.3624,0.0,False,0.2293,0.0542,2429.072,1123.8,3763.1
933,apartment_block,503375.0,4249625.0,44.2063,0.9024,0.0163,0.3807,0.0,False,0.2373,0.0557,2318.5935,1007.0,3755.1
934,apartment_block,504125.0,4249625.0,45.7805,0.992,0.01,0.4363,2.6245,False,0.3185,0.0635,913.573,460.9,1366.2
935,apartment_block,504375.0,4249625.0,45.2285,0.936,0.0141,0.4512,2.6245,False,0.3177,0.066,971.148,570.0,1398.0
936,apartment_block,505125.0,4249625.0,43.4709,0.984,0.0073,0.4433,2.4577,False,0.3131,0.0639,1032.349,580.6,1546.1
937,apartment_block,505625.0,4249625.0,44.3647,0.9456,0.0082,0.4625,2.4577,False,0.3146,0.0664,1046.6135,611.9,1531.1
938,apartment_block,505875.0,4249625.0,44.5711,0.9168,0.0081,0.4958,3.3827,False,0.3487,0.0715,741.5665,275.0,1219.1
939,apartment_block,511125.0,4249625.0,43.153,0.9824,0.0041,0.342,2.3244,False,0.2856,0.0499,1338.3885,795.0,1880.0
940,apartment_block,512375.0,4249625.0,42.9269,0.976,0.0096,0.2733,2.2845,False,0.2708,0.0415,1548.4215,944.8,2083.0
941,apartment_block,512625.0,4249625.0,43.3619,0.9888,0.0068,0.26,2.2845,False,0.2696,0.0395,1547.3285,874.0,2100.0
942,apartment_block,499625.0,4249875.0,42.5548,0.808,0.0335,0.5821,4.6924,True,0.405,0.09,573.289,56.9,1171.0
943,apartment_block,500375.0,4249875.0,42.1929,0.8032,0.0128,0.4569,2.9589,False,0.3179,0.0662,1122.3955,584.7,1952.0
944,apartment_block,500625.0,4249875.0,42.1052,0.8768,0.0101,0.445,2.9828,False,0.3211,0.0644,1016.8605,513.9,1588.0
945,apartment_block,500875.0,4249875.0,42.2162,0.7616,0.6678,0.4442,2.9828,False,0.5958,0.6603,310.1595,83.9,690.1
946,apartment_block,503125.0,4249875.0,44.9054,0.776,0.1826,0.3965,0.0,False,0.2704,0.1868,1787.461,617.0,3690.3
947,apartment_block,503375.0,4249875.0,45.0341,0.832,1.0,0.4146,0.0,False,0.6143,0.9119,771.3585,24.0,3099.5
948,apartment_block,505875.0,4249875.0,44.3919,0.9296,0.0085,0.5496,3.3827,False,0.3614,0.0788,664.4705,236.9,1116.3
949,apartment_block,512625.0,4249875.0,43.3129,0.8896,0.0071,0.271,2.2845,False,0.2605,0.0401,1778.676,1341.9,2229.1
950,apartment_block,512875.0,4249875.0,43.3587,0.9936,0.0051,0.2568,2.2845,False,0.2693,0.0389,1549.8145,850.9,2113.1
951,apartment_block,512875.0,4250125.0,43.3974,0.9264,0.007,0.2657,2.2845,False,0.2636,0.0397,1697.888,1218.9,2152.0
952,apartment_block,509375.0,4250375.0,43.8669,0.9856,0.005,0.5639,3.3612,False,0.3667,0.0805,606.035,224.0,1032.1
953,apartment_block,513875.0,4250375.0,43.1452,0.976,0.0048,0.226,2.1991,False,0.259,0.0348,1782.324,1069.0,2353.2
954,apartment_block,513875.0,4250625.0,43.1362,0.9824,0.0039,0.2348,2.1991,False,0.2611,0.0359,1736.689,1014.9,2323.0
955,apartment_block,514125.0,4250625.0,42.9483,1.0,0.004,0.2245,2.1544,False,0.2599,0.0348,1771.7685,952.9,2419.2
956,apartment_block,513875.0,4251875.0,43.0125,0.9456,0.0087,0.2757,2.7755,False,0.2851,0.042,1318.346,757.9,1850.3
957,apartment_block,521375.0,4251875.0,45.398,0.7504,0.0372,0.1204,2.0306,False,0.2159,0.0398,2713.826,2278.8,3100.1
958,apartment_block,521625.0,4251875.0,45.0036,0.8272,0.0529,0.1172,2.0306,False,0.2278,0.054,2464.355,1869.5,2988.0
959,apartment_block,513875.0,4252125.0,43.2439,0.9296,0.0074,0.2829,2.4001,False,0.2713,0.0421,1556.4985,1102.0,2020.0
960,apartment_block,521375.0,4252125.0,45.8586,0.9104,0.0773,0.1218,2.0306,False,0.2445,0.0773,2010.231,1066.9,2788.0
961,apartment_block,513875.0,4252375.0,43.8852,0.944,0.007,0.2994,2.8198,False,0.2909,0.0448,1226.1695,682.7,1717.0
962,apartment_block,514125.0,4252375.0,43.1979,0.9408,0.0061,0.3041,2.8198,False,0.2911,0.0453,1242.138,697.8,1760.0
963,apartment_block,520875.0,4252375.0,45.3529,0.8336,0.0419,0.1307,2.0306,False,0.2283,0.0448,2457.1065,1911.0,2888.1
964,apartment_block,521125.0,4252375.0,45.5181,0.7888,0.0515,0.1268,2.0306,False,0.2241,0.0529,2511.3595,2008.5,2939.0
965,apartment_block,513875.0,4252625.0,43.6883,0.9664,0.0068,0.3226,2.8198,False,0.2974,0.048,1133.227,608.9,1621.0
966,apartment_block,514125.0,4252625.0,43.1223,0.952,0.0066,0.3288,2.8198,False,0.297,0.0487,1162.225,640.9,1661.0
967,apartment_block,520875.0,4252625.0,45.0763,0.8496,0.0242,0.1321,2.0306,False,0.2275,0.0312,2534.397,1943.8,2953.0
968,apartment_block,521125.0,4252625.0,44.7468,1.0,0.0314,0.1282,2.0306,False,0.2474,0.0377,2034.9595,941.0,2870.0
969,apartment_block,513875.0,4252875.0,44.2634,0.8368,0.007,0.3494,2.703,False,0.2869,0.0506,1377.7005,902.7,1997.1
970,apartment_block,514125.0,4252875.0,43.4408,0.8416,0.0067,0.3577,2.703,False,0.2887,0.0517,1369.2595,893.9,1996.2
971,apartment_block,514625.0,4252875.0,43.4813,0.936,0.0083,0.3622,2.7968,False,0.3019,0.0532,1115.4605,638.8,1579.1
972,apartment_block,517375.0,4252875.0,43.4237,0.9856,0.0036,0.2322,2.2252,False,0.262,0.0356,1701.056,982.0,2271.3
973,apartment_block,517625.0,4252875.0,42.7843,0.9968,0.0039,0.2215,2.1676,False,0.2594,0.0344,1784.88,974.8,2433.2
974,apartment_block,517875.0,4252875.0,42.5475,0.832,0.0048,0.2116,2.1676,False,0.2381,0.0316,2296.8535,1832.9,2775.4
975,apartment_block,519875.0,4252875.0,44.3738,0.7776,0.0135,0.1529,2.1774,False,0.2251,0.0265,2541.8005,2114.0,2954.0
976,apartment_block,520375.0,4252875.0,44.1559,0.7872,0.0112,0.1426,2.1774,False,0.2245,0.0247,2579.982,2109.9,3011.1
977,apartment_block,520625.0,4252875.0,45.4322,0.984,0.0101,0.1381,2.1774,False,0.2487,0.0266,1975.5,1050.9,2716.3
978,apartment_block,520875.0,4252875.0,45.5708,0.8672,0.0151,0.1339,2.0306,False,0.2289,0.0263,2506.4725,1862.0,2978.1
979,apartment_block,521625.0,4252875.0,44.4828,0.9648,0.0221,0.1225,2.1684,False,0.2455,0.0308,2085.1675,1206.0,2851.2
980,apartment_block,521875.0,4252875.0,43.7901,0.8704,0.0365,0.1191,2.1684,False,0.2352,0.0403,2338.668,1767.9,2927.1
981,apartment_block,522125.0,4252875.0,43.7349,0.8272,0.0353,0.1158,2.1684,False,0.2292,0.0387,2480.419,1991.5,3026.4
982,apartment_block,513625.0,4253125.0,44.0514,0.816,0.0102,0.3654,2.3528,False,0.2764,0.0528,1591.8665,1026.0,2219.0
983,apartment_block,513875.0,4253125.0,44.5886,0.9232,0.0072,0.3805,2.703,False,0.3016,0.0553,1123.302,704.9,1558.2
984,apartment_block,514125.0,4253125.0,44.5724,0.968,0.0096,0.3919,2.703,False,0.3086,0.0574,1013.171,570.7,1452.3
985,apartment_block,514375.0,4253125.0,44.6538,0.9936,0.0072,0.3978,2.703,False,0.3118,0.0581,965.6865,490.8,1427.1
986,apartment_block,514625.0,4253125.0,44.9319,1.0,0.0067,0.3982,2.703,False,0.3124,0.0581,953.21,474.0,1416.1
987,apartment_block,514875.0,4253125.0,44.7864,0.9792,0.0069,0.3924,1.1312,False,0.2655,0.0562,1943.8115,878.8,3586.0
988,apartment_block,515875.0,4253125.0,44.6657,0.9872,0.01,0.3308,2.2604,False,0.2833,0.0491,1338.572,744.0,1896.2
989,apartment_block,516125.0,4253125.0,44.9728,0.9632,0.0083,0.3134,2.2604,False,0.277,0.0463,1436.8565,901.0,1949.1
990,apartment_block,516375.0,4253125.0,44.7281,0.9808,0.0076,0.2969,2.2604,False,0.2754,0.0442,1442.8065,847.9,1979.1
991,apartment_block,516625.0,4253125.0,43.0235,0.8096,0.0053,0.2812,2.2604,False,0.2525,0.0406,1976.836,1448.9,2547.0
992,apartment_block,517125.0,4253125.0,42.2124,0.7616,0.0034,0.2526,2.4977,False,0.2505,0.0366,2005.11,1402.0,2707.1
993,apartment_block,517375.0,4253125.0,43.7066,0.9968,0.0037,0.2398,2.4977,False,0.274,0.0371,1435.071,761.7,2007.4
994,apartment_block,517625.0,4253125.0,43.0418,0.9952,0.0037,0.228,2.4977,False,0.2716,0.0356,1495.1675,788.9,2102.2
995,apartment_block,517875.0,4253125.0,43.6076,0.9584,0.004,0.2171,2.4977,False,0.2661,0.034,1606.4825,1032.0,2169.0
996,apartment_block,520125.0,4253125.0,43.8882,0.9472,0.0118,0.1497,2.0306,False,0.2398,0.0274,2289.8805,1483.9,2899.1
997,apartment_block,520375.0,4253125.0,44.7396,0.92,0.0107,0.1447,2.0306,False,0.2359,0.0262,2363.946,1614.8,2917.1
998,apartment_block,520625.0,4253125.0,45.6882,0.9232,0.1826,0.14,2.0306,False,0.2792,0.1798,1460.807,540.0,2474.0
999,apartment_block,520875.0,4253125.0,45.2783,0.9232,0.0131,0.1356,2.0306,False,0.2359,0.0263,2353.657,1556.9,2933.1
1000,apartment_block,521125.0,4253125.0,45.4396,0.936,0.0176,0.1315,2.0306,False,0.2378,0.0282,2295.1785,1473.9,2915.0
1001,apartment_block,521375.0,4253125.0,44.515,0.9696,0.0228,0.1275,2.1684,False,0.2467,0.0316,2042.3445,1152.8,2798.0
1002,apartment_block,521625.0,4253125.0,44.2662,0.8368,0.033,0.1238,2.1684,False,0.2312,0.0373,2417.5905,1928.9,2920.0
1003,apartment_block,521875.0,4253125.0,43.5565,0.9616,0.0419,0.1203,2.1684,False,0.2476,0.0455,2013.408,1094.7,2830.2
1004,apartment_block,523375.0,4253125.0,42.8741,0.88,0.0081,0.1026,2.1684,False,0.2301,0.0219,2573.976,1887.7,3269.3
1005,apartment_block,513875.0,4253375.0,45.1476,0.8272,0.0099,0.4168,2.703,False,0.3021,0.0601,1212.363,752.0,1860.3
1006,apartment_block,514125.0,4253375.0,44.7851,0.9808,0.0076,0.4329,1.1312,False,0.2761,0.0618,1837.8235,769.9,3580.1
1007,apartment_block,514375.0,4253375.0,44.9235,0.9984,0.007,0.4416,1.1312,False,0.2803,0.063,1777.9345,695.9,3574.0
1008,apartment_block,514625.0,4253375.0,44.9459,1.0,0.0069,0.442,1.1312,False,0.2805,0.0631,1772.594,687.8,3572.0
1009,apartment_block,514875.0,4253375.0,45.2845,0.9488,0.0072,0.4337,1.1312,False,0.273,0.0617,1890.587,786.0,3581.1
1010,apartment_block,515625.0,4253375.0,44.4381,0.816,0.0091,0.3744,2.6278,False,0.2883,0.0541,1389.299,929.0,2068.3
1011,apartment_block,515875.0,4253375.0,45.2386,0.9648,0.0087,0.3524,2.2904,False,0.2865,0.0516,1304.546,802.9,1822.0
1012,apartment_block,516125.0,4253375.0,46.4054,0.9872,0.0069,0.3317,2.2904,False,0.2847,0.0488,1286.985,694.8,1834.0
1013,apartment_block,516375.0,4253375.0,45.3691,0.9696,0.006,0.312,2.2904,False,0.2782,0.0459,1398.4205,855.8,1906.0
1014,apartment_block,516625.0,4253375.0,43.4312,0.9728,0.0045,0.2936,2.2904,False,0.2739,0.0434,1499.83,946.7,2019.0
1015,apartment_block,516875.0,4253375.0,42.5782,0.984,0.0039,0.2768,2.3661,False,0.2741,0.0414,1489.6965,883.2,2042.1
1016,apartment_block,517125.0,4253375.0,42.4861,0.9968,0.0036,0.2613,2.4977,False,0.2771,0.0397,1417.8395,744.8,1994.1
1017,apartment_block,517375.0,4253375.0,42.5551,0.9856,0.0035,0.2471,2.3661,False,0.2689,0.0376,1571.212,913.9,2147.1
1018,apartment_block,517625.0,4253375.0,42.7853,0.9824,0.0034,0.2342,2.3661,False,0.2665,0.036,1613.0535,961.8,2194.4
1019,apartment_block,517875.0,4253375.0,43.6575,0.9872,0.0037,0.2223,2.3661,False,0.2655,0.0347,1604.0685,911.7,2175.0
1020,apartment_block,518125.0,4253375.0,43.8012,0.9536,0.0071,0.2115,2.0521,False,0.2495,0.033,2031.2545,1311.8,2648.1
1021,apartment_block,518375.0,4253375.0,44.4572,0.88,0.0112,0.2016,2.0521,False,0.2397,0.0319,2239.8505,1720.9,2686.1
1022,apartment_block,518625.0,4253375.0,43.0208,0.768,0.0201,0.1925,1.9553,False,0.2212,0.0332,2678.605,2189.9,3069.0
1023,apartment_block,519875.0,4253375.0,45.4,0.84,0.0141,0.1574,2.0306,False,0.2282,0.0276,2494.3865,1987.8,2887.1
1024,apartment_block,520125.0,4253375.0,43.4912,0.8896,0.0124,0.1519,2.0306,False,0.2325,0.027,2479.2635,1832.8,2961.2
1025,apartment_block,520375.0,4253375.0,44.7491,0.8144,0.0122,0.1467,2.0306,False,0.223,0.0255,2640.581,2168.8,3019.2
1026,apartment_block,520625.0,4253375.0,45.6781,0.9008,0.0141,0.1418,2.0306,False,0.2341,0.0269,2374.487,1665.8,2898.0
1027,apartment_block,520875.0,4253375.0,45.223,0.9088,0.0136,0.1372,2.0306,False,0.2342,0.0264,2393.8,1657.9,2933.1
1028,apartment_block,521125.0,4253375.0,45.3756,0.8752,0.0152,0.1329,2.0306,False,0.2297,0.0264,2497.5735,1833.8,2980.1
1029,apartment_block,521375.0,4253375.0,44.5227,0.9248,0.0186,0.1288,2.0061,False,0.2348,0.0284,2418.066,1611.6,3006.0
1030,apartment_block,521625.0,4253375.0,44.6488,0.7584,0.2231,0.125,2.1684,False,0.2792,0.2191,1586.031,504.0,2648.2
1031,apartment_block,523375.0,4253375.0,42.6837,0.9856,0.007,0.1032,2.1684,False,0.2432,0.0234,2250.402,1213.8,3205.3
1032,apartment_block,523625.0,4253375.0,41.7324,0.9744,0.0067,0.1007,2.1684,False,0.2412,0.023,2337.2325,1336.8,3281.6
1033,apartment_block,523875.0,4253375.0,41.6786,0.9424,0.0092,0.0983,2.1684,False,0.2372,0.0229,2440.957,1551.9,3320.3
1034,apartment_block,513625.0,4253625.0,43.4716,0.9072,0.0335,0.4434,2.3644,False,0.3083,0.0709,1137.4725,733.9,1566.0
1035,apartment_block,514125.0,4253625.0,43.8286,0.8672,0.0089,0.4827,1.1312,False,0.2776,0.0683,1961.071,686.0,3582.1
1036,apartment_block,514375.0,4253625.0,43.8468,0.9136,0.0099,0.4961,1.1312,False,0.2862,0.0704,1842.707,642.0,3577.0
1037,apartment_block,514625.0,4253625.0,45.1286,0.976,0.0072,0.4967,1.1312,False,0.2926,0.0704,1698.629,619.0,3563.1
1038,apartment_block,515875.0,4253625.0,44.592,0.928,0.0076,0.3757,2.2904,False,0.2875,0.0544,1353.913,892.0,1852.2
1039,apartment_block,516125.0,4253625.0,46.0907,0.9488,0.007,0.3503,2.2904,False,0.2845,0.051,1333.333,861.9,1827.0
1040,apartment_block,516375.0,4253625.0,43.8619,0.9904,0.0055,0.327,2.2904,False,0.2828,0.048,1355.4645,768.9,1909.1
1041,apartment_block,516625.0,4253625.0,42.8861,0.9664,0.0036,0.3059,2.2904,False,0.2753,0.0449,1505.324,947.8,2026.1
1042,apartment_block,516875.0,4253625.0,42.5385,0.9936,0.0031,0.2867,2.2904,False,0.2743,0.0426,1497.3675,823.6,2070.0
1043,apartment_block,517125.0,4253625.0,42.1511,0.9968,0.0028,0.2694,2.3661,False,0.2738,0.0405,1493.371,806.3,2075.1
1044,apartment_block,517375.0,4253625.0,42.6558,0.992,0.0034,0.2538,2.0521,False,0.2604,0.0382,1818.148,993.8,2586.5
1045,apartment_block,517625.0,4253625.0,42.6742,0.9744,0.0034,0.2397,2.0521,False,0.2558,0.0362,1923.319,1150.6,2633.0
1046,apartment_block,517875.0,4253625.0,42.5413,0.968,0.0038,0.227,2.0521,False,0.2528,0.0346,1994.138,1219.7,2689.2
1047,apartment_block,518125.0,4253625.0,42.6194,0.9936,0.0058,0.2154,2.0521,False,0.2544,0.0337,1943.052,1056.0,2679.4
1048,apartment_block,518625.0,4253625.0,45.3368,0.992,0.6678,0.1957,1.9553,False,0.513,0.6512,713.1475,172.9,1817.1
1049,apartment_block,520375.0,4253625.0,46.2108,0.8368,0.5013,0.1485,2.0306,True,0.4191,0.4911,988.321,269.0,2279.5
1050,apartment_block,520625.0,4253625.0,45.1417,0.9968,0.0165,0.1435,2.0306,False,0.2466,0.0294,2052.3685,1002.9,2818.1
1051,apartment_block,520875.0,4253625.0,45.3867,0.8368,0.014,0.1387,2.0306,False,0.2254,0.0258,2582.152,2031.8,3005.0
1052,apartment_block,521125.0,4253625.0,45.5568,0.856,0.016,0.1342,2.0306,False,0.2277,0.0266,2532.092,1916.8,2983.1
1053,apartment_block,521375.0,4253625.0,44.5827,0.9872,0.0184,0.13,2.0061,False,0.243,0.0292,2185.9175,1133.8,2959.0
1054,apartment_block,521625.0,4253625.0,44.3088,0.9424,1.0,0.1261,2.0061,False,0.6038,0.8761,637.722,29.0,1980.0
1055,apartment_block,522375.0,4253625.0,45.4615,0.9424,0.0591,0.1155,2.0061,False,0.243,0.0603,2090.2985,1090.9,2907.1
1056,apartment_block,522625.0,4253625.0,44.8755,0.9936,0.03,0.1124,2.0061,False,0.2439,0.0358,2147.183,1011.8,3048.0
1057,apartment_block,522875.0,4253625.0,43.414,0.8736,0.0125,0.1094,2.0061,False,0.2246,0.0234,2728.4345,2007.8,3266.1
1058,apartment_block,523375.0,4253625.0,42.4896,0.9856,0.0075,0.1038,2.0061,False,0.2377,0.0232,2458.5965,1339.8,3319.1
1059,apartment_block,524125.0,4253625.0,43.0256,0.848,0.0115,0.0965,2.0061,False,0.2197,0.0218,2846.8595,2152.9,3406.0
1060,apartment_block,514125.0,4253875.0,42.1895,0.976,0.0183,0.5434,1.1312,False,0.3062,0.0787,1640.4315,528.0,3561.4
1061,apartment_block,514375.0,4253875.0,43.4611,0.8768,0.0197,0.5658,1.1312,False,0.3043,0.0817,1744.934,503.0,3565.1
1062,apartment_block,514875.0,4253875.0,44.8408,0.9632,0.0106,0.545,2.6278,False,0.3414,0.0781,813.179,413.9,1275.1
1063,apartment_block,515125.0,4253875.0,46.4846,0.8576,0.0116,0.5085,2.6278,False,0.3253,0.0729,1003.1435,564.0,1581.0
1064,apartment_block,515375.0,4253875.0,46.7991,0.8304,0.0108,0.4693,2.6278,False,0.3134,0.0673,1113.4615,654.9,1748.6
1065,apartment_block,515875.0,4253875.0,44.8946,0.968,0.0072,0.3992,2.4221,False,0.3009,0.0578,1133.908,673.0,1620.1
1066,apartment_block,516125.0,4253875.0,44.2375,0.9472,0.0064,0.3687,2.4221,False,0.2917,0.0535,1256.628,812.0,1718.1
1067,apartment_block,516375.0,4253875.0,43.6787,0.8768,0.0037,0.3414,2.4221,False,0.2782,0.0492,1507.747,1067.0,1996.0
1068,apartment_block,516625.0,4253875.0,43.5174,0.9904,0.0031,0.3172,2.4221,False,0.2846,0.0467,1312.4545,745.9,1831.2
1069,apartment_block,516875.0,4253875.0,42.8924,0.9952,0.0032,0.2957,2.4221,False,0.2807,0.0439,1370.9095,737.0,1923.2
1070,apartment_block,517125.0,4253875.0,42.0031,0.9344,0.0031,0.2766,2.4221,False,0.2702,0.041,1598.962,1114.9,2090.0
1071,apartment_block,517375.0,4253875.0,41.9408,0.9792,0.0034,0.2597,2.4221,False,0.2721,0.0392,1533.5245,932.0,2085.1
1072,apartment_block,517625.0,4253875.0,42.6338,0.992,0.0033,0.2446,2.0521,False,0.2587,0.037,1852.411,1012.0,2604.4
1073,apartment_block,517875.0,4253875.0,43.2617,0.9232,0.0037,0.231,2.0521,False,0.2483,0.0346,2084.28,1460.9,2679.2
1074,apartment_block,518125.0,4253875.0,42.7345,0.9824,0.0046,0.2197,2.0521,False,0.2536,0.0339,1965.281,1128.8,2669.6
1075,apartment_block,520125.0,4253875.0,44.973,0.8816,0.0258,0.1558,2.0306,False,0.2348,0.0343,2339.398,1745.9,2749.0
1076,apartment_block,520625.0,4253875.0,45.2244,0.9792,0.0188,0.1449,2.0306,False,0.2449,0.0304,2091.3245,1135.5,2792.2
1077,apartment_block,520875.0,4253875.0,46.1367,0.8736,0.0181,0.14,2.0306,False,0.2313,0.0284,2420.17,1777.9,2889.4
1078,apartment_block,521375.0,4253875.0,44.9392,0.9584,0.3345,0.1311,2.0061,False,0.3435,0.3285,1136.658,335.9,2440.1
1079,apartment_block,521625.0,4253875.0,45.4139,0.8848,1.0,0.1271,2.0061,False,0.6028,0.8762,660.506,32.0,2084.1
1080,apartment_block,522125.0,4253875.0,44.8982,0.8128,0.1826,0.1197,2.0061,False,0.2625,0.1793,1773.536,592.0,2804.0
1081,apartment_block,522375.0,4253875.0,46.0298,0.9856,0.0419,0.1163,2.0061,False,0.2458,0.0454,2038.6095,927.0,2932.2
1082,apartment_block,522625.0,4253875.0,44.9676,0.9248,0.0248,0.113,2.0061,False,0.2342,0.0313,2419.384,1568.7,3091.0
1083,apartment_block,523125.0,4253875.0,44.2619,0.752,0.013,0.1071,2.0061,False,0.2093,0.0217,2957.308,2480.9,3348.0
1084,apartment_block,523375.0,4253875.0,44.0001,0.9168,0.0108,0.1044,2.0061,False,0.2298,0.0231,2606.193,1773.0,3250.1
1085,apartment_block,524125.0,4253875.0,41.9167,0.9328,0.0142,0.0969,2.0061,False,0.2307,0.0243,2645.073,1713.7,3402.3
1086,apartment_block,513125.0,4254125.0,44.145,0.928,1.0,0.556,3.5134,False,0.7703,0.9336,85.496,4.0,351.1
1087,apartment_block,513625.0,4254125.0,45.69,0.7952,0.0254,0.5632,2.3644,False,0.3295,0.0831,1129.511,494.0,1911.0
1088,apartment_block,515875.0,4254125.0,44.1501,0.9696,0.006,0.4219,2.4221,False,0.3057,0.0608,1104.281,654.8,1603.1
1089,apartment_block,516125.0,4254125.0,44.8729,0.984,0.0046,0.3855,2.1581,False,0.2908,0.0556,1309.761,737.7,2007.1
1090,apartment_block,516375.0,4254125.0,44.89,0.9712,0.0038,0.354,2.1581,False,0.2824,0.0512,1416.4585,839.0,2058.1
1091,apartment_block,516625.0,4254125.0,42.9415,1.0,0.0034,0.3268,2.1581,False,0.2789,0.0478,1474.748,755.0,2194.0
1092,apartment_block,516875.0,4254125.0,42.2415,0.9296,0.0031,0.3031,2.1581,False,0.2659,0.0441,1750.732,1183.0,2353.1
1093,apartment_block,517625.0,4254125.0,42.5595,0.9808,0.0031,0.2505,2.4221,False,0.2708,0.0381,1536.605,923.0,2102.2
1094,apartment_block,517875.0,4254125.0,43.8888,1.0,0.0032,0.237,2.0521,False,0.2589,0.0361,1801.804,938.0,2556.1
1095,apartment_block,518125.0,4254125.0,42.7091,0.9616,0.0039,0.2248,2.0521,False,0.2518,0.0343,2015.1405,1264.0,2687.1
1096,apartment_block,518375.0,4254125.0,44.2972,0.936,0.0065,0.2136,2.0521,False,0.2478,0.0329,2057.962,1411.8,2628.1
1097,apartment_block,521375.0,4254125.0,44.8416,0.8416,0.0428,0.1321,2.0061,False,0.2284,0.0457,2477.673,1894.9,2904.0
1098,apartment_block,521625.0,4254125.0,45.3149,0.8016,0.1339,0.1279,2.0061,False,0.2457,0.1318,1996.6075,920.8,2784.0
1099,apartment_block,521875.0,4254125.0,45.5936,0.8256,0.2008,0.124,2.0061,False,0.2718,0.1973,1648.4325,540.0,2707.3
1100,apartment_block,522125.0,4254125.0,45.2631,0.9456,0.0957,0.1204,2.0061,False,0.252,0.0949,1856.6755,821.7,2789.1
1101,apartment_block,522375.0,4254125.0,46.2555,0.9568,0.0221,0.1169,2.0061,False,0.2391,0.0301,2253.5265,1280.9,3027.2
1102,apartment_block,522625.0,4254125.0,45.2446,0.9712,0.0319,0.1136,2.0061,False,0.2416,0.0371,2191.1,1148.9,3031.1
1103,apartment_block,523125.0,4254125.0,45.5342,0.7648,0.0291,0.1076,2.0061,False,0.214,0.0326,2795.8105,2281.9,3222.0
1104,apartment_block,515375.0,4254375.0,43.1636,0.76,0.0207,0.552,2.6278,False,0.3299,0.0804,1134.411,512.0,2084.1
1105,apartment_block,515625.0,4254375.0,43.7,0.8896,0.0084,0.4912,2.6278,False,0.3219,0.0702,1031.939,591.0,1584.0
1106,apartment_block,515875.0,4254375.0,45.7293,0.9984,0.0054,0.4406,2.4523,False,0.314,0.0634,982.5945,502.8,1498.1
1107,apartment_block,516125.0,4254375.0,43.9893,0.9984,0.0043,0.3986,2.1581,False,0.2949,0.0575,1273.0495,661.9,2008.0
1108,apartment_block,516375.0,4254375.0,43.119,0.9984,0.0038,0.3635,2.1581,False,0.2866,0.0527,1379.9675,717.9,2128.0
1109,apartment_block,516625.0,4254375.0,42.825,1.0,0.0034,0.3339,2.1581,False,0.2803,0.0487,1459.7895,747.0,2183.0
1110,apartment_block,516875.0,4254375.0,42.3186,0.9744,0.0033,0.3114,2.1581,False,0.2727,0.0456,1604.2145,981.7,2283.2
1111,apartment_block,517375.0,4254375.0,42.2709,0.8752,0.003,0.2732,2.2249,False,0.2561,0.0398,1910.717,1392.0,2422.1
1112,apartment_block,517625.0,4254375.0,42.1384,0.984,0.0031,0.257,2.2249,False,0.2655,0.0387,1676.3305,983.9,2267.2
1113,apartment_block,517875.0,4254375.0,42.8465,0.9952,0.0032,0.2424,2.0521,False,0.2588,0.0368,1840.934,992.9,2602.0
1114,apartment_block,518125.0,4254375.0,42.4619,0.992,0.0042,0.2293,2.0521,False,0.2562,0.0352,1910.1975,1049.0,2652.4
1115,apartment_block,518375.0,4254375.0,43.4198,0.856,0.0101,0.2174,1.9553,False,0.2352,0.0331,2403.2665,1765.9,2986.1
1116,apartment_block,520125.0,4254375.0,44.8526,0.8432,0.0242,0.1588,2.1761,False,0.2356,0.0334,2280.948,1859.9,2681.1
1117,apartment_block,520875.0,4254375.0,46.4261,0.8976,0.0574,0.1422,2.1761,False,0.2469,0.0596,1927.2245,1275.8,2531.2
1118,apartment_block,521625.0,4254375.0,46.7484,0.8528,0.1005,0.1287,2.0061,False,0.2434,0.0994,2012.8665,1107.8,2742.0
1119,apartment_block,521875.0,4254375.0,47.7276,0.9936,0.0744,0.1247,2.0061,False,0.2551,0.0751,1780.9515,705.9,2722.1
1120,apartment_block,522875.0,4254375.0,45.9709,0.9376,0.0275,0.111,2.0061,False,0.2366,0.0333,2318.545,1400.9,3069.0
1121,apartment_block,523125.0,4254375.0,45.3911,0.9648,0.0205,0.108,2.0061,False,0.2385,0.0287,2307.707,1290.9,3119.1
1122,apartment_block,523375.0,4254375.0,44.9876,0.9152,0.0162,0.1052,2.0061,False,0.231,0.0255,2531.506,1690.0,3186.1
1123,apartment_block,523625.0,4254375.0,44.6754,0.8128,0.0183,0.1025,2.0061,False,0.2175,0.0251,2810.593,2223.7,3287.1
1124,apartment_block,515375.0,4254625.0,43.7879,0.752,0.017,0.5812,2.6278,False,0.3365,0.0834,1099.904,462.0,2089.2
1125,apartment_block,515625.0,4254625.0,43.859,0.928,0.0077,0.5086,2.6278,False,0.3291,0.0726,936.0385,521.9,1415.2
1126,apartment_block,515875.0,4254625.0,44.3894,0.9952,0.0054,0.4518,2.4523,False,0.3158,0.0649,989.1415,516.9,1507.1
1127,apartment_block,516125.0,4254625.0,43.468,0.96,0.0047,0.4098,2.4482,False,0.3024,0.059,1153.979,703.0,1639.4
1128,apartment_block,516375.0,4254625.0,42.9709,0.9984,0.0044,0.377,2.4482,False,0.2986,0.0548,1160.3445,619.0,1688.2
1129,apartment_block,516625.0,4254625.0,42.9913,0.9984,0.004,0.3479,2.4482,False,0.2924,0.0509,1223.738,637.0,1749.1
1130,apartment_block,516875.0,4254625.0,42.5129,0.9808,0.0039,0.3223,2.2249,False,0.2779,0.0472,1488.29,895.9,2097.1
1131,apartment_block,517125.0,4254625.0,42.6598,1.0,0.0037,0.2998,2.2249,False,0.2755,0.0443,1492.239,784.8,2112.3
1132,apartment_block,517375.0,4254625.0,42.4122,1.0,0.0033,0.28,2.2249,False,0.2716,0.0418,1555.6355,831.7,2170.1
1133,apartment_block,517625.0,4254625.0,42.4727,1.0,0.0033,0.2625,2.0521,False,0.2628,0.0393,1772.41,917.0,2571.0
1134,apartment_block,517875.0,4254625.0,42.3519,0.9968,0.0036,0.247,2.0521,False,0.2596,0.0374,1837.1395,978.0,2606.0
1135,apartment_block,518125.0,4254625.0,42.7881,0.8992,0.005,0.233,2.0521,False,0.2457,0.0348,2158.4985,1546.9,2744.3
1136,apartment_block,520125.0,4254625.0,45.5802,0.8896,0.0212,0.16,2.1761,False,0.2414,0.0321,2129.436,1593.9,2576.0
1137,apartment_block,520625.0,4254625.0,45.9162,0.8576,0.0515,0.1482,2.1761,False,0.2413,0.0543,2073.674,1578.9,2552.1
1138,apartment_block,520875.0,4254625.0,46.6519,0.904,1.0,0.143,2.1761,True,0.6109,0.8782,555.608,22.0,1732.1
1139,apartment_block,521375.0,4254625.0,46.2536,0.9728,0.0437,0.1335,2.1761,False,0.2524,0.0477,1814.925,894.9,2614.2
1140,apartment_block,521625.0,4254625.0,46.3488,0.8656,0.0648,0.1292,2.1667,False,0.2425,0.0657,2034.383,1423.0,2657.0
1141,apartment_block,521875.0,4254625.0,47.3852,0.9776,0.0428,0.1252,2.1667,False,0.2522,0.0466,1815.9765,858.0,2674.0
1142,apartment_block,522125.0,4254625.0,45.653,0.936,0.0221,0.1214,2.1667,False,0.2423,0.0304,2137.24,1347.9,2834.0
1143,apartment_block,522375.0,4254625.0,45.1447,0.816,0.0143,0.1179,2.1667,False,0.2256,0.0243,2562.174,2036.0,3086.1
1144,apartment_block,523125.0,4254625.0,45.234,0.8624,0.0226,0.1084,2.0061,False,0.2254,0.0288,2623.541,1918.8,3172.1
1145,apartment_block,523375.0,4254625.0,45.135,0.9104,0.0193,0.1055,2.0061,False,0.2309,0.0272,2519.3075,1689.0,3173.0
1146,apartment_block,515625.0,4254875.0,42.8357,0.784,0.009,0.5292,1.948,False,0.3032,0.0747,1637.2645,583.0,2865.3
1147,apartment_block,515875.0,4254875.0,44.7119,0.9536,0.0083,0.4774,2.4482,False,0.3188,0.0685,1006.7765,562.9,1502.0
1148,apartment_block,516125.0,4254875.0,44.6458,0.9744,0.0053,0.4319,1.948,False,0.2947,0.0618,1418.649,730.9,2565.3
1149,apartment_block,516375.0,4254875.0,44.8616,0.9872,0.005,0.3929,2.4482,False,0.3018,0.0569,1103.485,620.8,1597.0
1150,apartment_block,516625.0,4254875.0,43.7122,0.9488,0.0055,0.3596,2.2249,False,0.2832,0.0521,1428.185,916.0,1997.0
1151,apartment_block,516875.0,4254875.0,42.6142,0.816,0.0056,0.3312,2.2249,False,0.2627,0.0474,1854.071,1206.9,2498.1
1152,apartment_block,517125.0,4254875.0,42.4098,0.9968,0.0048,0.3067,2.2249,False,0.2766,0.0453,1486.921,794.7,2102.3
1153,apartment_block,517375.0,4254875.0,42.9987,1.0,0.0043,0.2855,2.2249,False,0.273,0.0425,1516.9615,804.0,2128.1
1154,apartment_block,517625.0,4254875.0,42.8082,0.9136,0.0039,0.2669,2.0521,False,0.2536,0.0392,1996.7015,1370.0,2653.0
1155,apartment_block,517875.0,4254875.0,42.5404,0.9408,0.0043,0.2505,2.0521,False,0.2537,0.0373,1986.8015,1327.8,2655.3
1156,apartment_block,518125.0,4254875.0,42.2139,0.9328,0.0059,0.236,1.9553,False,0.2469,0.0354,2183.7895,1445.7,2982.0
1157,apartment_block,519875.0,4254875.0,44.5826,0.8544,0.0151,0.1675,2.1761,False,0.2367,0.0294,2278.4385,1841.7,2685.2
1158,apartment_block,520125.0,4254875.0,44.5698,0.9776,0.0173,0.1608,2.1761,False,0.2512,0.0312,1911.577,1062.9,2544.1
1159,apartment_block,520375.0,4254875.0,45.5931,0.7856,0.0212,0.1546,2.1761,False,0.2281,0.0306,2427.985,2036.8,2833.1
1160,apartment_block,520625.0,4254875.0,45.2434,0.8864,0.0287,0.1489,2.1761,False,0.2405,0.0361,2152.171,1608.9,2628.1
1161,apartment_block,521625.0,4254875.0,46.6369,0.7872,1.0,0.1297,2.1667,False,0.6043,0.8765,654.9935,38.0,2004.2
1162,apartment_block,522375.0,4254875.0,43.6702,0.96,0.013,0.1182,2.1667,False,0.2426,0.0257,2214.612,1343.0,2992.1
1163,apartment_block,522625.0,4254875.0,43.2369,0.9216,0.0181,0.1148,2.1667,False,0.238,0.0274,2345.31,1601.0,3063.1
1164,apartment_block,515625.0,4255125.0,43.281,0.9792,0.0127,0.5692,1.948,False,0.3308,0.0814,1162.8795,456.0,2413.0
1165,apartment_block,517375.0,4255125.0,43.0891,0.8224,0.0065,0.2891,1.948,False,0.2445,0.0415,2237.414,1459.0,2995.1
1166,apartment_block,517625.0,4255125.0,42.595,0.9616,0.0058,0.2698,2.0521,False,0.26,0.0401,1851.177,1166.8,2584.3
1167,apartment_block,517875.0,4255125.0,42.0841,0.9568,0.0073,0.2528,2.0521,False,0.2563,0.0381,1935.3105,1233.9,2630.3
1168,apartment_block,518125.0,4255125.0,42.2738,0.92,0.0079,0.2379,1.9553,False,0.246,0.0358,2203.229,1496.0,2971.3
1169,apartment_block,518375.0,4255125.0,42.8584,0.808,0.012,0.2246,1.9553,False,0.2306,0.0341,2499.849,1907.7,3046.0
1170,apartment_block,519875.0,4255125.0,44.6637,0.8656,0.0145,0.1681,2.1761,False,0.2381,0.0294,2243.3825,1784.4,2665.1
1171,apartment_block,520125.0,4255125.0,44.5877,0.8496,0.0108,0.1614,2.1761,False,0.2346,0.0272,2336.5575,1882.7,2764.2
1172,apartment_block,520375.0,4255125.0,44.7401,0.8368,0.0168,0.1551,2.1761,False,0.2332,0.0288,2360.6065,1920.0,2780.0
1173,apartment_block,520625.0,4255125.0,45.3062,0.7904,0.067,0.1493,2.1761,False,0.2361,0.0681,2174.319,1754.9,2596.0
1174,apartment_block,521625.0,4255125.0,44.475,0.9328,0.0084,0.1299,2.0054,False,0.2345,0.0244,2446.1355,1600.8,3067.0
1175,apartment_block,522125.0,4255125.0,46.2416,0.8736,0.008,0.122,2.0054,False,0.227,0.0228,2571.063,1833.7,3120.0
1176,apartment_block,516875.0,4255375.0,44.5295,0.8752,0.0152,0.3402,1.948,False,0.264,0.0505,1867.19,1124.0,2758.0
1177,apartment_block,517125.0,4255375.0,43.6219,0.8832,0.0083,0.3136,1.948,False,0.2573,0.0455,1990.9125,1239.0,2857.1
1178,apartment_block,517875.0,4255375.0,44.2442,0.9456,0.0098,0.2539,1.948,False,0.253,0.0384,1991.0345,1282.5,2819.0
1179,apartment_block,518875.0,4255375.0,42.1406,0.7888,0.0181,0.2025,1.948,False,0.2245,0.0335,2639.5545,2092.0,3106.0
1180,apartment_block,519875.0,4255375.0,43.5451,0.9024,0.0068,0.1684,1.3968,False,0.2146,0.0265,2819.3945,1889.8,3573.1
1181,apartment_block,520125.0,4255375.0,43.3572,0.9904,0.0069,0.1616,1.3968,False,0.2264,0.027,2609.354,1371.9,3568.1
1182,apartment_block,520375.0,4255375.0,43.8912,0.9424,0.0072,0.1553,1.3968,False,0.2188,0.0258,2754.2045,1690.7,3573.1
1183,apartment_block,520625.0,4255375.0,43.4352,0.9456,0.0079,0.1495,1.3968,False,0.2184,0.0254,2783.51,1700.9,3585.0
1184,apartment_block,521125.0,4255375.0,45.9757,0.8144,0.5013,0.1391,2.0054,False,0.4151,0.4909,1045.822,272.0,2395.2
1185,apartment_block,521375.0,4255375.0,43.8103,0.8992,0.0084,0.1344,2.0054,False,0.2303,0.0243,2565.7005,1829.9,3104.0
1186,apartment_block,521625.0,4255375.0,43.4092,0.9968,0.0064,0.1301,2.0054,False,0.2421,0.025,2278.3185,1177.4,3086.0
1187,apartment_block,521875.0,4255375.0,44.1803,0.9344,0.0065,0.126,2.0054,False,0.2339,0.0237,2481.8625,1630.9,3109.1
1188,apartment_block,522125.0,4255375.0,45.621,0.9264,0.0083,0.1221,2.0054,False,0.2334,0.0237,2443.8665,1574.9,3085.1
1189,apartment_block,522375.0,4255375.0,45.198,0.9376,0.0126,0.1185,2.0054,False,0.2348,0.025,2420.6985,1522.8,3077.0
1190,apartment_block,522875.0,4255375.0,44.8341,0.7824,0.013,0.1119,2.1667,False,0.2206,0.0228,2677.3425,2144.0,3189.1
1191,apartment_block,523125.0,4255375.0,44.2228,0.8416,0.0214,0.1088,2.1667,False,0.2283,0.0281,2533.837,1973.9,3129.1
1192,apartment_block,515625.0,4255625.0,42.4891,0.8848,0.0097,0.587,2.5872,False,0.344,0.0832,940.7545,436.0,1580.2
1193,apartment_block,515875.0,4255625.0,44.3176,0.992,0.0081,0.5129,2.5872,False,0.3342,0.0735,843.0065,421.8,1323.1
1194,apartment_block,516375.0,4255625.0,44.089,0.968,0.018,0.4088,1.948,False,0.2905,0.0609,1450.4665,789.0,2538.1
1195,apartment_block,516625.0,4255625.0,43.9955,0.8816,0.0324,0.371,1.948,False,0.2748,0.0611,1692.2785,989.0,2599.2
1196,apartment_block,518125.0,4255625.0,44.9902,0.9488,0.0212,0.2385,1.948,False,0.2527,0.0404,1947.5375,1227.9,2760.0
1197,apartment_block,518375.0,4255625.0,44.4961,0.8608,0.0155,0.2251,1.948,False,0.2382,0.0357,2300.8275,1690.9,2901.1
1198,apartment_block,518625.0,4255625.0,43.0239,0.8032,0.0166,0.2131,1.948,False,0.2283,0.0342,2541.8905,1979.9,3034.1
1199,apartment_block,519875.0,4255625.0,43.6348,0.9312,0.0083,0.1683,1.3968,False,0.219,0.0272,2739.61,1727.8,3566.0
1200,apartment_block,520125.0,4255625.0,42.669,0.9952,0.007,0.1615,1.3968,False,0.2267,0.0271,2617.525,1353.9,3577.0
1201,apartment_block,520375.0,4255625.0,43.0893,1.0,0.0064,0.1553,1.3968,False,0.2267,0.0265,2612.2835,1323.9,3578.0
1202,apartment_block,520625.0,4255625.0,42.9354,1.0,0.0069,0.1495,1.3968,False,0.226,0.026,2639.173,1346.0,3587.1
1203,apartment_block,520875.0,4255625.0,43.2266,1.0,0.0079,0.1441,1.3968,False,0.2256,0.0257,2645.395,1343.0,3583.1
1204,apartment_block,521125.0,4255625.0,44.8928,0.9472,0.6678,0.1391,2.0054,False,0.4996,0.649,804.6175,183.0,2139.0
1205,apartment_block,521375.0,4255625.0,43.9036,0.9728,0.0072,0.1344,2.0054,False,0.2398,0.0251,2324.6205,1365.8,3035.2
1206,apartment_block,521625.0,4255625.0,42.9314,0.9952,0.0059,0.13,2.0054,False,0.2416,0.0249,2311.772,1207.7,3125.0
1207,apartment_block,521875.0,4255625.0,43.2069,0.9808,0.0057,0.1259,2.0054,False,0.2394,0.0243,2373.466,1346.3,3145.2
1208,apartment_block,522125.0,4255625.0,44.9886,0.9328,0.0065,0.1221,2.0054,False,0.2337,0.0234,2462.897,1585.5,3102.0
1209,apartment_block,522875.0,4255625.0,44.8044,0.9792,0.0957,0.1119,2.1667,False,0.2607,0.095,1676.779,708.8,2650.1
1210,apartment_block,523125.0,4255625.0,43.9414,0.92,0.0214,0.1088,2.1667,False,0.238,0.029,2318.2835,1579.0,3049.0
1211,apartment_block,525375.0,4255625.0,43.8462,0.968,0.0837,0.0874,1.9992,False,0.2477,0.083,2020.8795,861.9,3095.1
1212,apartment_block,515875.0,4255875.0,42.4432,0.8736,0.0089,0.4979,2.5872,False,0.3207,0.0711,1097.3135,604.0,1736.4
1213,apartment_block,516125.0,4255875.0,42.5164,0.888,0.0092,0.4446,2.5872,False,0.3089,0.064,1164.7765,712.0,1722.4
1214,apartment_block,516375.0,4255875.0,43.5921,0.9536,0.0113,0.4014,2.5872,False,0.3055,0.0588,1089.2755,669.0,1527.1
1215,apartment_block,516625.0,4255875.0,43.3833,0.8128,0.0394,0.3658,1.948,False,0.2673,0.0638,1851.234,1080.0,2681.1
1216,apartment_block,516875.0,4255875.0,43.1685,0.8512,0.0447,0.3358,1.948,False,0.265,0.0638,1828.7505,1170.9,2609.1
1217,apartment_block,517625.0,4255875.0,43.7179,0.8832,0.0402,0.269,1.948,False,0.2532,0.0542,1964.156,1418.0,2688.2
1218,apartment_block,517875.0,4255875.0,44.6652,0.8672,0.0228,0.2522,1.948,False,0.2453,0.0421,2133.5425,1526.9,2813.0
1219,apartment_block,518125.0,4255875.0,43.5759,0.7744,0.0804,0.2373,1.948,False,0.2423,0.0842,2104.6655,1634.0,2644.1
1220,apartment_block,518375.0,4255875.0,46.6743,0.816,0.0744,0.2241,1.948,False,0.2451,0.0783,1991.5855,1497.0,2585.2
1221,apartment_block,518625.0,4255875.0,47.8271,0.9952,0.0193,0.2123,1.948,False,0.2553,0.0371,1821.0285,834.6,2738.0
1222,apartment_block,520125.0,4255875.0,43.0277,0.8976,0.0085,0.1612,1.3968,False,0.2127,0.026,2872.803,1951.0,3585.0
1223,apartment_block,520375.0,4255875.0,43.7064,0.9328,0.0073,0.155,1.3968,False,0.2173,0.0256,2789.013,1757.8,3578.0
1224,apartment_block,520625.0,4255875.0,43.2877,0.9536,0.0076,0.1492,1.3968,False,0.2194,0.0254,2768.8925,1657.8,3588.0
1225,apartment_block,520875.0,4255875.0,42.7379,0.9968,0.0082,0.1438,1.3968,False,0.2249,0.0257,2674.8965,1386.7,3594.1
1226,apartment_block,521125.0,4255875.0,44.5124,0.936,0.0069,0.1389,1.3968,False,0.2161,0.024,2810.701,1743.8,3586.1
1227,apartment_block,521375.0,4255875.0,44.3286,0.912,0.0065,0.1342,2.0054,False,0.232,0.0241,2510.703,1731.7,3070.1
1228,apartment_block,521625.0,4255875.0,43.1427,1.0,0.0061,0.1299,2.0054,False,0.2423,0.025,2279.3515,1166.0,3109.1
1229,apartment_block,521875.0,4255875.0,44.0199,0.9072,0.0063,0.1258,2.0054,False,0.2302,0.0233,2577.9875,1798.6,3146.3
1230,apartment_block,524375.0,4255875.0,43.6912,0.808,0.6678,0.0957,1.9945,False,0.4835,0.6471,1008.39,196.0,2567.4
1231,apartment_block,525375.0,4255875.0,41.285,0.9264,0.1435,0.0874,1.9945,False,0.2571,0.1408,1893.598,689.8,3101.0
1232,apartment_block,515625.0,4256125.0,42.9144,0.9792,0.0084,0.526,1.853,False,0.3163,0.0749,1336.376,539.0,2808.2
1233,apartment_block,516375.0,4256125.0,42.3822,0.7904,0.0101,0.3902,2.5872,False,0.2876,0.0562,1476.6525,913.0,2273.0
1234,apartment_block,516625.0,4256125.0,42.4058,0.7808,0.0125,0.3573,2.5872,False,0.2795,0.0521,1572.1175,1029.0,2342.1
1235,apartment_block,516875.0,4256125.0,43.7557,0.8832,0.012,0.3291,2.5872,False,0.2834,0.0489,1394.8835,992.8,1860.1
1236,apartment_block,517125.0,4256125.0,44.7131,0.9248,0.0609,0.3049,1.948,False,0.2704,0.0729,1585.8765,1018.0,2445.1
1237,apartment_block,517625.0,4256125.0,44.6738,0.9488,0.0419,0.2656,1.948,False,0.2612,0.0554,1741.2655,1053.9,2592.0
1238,apartment_block,517875.0,4256125.0,45.0849,0.8544,0.0287,0.2495,1.948,False,0.2445,0.0447,2128.079,1548.9,2780.2
1239,apartment_block,518625.0,4256125.0,45.7367,0.9584,0.0359,0.2108,1.948,False,0.252,0.0464,1900.909,1074.5,2709.1
1240,apartment_block,518875.0,4256125.0,44.2007,0.9136,0.0447,0.2004,1.948,False,0.2453,0.0518,2080.456,1411.9,2741.1
1241,apartment_block,519875.0,4256125.0,42.3263,0.8736,0.0574,0.1672,1.4895,False,0.2206,0.0601,2638.536,1785.7,3441.1
1242,apartment_block,520625.0,4256125.0,43.1874,0.912,0.0693,0.1487,1.4895,False,0.2264,0.0704,2496.4065,1416.0,3425.0
1243,apartment_block,521125.0,4256125.0,45.0828,0.888,0.0101,0.1385,1.3968,False,0.2097,0.0241,2900.852,1985.8,3585.0
1244,apartment_block,521375.0,4256125.0,45.9744,0.776,0.009,0.1338,2.0054,False,0.2159,0.0227,2760.7995,2257.8,3166.1
1245,apartment_block,521625.0,4256125.0,45.1595,0.9904,0.0072,0.1295,2.0054,False,0.2421,0.025,2217.549,1158.8,3007.2
1246,apartment_block,521875.0,4256125.0,44.061,0.9232,0.0079,0.1255,2.0054,False,0.2325,0.0238,2520.6725,1698.8,3119.1
1247,apartment_block,523375.0,4256125.0,43.6558,0.9936,0.0124,0.1057,1.9945,False,0.2397,0.0249,2356.353,1205.7,3217.0
1248,apartment_block,523625.0,4256125.0,42.6892,0.84,0.012,0.103,1.9945,False,0.2187,0.0223,2870.4295,2182.7,3393.1
1249,apartment_block,515625.0,4256375.0,42.8398,0.9216,0.007,0.5008,1.853,False,0.3043,0.071,1515.152,617.0,2925.0
1250,apartment_block,517125.0,4256375.0,43.5156,0.9776,0.0116,0.2982,2.5872,False,0.2865,0.0455,1265.8955,729.7,1762.0
1251,apartment_block,517375.0,4256375.0,43.6493,0.9568,0.0117,0.2786,2.5872,False,0.2808,0.0428,1355.4275,858.7,1844.1
1252,apartment_block,517625.0,4256375.0,43.4278,0.8928,0.0447,0.2612,1.948,False,0.2535,0.0567,1946.5145,1416.9,2673.0
1253,apartment_block,518125.0,4256375.0,44.6952,0.9536,0.0203,0.232,1.948,False,0.2518,0.0393,1974.0625,1217.9,2782.1
1254,apartment_block,518375.0,4256375.0,44.677,0.9856,0.0628,0.2196,1.948,False,0.2616,0.0686,1685.671,813.8,2552.1
1255,apartment_block,518625.0,4256375.0,43.6032,0.8528,0.0219,0.2085,1.948,False,0.2348,0.0366,2393.387,1827.9,2917.0
1256,apartment_block,519875.0,4256375.0,41.8619,0.7664,0.0402,0.1661,1.4895,False,0.2014,0.0445,2986.9585,2372.0,3491.0
1257,apartment_block,520375.0,4256375.0,42.702,0.8464,0.0874,0.1536,1.4895,False,0.2216,0.0873,2549.363,1608.8,3402.0
1258,apartment_block,520625.0,4256375.0,42.6247,0.76,0.0744,0.148,1.4895,False,0.2052,0.0745,2844.4595,2184.9,3443.0
1259,apartment_block,521125.0,4256375.0,45.0549,0.9184,0.0139,0.1379,1.3968,False,0.2145,0.0258,2816.914,1803.0,3575.0
1260,apartment_block,521375.0,4256375.0,45.3213,0.9104,0.0183,0.1333,2.0054,False,0.2338,0.0284,2408.584,1633.8,2964.0
1261,apartment_block,521625.0,4256375.0,46.8726,0.8864,0.0234,0.1291,2.0054,False,0.2319,0.0308,2399.693,1667.0,2954.0
1262,apartment_block,521875.0,4256375.0,45.3348,0.7968,0.0122,0.1251,2.0054,False,0.2174,0.0233,2769.9105,2239.0,3180.0
1263,apartment_block,522125.0,4256375.0,45.117,0.7728,0.0133,0.1213,2.0054,False,0.214,0.0232,2838.4375,2341.9,3227.0
1264,apartment_block,523375.0,4256375.0,43.1714,0.9568,0.01,0.1054,1.9945,False,0.2343,0.0235,2532.05,1542.0,3282.3
1265,apartment_block,509375.0,4256625.0,42.7205,0.9568,0.0068,0.55,3.8907,False,0.3773,0.0792,582.231,140.0,1031.0
1266,apartment_block,509625.0,4256625.0,43.1488,0.9744,0.0081,0.5388,4.3146,True,0.3887,0.0783,519.6345,74.0,966.0
1267,apartment_block,515375.0,4256625.0,42.9569,0.9184,0.0076,0.5485,1.853,False,0.3169,0.0775,1420.741,519.0,2864.1
1268,apartment_block,515625.0,4256625.0,42.7586,0.9312,0.0069,0.4839,1.853,False,0.3007,0.0687,1534.1395,657.0,2937.2
1269,apartment_block,515875.0,4256625.0,42.1963,0.9872,0.0056,0.4324,1.853,False,0.2927,0.0619,1543.445,739.9,2964.0
1270,apartment_block,516125.0,4256625.0,41.8702,0.9104,0.007,0.3918,3.1436,False,0.317,0.0572,1011.916,428.9,1557.0
1271,apartment_block,516375.0,4256625.0,41.5061,0.8256,0.0071,0.3588,2.5872,False,0.2827,0.0517,1517.3075,1005.0,2210.2
1272,apartment_block,516875.0,4256625.0,42.4725,0.904,0.0074,0.3099,2.5872,False,0.2803,0.0457,1450.002,1009.0,1938.1
1273,apartment_block,517125.0,4256625.0,42.9838,0.808,0.0085,0.2899,2.5872,False,0.2671,0.0425,1698.854,1177.9,2365.1
1274,apartment_block,517375.0,4256625.0,43.1759,0.9104,0.0097,0.2719,2.5872,False,0.2742,0.0412,1505.179,1044.0,2004.0
1275,apartment_block,517625.0,4256625.0,43.2768,0.8976,0.0126,0.2558,2.5872,False,0.2705,0.0397,1566.7415,1081.0,2075.1
1276,apartment_block,518125.0,4256625.0,44.7341,0.9344,0.2008,0.2283,1.948,False,0.2984,0.1993,1245.1935,490.9,2110.2
1277,apartment_block,518375.0,4256625.0,43.7242,0.888,0.0097,0.2165,1.948,False,0.2389,0.0332,2322.5325,1672.9,2968.2
1278,apartment_block,520625.0,4256625.0,43.8376,0.7632,0.0913,0.147,1.4895,False,0.2105,0.0906,2695.8215,1891.2,3413.0
1279,apartment_block,521125.0,4256625.0,44.7056,0.7808,0.0287,0.1371,1.3968,False,0.1958,0.0334,3069.735,2382.9,3575.0
1280,apartment_block,521625.0,4256625.0,45.8217,0.9408,0.0234,0.1284,2.0054,False,0.2382,0.0314,2273.255,1381.9,2943.0
1281,apartment_block,521875.0,4256625.0,45.088,0.9344,1.0,0.1245,2.3014,False,0.6095,0.8759,536.632,18.0,1636.5
1282,apartment_block,522125.0,4256625.0,47.4092,0.984,0.0275,0.1208,2.3014,False,0.2547,0.0347,1766.2245,818.0,2676.1
1283,apartment_block,522375.0,4256625.0,45.7824,0.9584,0.0372,0.1173,1.9945,False,0.2411,0.0413,2181.2345,1177.6,2979.1
1284,apartment_block,522625.0,4256625.0,45.1107,0.9392,0.251,0.114,1.9945,False,0.3024,0.2465,1364.9665,422.0,2643.1
1285,apartment_block,523375.0,4256625.0,44.1268,0.8288,0.0109,0.1051,1.9945,False,0.2181,0.0218,2838.9705,2192.9,3315.0
1286,apartment_block,523625.0,4256625.0,42.3461,0.9872,0.0098,0.1024,1.9945,False,0.2376,0.0237,2467.862,1330.8,3336.1
1287,apartment_block,523875.0,4256625.0,42.2844,0.7552,0.0108,0.0999,1.9945,False,0.2071,0.0204,3055.252,2529.9,3500.3
1288,apartment_block,509125.0,4256875.0,43.6797,0.9952,0.006,0.5292,2.9483,False,0.348,0.0757,719.803,319.9,1154.1
1289,apartment_block,509375.0,4256875.0,42.5893,0.9728,0.0066,0.4932,2.9483,False,0.3379,0.0709,806.681,390.8,1251.2
1290,apartment_block,509625.0,4256875.0,42.7262,0.9456,0.0066,0.4986,4.3146,False,0.379,0.0728,593.98,98.0,1075.7
1291,apartment_block,509875.0,4256875.0,43.0313,0.9856,0.0075,0.5519,4.3146,True,0.3917,0.08,500.102,66.9,937.0
1292,apartment_block,515125.0,4256875.0,43.7386,0.8608,0.008,0.5853,1.853,False,0.3225,0.0823,1442.0165,455.9,2891.6
1293,apartment_block,515375.0,4256875.0,42.5855,0.904,0.0081,0.5214,1.853,False,0.3084,0.0739,1511.028,568.0,2938.1
1294,apartment_block,515625.0,4256875.0,42.4262,0.9888,0.0078,0.4666,1.853,False,0.3018,0.0668,1447.7525,647.9,2920.0
1295,apartment_block,515875.0,4256875.0,41.9677,0.8912,0.0077,0.421,1.853,False,0.2804,0.06,1791.195,828.9,3061.0
1296,apartment_block,516375.0,4256875.0,41.6048,0.8496,0.0069,0.3504,3.1436,False,0.3034,0.0513,1213.0465,516.8,1929.5
1297,apartment_block,516875.0,4256875.0,42.5903,0.8336,0.0071,0.2993,3.1436,False,0.2925,0.0445,1342.95,562.8,2108.1
1298,apartment_block,517125.0,4256875.0,42.697,0.8288,0.0076,0.2804,3.1436,False,0.2887,0.0421,1396.0225,577.9,2178.2
1299,apartment_block,517375.0,4256875.0,42.7436,0.8944,0.0078,0.2642,1.948,False,0.2478,0.039,2164.0415,1449.9,2954.0
1300,apartment_block,517625.0,4256875.0,42.276,0.8496,0.0097,0.2495,1.948,False,0.2395,0.037,2340.386,1640.0,3037.1
1301,apartment_block,517875.0,4256875.0,42.4996,0.9488,0.0118,0.2361,1.948,False,0.2497,0.0367,2109.468,1337.9,2940.1
1302,apartment_block,518125.0,4256875.0,42.9155,0.9728,0.0089,0.2239,1.948,False,0.2503,0.0348,2079.839,1212.8,2944.1
1303,apartment_block,519375.0,4256875.0,44.4048,0.8816,0.0272,0.177,1.4895,False,0.219,0.0364,2682.858,1869.7,3457.0
1304,apartment_block,521125.0,4256875.0,44.1507,0.7984,0.0261,0.1362,2.3014,False,0.2323,0.0327,2359.6445,1785.8,2887.1
1305,apartment_block,521375.0,4256875.0,44.2981,0.9952,0.0188,0.1318,2.3014,False,0.2544,0.0301,1837.4185,891.7,2696.3
1306,apartment_block,521625.0,4256875.0,43.3155,0.808,0.0158,0.1277,2.3014,False,0.2305,0.0259,2456.528,1823.8,3037.0
1307,apartment_block,522375.0,4256875.0,45.9893,0.984,0.0309,0.1167,1.9945,False,0.2434,0.0366,2126.1425,1011.8,3003.0
1308,apartment_block,522625.0,4256875.0,44.9555,0.8704,0.0628,0.1135,1.9945,False,0.2335,0.0633,2336.1105,1559.9,2997.0
1309,apartment_block,508375.0,4257125.0,41.173,0.8048,0.008,0.5745,4.1815,False,0.3822,0.0823,703.116,127.0,1483.2
1310,apartment_block,508625.0,4257125.0,42.1439,0.8976,0.0104,0.5412,4.1815,True,0.3813,0.0785,617.9475,116.9,1159.2
1311,apartment_block,509125.0,4257125.0,43.7585,0.9824,0.0056,0.4745,2.9483,False,0.3346,0.0683,801.0525,378.0,1241.1
1312,apartment_block,509375.0,4257125.0,43.6508,0.9328,0.0062,0.4478,2.9483,False,0.3248,0.0645,909.5505,472.0,1375.3
1313,apartment_block,509625.0,4257125.0,43.8005,0.952,0.0064,0.4618,4.3146,True,0.3727,0.0679,616.3665,104.8,1112.1
1314,apartment_block,509875.0,4257125.0,43.4383,0.9312,0.0072,0.5004,4.3146,True,0.3788,0.073,596.8905,98.9,1089.0
1315,apartment_block,510125.0,4257125.0,43.7495,0.8944,0.0075,0.5363,3.5891,False,0.362,0.0769,693.365,206.0,1229.2
1316,apartment_block,510375.0,4257125.0,43.6316,0.9456,0.0078,0.5605,3.5891,False,0.3705,0.0804,608.896,178.0,1057.1
1317,apartment_block,515125.0,4257125.0,43.7849,0.8224,0.0099,0.5446,1.853,False,0.3086,0.077,1584.041,542.0,2982.0
1318,apartment_block,515375.0,4257125.0,42.616,0.9648,0.008,0.4853,1.853,False,0.3044,0.0692,1457.7755,634.9,2894.1
1319,apartment_block,515875.0,4257125.0,42.4465,0.9376,0.008,0.4038,1.853,False,0.281,0.058,1718.6745,870.0,3013.0
1320,apartment_block,516125.0,4257125.0,41.8946,0.8624,0.0095,0.3702,3.1436,False,0.3091,0.0544,1131.558,485.9,1796.1
1321,apartment_block,516625.0,4257125.0,41.9768,0.888,0.0107,0.3159,3.1436,False,0.3007,0.0476,1202.247,508.0,1845.1
1322,apartment_block,517125.0,4257125.0,41.6755,0.8384,0.009,0.2745,3.1436,False,0.2884,0.0416,1412.959,590.7,2193.3
1323,apartment_block,517375.0,4257125.0,42.2205,0.7664,0.0077,0.2574,3.1436,False,0.2792,0.0387,1587.772,647.0,2513.2
1324,apartment_block,517875.0,4257125.0,43.4055,0.8944,0.0091,0.2302,1.948,False,0.2419,0.0348,2266.0875,1603.9,2963.1
1325,apartment_block,518125.0,4257125.0,43.952,0.9392,0.0081,0.2189,1.948,False,0.2456,0.0337,2163.709,1419.0,2906.1
1326,apartment_block,518625.0,4257125.0,42.2474,0.928,0.0084,0.1991,1.948,False,0.2402,0.0313,2343.0095,1565.8,3051.2
1327,apartment_block,519625.0,4257125.0,42.5417,0.7808,0.0112,0.1678,1.4895,False,0.1998,0.0262,3051.841,2389.2,3544.1
1328,apartment_block,521625.0,4257125.0,43.35,0.8256,0.0141,0.1268,2.3014,False,0.2322,0.0252,2423.939,1785.9,3027.2
1329,apartment_block,508875.0,4257375.0,43.5721,0.992,0.0062,0.4555,2.62,False,0.3213,0.0656,926.8415,482.9,1407.2
1330,apartment_block,509125.0,4257375.0,43.5719,1.0,0.0059,0.428,2.62,False,0.3157,0.0619,962.495,497.8,1445.1
1331,apartment_block,509625.0,4257375.0,43.7439,0.9952,0.0078,0.4255,3.4159,False,0.3404,0.0625,741.7465,245.0,1209.2
1332,apartment_block,509875.0,4257375.0,43.6934,0.9664,0.0112,0.4538,3.4159,False,0.3447,0.0666,730.5135,247.0,1176.1
1333,apartment_block,510125.0,4257375.0,43.6167,0.9408,0.0097,0.4776,3.4159,False,0.3475,0.0694,737.1965,256.0,1212.0
1334,apartment_block,510375.0,4257375.0,43.7272,0.968,0.0097,0.5179,3.4159,False,0.3581,0.0749,654.392,225.0,1080.1
1335,apartment_block,510625.0,4257375.0,43.4776,0.9808,0.0097,0.5776,3.4159,False,0.3718,0.0829,582.3995,203.0,1000.2
1336,apartment_block,515125.0,4257375.0,43.283,0.9616,0.0065,0.5187,2.0935,False,0.3189,0.0737,1183.445,550.9,2128.1
1337,apartment_block,515375.0,4257375.0,42.4014,0.9088,0.0065,0.4623,2.0935,False,0.2995,0.0658,1429.7985,702.0,2322.0
1338,apartment_block,515625.0,4257375.0,42.409,0.9072,0.0065,0.4175,1.853,False,0.2811,0.0595,1757.6505,833.0,3026.2
1339,apartment_block,515875.0,4257375.0,42.7779,0.8368,0.0089,0.3833,1.853,False,0.2656,0.0548,1987.101,998.9,3096.1
1340,apartment_block,517125.0,4257375.0,42.594,0.816,0.0101,0.2687,3.1436,False,0.2859,0.0409,1447.6675,593.9,2256.3
1341,apartment_block,517875.0,4257375.0,43.6186,0.9104,0.0112,0.2256,1.948,False,0.2434,0.0349,2222.5845,1554.9,2914.0
1342,apartment_block,519125.0,4257375.0,42.7741,0.784,0.0063,0.1792,1.4895,False,0.2016,0.0264,3005.581,2306.0,3543.1
1343,apartment_block,519625.0,4257375.0,42.595,0.8464,0.0087,0.1654,1.4895,False,0.2086,0.026,2940.771,2175.0,3538.0
1344,apartment_block,521125.0,4257375.0,41.7257,0.8336,0.0146,0.1339,2.3014,False,0.2334,0.0261,2433.681,1775.0,3080.1
1345,apartment_block,507875.0,4257625.0,43.5442,0.9808,0.0056,0.5837,2.5098,False,0.3475,0.0826,819.8105,386.9,1368.1
1346,apartment_block,508125.0,4257625.0,43.5354,0.9936,0.0061,0.516,2.5098,False,0.3323,0.0737,884.958,439.9,1415.0
1347,apartment_block,508375.0,4257625.0,43.6102,0.9264,0.0072,0.4647,2.5098,False,0.3146,0.0666,1072.2115,635.0,1567.1
1348,apartment_block,508625.0,4257625.0,43.9302,0.9936,0.0074,0.4355,2.2498,False,0.3061,0.0628,1133.5355,598.9,1772.0
1349,apartment_block,508875.0,4257625.0,43.7627,0.9632,0.0054,0.4158,2.4023,False,0.3029,0.0599,1149.489,692.9,1656.0
1350,apartment_block,509125.0,4257625.0,43.7543,0.9888,0.0053,0.3928,2.4023,False,0.3001,0.0569,1147.702,654.9,1675.0
1351,apartment_block,509375.0,4257625.0,43.8116,0.9408,0.0058,0.375,2.62,False,0.2987,0.0544,1162.6935,743.6,1607.4
1352,apartment_block,509625.0,4257625.0,43.5356,0.8832,0.007,0.3922,3.4159,False,0.325,0.0574,952.6855,334.8,1555.3
1353,apartment_block,509875.0,4257625.0,43.2731,0.9392,0.0102,0.4126,3.4159,False,0.3339,0.0609,832.0935,285.0,1318.0
1354,apartment_block,510125.0,4257625.0,43.3672,0.8368,0.0112,0.4383,3.4159,False,0.3319,0.0639,940.822,335.0,1632.2
1355,apartment_block,510625.0,4257625.0,44.0647,0.96,0.0135,0.527,3.4159,False,0.3604,0.0767,642.0715,223.0,1072.1
1356,apartment_block,510875.0,4257625.0,43.4845,0.9568,0.0181,0.5775,3.4159,False,0.3721,0.0843,590.0065,209.0,1013.3
1357,apartment_block,515125.0,4257625.0,42.4439,0.9984,0.0058,0.492,2.0935,False,0.315,0.0702,1179.5365,552.6,2147.2
1358,apartment_block,515375.0,4257625.0,42.2473,0.9792,0.0052,0.4425,2.0935,False,0.301,0.0633,1324.7255,695.9,2255.1
1359,apartment_block,515625.0,4257625.0,41.7343,0.8512,0.0053,0.4022,2.0935,False,0.2785,0.0572,1723.9315,907.0,2554.1
1360,apartment_block,515875.0,4257625.0,42.8762,0.8096,0.006,0.368,2.0935,False,0.2663,0.0523,1877.7345,1064.0,2635.1
1361,apartment_block,516125.0,4257625.0,42.4147,0.7744,0.0093,0.3386,2.1205,False,0.2569,0.0485,2016.5735,1222.9,2732.1
1362,apartment_block,518875.0,4257625.0,43.2323,0.9968,0.0078,0.1831,2.1923,False,0.2552,0.0306,1857.8505,981.7,2517.3
1363,apartment_block,519625.0,4257625.0,43.0406,0.9808,0.007,0.1629,1.4895,False,0.2276,0.0272,2600.707,1422.8,3508.1
1364,apartment_block,507875.0,4257875.0,43.2654,0.9824,0.0056,0.5401,2.5098,False,0.337,0.0768,876.0455,430.9,1409.0
1365,apartment_block,508125.0,4257875.0,43.807,1.0,0.0062,0.4858,2.5098,False,0.3258,0.0696,914.5665,460.4,1432.0
1366,apartment_block,508375.0,4257875.0,43.6049,0.9376,0.0091,0.4402,2.0636,False,0.2967,0.0632,1394.985,755.0,2290.0
1367,apartment_block,508625.0,4257875.0,43.2397,0.9696,0.0063,0.4006,2.2498,False,0.2953,0.0578,1277.596,752.0,1889.1
1368,apartment_block,508875.0,4257875.0,43.5466,0.9408,0.0048,0.3808,2.2498,False,0.2878,0.0548,1383.1,886.0,1946.3
1369,apartment_block,509125.0,4257875.0,44.0666,0.9968,0.0048,0.3638,2.4023,False,0.2946,0.053,1186.289,639.6,1710.1
1370,apartment_block,509375.0,4257875.0,44.084,0.9216,0.0062,0.3455,2.4023,False,0.2834,0.0502,1387.826,962.8,1829.1
1371,apartment_block,515625.0,4257875.0,42.5372,0.9888,0.0038,0.3859,2.0266,False,0.2865,0.0556,1485.551,797.8,2468.0
1372,apartment_block,515875.0,4257875.0,43.1201,0.944,0.0043,0.3549,2.0266,False,0.275,0.0511,1661.356,1000.0,2526.3
1373,apartment_block,516125.0,4257875.0,42.6215,0.8112,0.0057,0.3284,2.1205,False,0.2578,0.0469,1978.5355,1243.9,2643.0
1374,apartment_block,516375.0,4257875.0,43.3171,0.8336,0.007,0.3054,2.1205,False,0.2555,0.044,1973.3105,1317.8,2559.1
1375,apartment_block,516625.0,4257875.0,42.834,0.8848,0.0102,0.2851,2.1205,False,0.2572,0.0422,1917.205,1345.9,2474.2
1376,apartment_block,519375.0,4257875.0,43.135,0.9632,0.0051,0.1663,1.4895,False,0.2254,0.027,2642.722,1539.9,3507.0
1377,apartment_block,519625.0,4257875.0,43.1231,0.8064,0.0061,0.1601,1.4895,False,0.202,0.0244,3029.015,2343.7,3549.0
1378,apartment_block,507625.0,4258125.0,43.2133,0.8784,0.0064,0.5445,2.5098,False,0.3302,0.077,1041.922,518.0,1696.0
1379,apartment_block,507875.0,4258125.0,43.3303,0.84,0.0064,0.4964,2.5098,False,0.3151,0.0704,1189.055,624.0,1914.1
1380,apartment_block,508125.0,4258125.0,44.1526,1.0,0.0072,0.4544,2.5098,False,0.3188,0.0655,953.146,486.9,1459.0
1381,apartment_block,508375.0,4258125.0,43.4016,0.9696,0.0058,0.4154,2.0636,False,0.2932,0.0596,1393.6815,772.9,2305.0
1382,apartment_block,508625.0,4258125.0,43.7612,0.9568,0.0043,0.3826,2.0636,False,0.2841,0.055,1497.659,884.0,2337.2
1383,apartment_block,508875.0,4258125.0,44.5138,0.9696,0.0047,0.3533,2.266,False,0.2855,0.0513,1342.5125,823.9,1884.4
1384,apartment_block,509125.0,4258125.0,43.612,0.9504,0.0071,0.3375,2.4023,False,0.2846,0.0494,1351.8035,889.0,1813.1
1385,apartment_block,509375.0,4258125.0,44.0435,0.9424,0.0071,0.323,2.4023,False,0.2809,0.0474,1395.4985,940.9,1842.1
1386,apartment_block,509625.0,4258125.0,43.6783,0.8304,0.0119,0.3355,2.0516,False,0.2605,0.0489,1925.6995,1189.9,2602.0
1387,apartment_block,509875.0,4258125.0,43.2075,0.7536,0.0088,0.3591,2.37,False,0.2691,0.0514,1752.973,1085.0,2531.2
1388,apartment_block,510125.0,4258125.0,43.1754,0.7728,0.011,0.384,2.37,False,0.2773,0.0553,1638.8915,974.0,2414.0
1389,apartment_block,515875.0,4258125.0,42.4158,0.9312,0.0042,0.3413,2.0266,False,0.2702,0.0492,1756.7815,1084.8,2614.2
1390,apartment_block,516125.0,4258125.0,42.9705,0.984,0.0044,0.3174,2.1205,False,0.2742,0.0465,1572.2595,907.0,2298.0
1391,apartment_block,516375.0,4258125.0,43.1778,0.9904,0.0058,0.2962,2.1205,False,0.2709,0.0439,1600.1775,875.9,2314.2
1392,apartment_block,516625.0,4258125.0,43.5083,0.9776,0.0073,0.2775,2.1205,False,0.2662,0.0415,1672.215,996.9,2336.4
1393,apartment_block,519375.0,4258125.0,42.7091,0.808,0.0068,0.1642,2.1923,False,0.2292,0.0261,2504.44,2033.9,2963.1
1394,apartment_block,507375.0,4258375.0,42.6414,0.9408,0.0106,0.5369,2.5098,False,0.3337,0.0768,945.3925,498.0,1477.2
1395,apartment_block,507625.0,4258375.0,43.0547,0.9568,0.0082,0.493,2.5098,False,0.324,0.0706,981.334,541.9,1480.1
1396,apartment_block,507875.0,4258375.0,43.4799,0.8144,0.0083,0.4566,2.5098,False,0.3034,0.0651,1304.851,719.0,2068.6
1397,apartment_block,508125.0,4258375.0,43.9316,1.0,0.007,0.4223,2.0636,False,0.2982,0.0609,1288.787,631.9,2242.4
1398,apartment_block,508375.0,4258375.0,43.6592,0.928,0.0054,0.3918,2.0636,False,0.2834,0.0561,1544.5785,906.0,2371.2
1399,apartment_block,508625.0,4258375.0,44.1778,0.9888,0.0042,0.3633,2.0636,False,0.2832,0.0526,1454.559,795.0,2315.0
1400,apartment_block,508875.0,4258375.0,44.6281,0.9632,0.0044,0.3379,2.266,False,0.2815,0.0492,1394.2085,873.9,1918.0
1401,apartment_block,509125.0,4258375.0,44.2443,0.9584,0.007,0.3154,2.4023,False,0.2811,0.0465,1370.144,889.0,1830.3
1402,apartment_block,509375.0,4258375.0,43.8003,0.8992,0.0087,0.3026,2.0516,False,0.2603,0.0443,1866.9995,1257.0,2520.2
1403,apartment_block,510125.0,4258375.0,42.6948,0.7856,0.0062,0.3587,2.37,False,0.2714,0.0511,1712.9415,1080.0,2443.1
1404,apartment_block,510875.0,4258375.0,43.9679,0.9808,0.0056,0.4465,2.1411,False,0.3041,0.0639,1221.753,648.9,2017.0
1405,apartment_block,511125.0,4258375.0,44.0637,0.8832,0.0041,0.4746,2.1411,False,0.3019,0.0671,1378.248,682.0,2192.1
1406,apartment_block,511375.0,4258375.0,43.4947,0.8896,0.0038,0.4962,2.1411,False,0.3078,0.0701,1337.3765,628.0,2194.0
1407,apartment_block,515875.0,4258375.0,42.5249,0.9584,0.0041,0.327,2.0266,False,0.2702,0.0474,1723.7075,1046.9,2578.5
1408,apartment_block,516125.0,4258375.0,42.4646,0.9408,0.0054,0.3058,2.1205,False,0.2669,0.0447,1737.239,1136.9,2412.2
1409,apartment_block,516375.0,4258375.0,43.1747,0.9968,0.0069,0.2866,2.1205,False,0.2699,0.0428,1604.268,842.4,2319.3
1410,apartment_block,506375.0,4258625.0,42.9044,0.824,0.0248,0.5634,2.5098,False,0.3347,0.0831,1060.343,491.0,1768.1
1411,apartment_block,506625.0,4258625.0,43.7255,0.8464,0.0239,0.5144,2.5098,False,0.3237,0.0765,1080.733,573.0,1691.0
1412,apartment_block,506875.0,4258625.0,43.7045,0.8432,0.0203,0.5195,2.5098,False,0.3241,0.0761,1090.856,563.0,1745.2
1413,apartment_block,507125.0,4258625.0,43.1064,0.7744,0.0718,0.5075,2.5098,False,0.3271,0.0999,1061.8545,600.0,1705.3
1414,apartment_block,507375.0,4258625.0,43.7523,0.8752,0.012,0.4828,2.5098,False,0.3157,0.0695,1121.415,642.9,1711.2
1415,apartment_block,507625.0,4258625.0,43.3271,0.9008,0.0114,0.4516,2.5098,False,0.3099,0.0653,1140.899,697.9,1644.0
1416,apartment_block,507875.0,4258625.0,43.1905,0.8992,0.0084,0.4199,2.0636,False,0.2877,0.0602,1545.958,819.9,2397.0
1417,apartment_block,508125.0,4258625.0,43.6535,0.896,0.0063,0.3932,2.0636,False,0.2806,0.0562,1614.956,907.9,2420.3
1418,apartment_block,508375.0,4258625.0,43.6487,0.9904,0.0056,0.3674,2.0636,False,0.2843,0.0533,1450.639,783.9,2325.2
1419,apartment_block,508625.0,4258625.0,44.4502,0.904,0.005,0.3443,2.0636,False,0.2701,0.0495,1709.229,1080.0,2434.0
1420,apartment_block,509125.0,4258625.0,44.2546,0.8304,0.0052,0.3023,2.0516,False,0.2523,0.0433,2031.067,1338.0,2672.1
1421,apartment_block,509625.0,4258625.0,43.0296,0.8352,0.0069,0.302,1.9664,False,0.2494,0.0434,2147.2855,1363.9,2926.1
1422,apartment_block,509875.0,4258625.0,42.9769,0.9968,0.0064,0.3185,1.9664,False,0.2714,0.0468,1678.258,870.9,2705.0
1423,apartment_block,510125.0,4258625.0,42.9483,0.8272,0.0075,0.3399,2.37,False,0.2714,0.049,1668.834,1124.0,2267.0
1424,apartment_block,510875.0,4258625.0,43.6829,0.9664,0.0056,0.4085,1.9412,False,0.2878,0.0586,1527.597,812.9,2672.1
1425,apartment_block,511125.0,4258625.0,43.9217,0.9968,0.0045,0.4284,1.9412,False,0.2955,0.0613,1402.4065,677.0,2596.1
1426,apartment_block,514625.0,4258625.0,42.82,0.9824,0.0046,0.4469,2.0489,False,0.3012,0.0638,1329.8985,681.0,2324.0
1427,apartment_block,500375.0,4258875.0,40.6811,0.7664,1.0,0.4578,2.6955,False,0.7065,0.9195,238.0165,16.0,679.0
1428,apartment_block,506125.0,4258875.0,43.4087,0.848,0.0347,0.5693,2.2827,False,0.3338,0.0872,1082.422,477.0,1769.1
1429,apartment_block,506375.0,4258875.0,44.5069,0.9568,0.0305,0.5204,2.5098,False,0.3356,0.0798,850.581,459.8,1302.2
1430,apartment_block,506625.0,4258875.0,43.9596,0.9424,0.0379,0.472,2.5098,False,0.324,0.0767,927.2135,562.0,1330.0
1431,apartment_block,506875.0,4258875.0,42.89,0.8064,0.0379,0.4599,2.5098,False,0.3091,0.0747,1222.56,711.0,1842.0
1432,apartment_block,507125.0,4258875.0,41.5465,0.8288,0.0372,0.4523,2.5098,False,0.3085,0.0735,1227.107,729.0,1790.1
1433,apartment_block,507375.0,4258875.0,42.4548,0.7664,0.0237,0.4358,2.5098,False,0.2966,0.0657,1413.4545,792.0,2257.0
1434,apartment_block,507625.0,4258875.0,43.7124,0.8272,0.0122,0.4141,2.0636,False,0.2801,0.0596,1691.135,869.9,2503.0
1435,apartment_block,508125.0,4258875.0,43.3525,0.952,0.0067,0.3659,2.0636,False,0.2799,0.0529,1558.2095,939.9,2370.3
1436,apartment_block,509375.0,4258875.0,44.1418,0.9216,0.0069,0.2737,1.9664,False,0.254,0.0403,1986.322,1320.0,2768.1
1437,apartment_block,509625.0,4258875.0,43.9136,0.984,0.0066,0.2866,1.9664,False,0.2639,0.0425,1774.808,987.0,2705.1
1438,apartment_block,509875.0,4258875.0,43.2973,0.9792,0.0058,0.3036,1.9664,False,0.2663,0.0446,1764.4875,1009.7,2721.1
1439,apartment_block,510125.0,4258875.0,42.7107,0.8272,0.0066,0.3215,2.37,False,0.267,0.0464,1730.997,1199.0,2317.3
1440,apartment_block,510375.0,4258875.0,43.3251,0.8352,0.0068,0.3399,2.37,False,0.2722,0.0489,1641.58,1115.0,2216.0
1441,apartment_block,511125.0,4258875.0,43.5039,0.9952,0.0053,0.3893,1.9412,False,0.2861,0.0561,1509.0,763.0,2669.0
1442,apartment_block,504875.0,4259125.0,48.017,0.8112,0.0744,0.566,2.2827,True,0.3416,0.1077,946.0195,477.0,1552.1
1443,apartment_block,506375.0,4259125.0,44.2087,0.9168,0.0628,0.4748,2.2827,False,0.3214,0.0908,985.8665,630.9,1456.1
1444,apartment_block,506625.0,4259125.0,44.9789,0.8256,0.0428,0.4396,2.5098,False,0.3074,0.0747,1160.7445,755.0,1584.2
1445,apartment_block,507375.0,4259125.0,45.2087,0.8864,0.0372,0.3959,2.5098,False,0.3012,0.0669,1145.854,817.8,1493.1
1446,apartment_block,507625.0,4259125.0,44.253,0.8624,0.016,0.3803,2.0636,False,0.2759,0.0561,1671.239,963.0,2406.2
1447,apartment_block,507875.0,4259125.0,44.7331,0.8624,0.0077,0.3619,2.0636,False,0.2704,0.0519,1740.9765,1035.0,2477.0
1448,apartment_block,509375.0,4259125.0,45.2377,0.824,0.0107,0.263,1.9664,False,0.2415,0.0388,2214.1935,1552.9,2865.0
1449,apartment_block,509625.0,4259125.0,44.5297,0.96,0.007,0.2742,1.9664,False,0.2589,0.0407,1858.4,1154.9,2715.2
1450,apartment_block,509875.0,4259125.0,44.2776,0.9936,0.0061,0.2887,1.9664,False,0.2655,0.0428,1727.248,906.6,2684.0
1451,apartment_block,510125.0,4259125.0,43.6914,0.9472,0.0068,0.3035,2.1772,False,0.2697,0.0446,1619.9095,1064.7,2181.1
1452,apartment_block,510625.0,4259125.0,42.7722,0.7568,0.0072,0.3327,2.1772,False,0.2556,0.0474,2009.2735,1247.0,2730.0
1453,apartment_block,510875.0,4259125.0,43.2749,0.8944,0.0079,0.3457,2.1772,False,0.2731,0.0501,1646.897,1079.0,2224.1
1454,apartment_block,511125.0,4259125.0,43.8303,0.888,0.0071,0.3565,1.9647,False,0.2681,0.0512,1827.1245,1053.0,2743.0
1455,apartment_block,511375.0,4259125.0,43.3286,0.944,0.0045,0.3653,1.9412,False,0.2749,0.0525,1712.2335,980.0,2779.3
1456,apartment_block,518625.0,4259125.0,42.0467,0.9616,0.0063,0.1713,2.2082,False,0.2491,0.0287,2051.24,1278.7,2704.3
1457,apartment_block,518875.0,4259125.0,42.3329,0.9856,0.0081,0.1649,2.2082,False,0.2516,0.0286,1976.226,1103.7,2704.1
1458,apartment_block,505125.0,4259375.0,44.144,0.832,0.0365,0.5122,2.2827,False,0.318,0.0806,1180.939,585.0,1795.2
1459,apartment_block,505625.0,4259375.0,47.1272,0.8144,0.0387,0.4887,2.2827,False,0.312,0.0785,1196.4085,642.9,1786.1
1460,apartment_block,507375.0,4259375.0,45.9058,0.8672,0.0335,0.3622,2.0636,False,0.276,0.0605,1579.5945,1017.0,2224.1
1461,apartment_block,507625.0,4259375.0,45.0171,0.9296,0.0161,0.3505,2.0636,False,0.2763,0.0525,1563.828,1007.9,2306.1
1462,apartment_block,507875.0,4259375.0,44.8156,0.8736,0.0119,0.3366,2.4446,False,0.2794,0.0496,1455.465,1059.9,1905.1
1463,apartment_block,509125.0,4259375.0,45.0159,0.7696,0.0121,0.2644,1.9664,False,0.2355,0.0389,2328.4845,1634.8,2937.1
1464,apartment_block,509625.0,4259375.0,44.3742,0.8832,0.01,0.2619,1.9664,False,0.2477,0.039,2109.443,1460.9,2808.0
1465,apartment_block,509875.0,4259375.0,44.3183,0.944,0.0095,0.2742,1.9664,False,0.2573,0.041,1902.388,1233.0,2724.1
1466,apartment_block,510125.0,4259375.0,44.5399,0.8928,0.0092,0.2866,2.1772,False,0.261,0.0423,1772.8085,1291.9,2243.2
1467,apartment_block,510375.0,4259375.0,44.4708,0.928,0.0071,0.2986,2.1772,False,0.267,0.0439,1657.0615,1145.8,2172.1
1468,apartment_block,510625.0,4259375.0,43.8663,0.9616,0.0083,0.3101,2.1772,False,0.273,0.0458,1551.643,993.8,2138.0
1469,apartment_block,517875.0,4259375.0,42.0547,0.9536,0.0064,0.1892,2.2082,False,0.2507,0.0305,2007.2175,1290.9,2599.0
1470,apartment_block,518125.0,4259375.0,41.483,0.9376,0.0065,0.1817,2.2082,False,0.2474,0.0295,2104.1335,1424.9,2706.1
1471,apartment_block,518375.0,4259375.0,42.0972,0.9328,0.0059,0.1747,2.2082,False,0.246,0.0286,2126.413,1460.8,2718.2
1472,apartment_block,518625.0,4259375.0,42.2568,0.9104,0.0067,0.1682,2.2082,False,0.2426,0.0278,2210.419,1605.0,2794.0
1473,apartment_block,518875.0,4259375.0,41.8189,0.9696,0.0082,0.1621,2.2082,False,0.249,0.0282,2061.785,1240.9,2773.0
1474,apartment_block,504875.0,4259625.0,44.1354,0.9152,0.0207,0.4464,2.2827,False,0.305,0.0666,1197.176,730.9,1735.1
1475,apartment_block,505125.0,4259625.0,44.6645,0.8576,0.0193,0.4542,2.2827,False,0.3017,0.067,1294.496,724.9,1894.2
1476,apartment_block,505375.0,4259625.0,45.4363,0.816,0.0287,0.4515,2.2827,False,0.2995,0.0696,1332.1705,740.0,1944.1
1477,apartment_block,505625.0,4259625.0,45.2816,0.9168,0.0108,0.4391,2.2827,False,0.3019,0.0634,1219.1355,742.0,1782.1
1478,apartment_block,505875.0,4259625.0,45.7166,0.8176,0.0123,0.4206,2.2827,False,0.2888,0.0606,1450.1755,827.0,2122.0
1479,apartment_block,506125.0,4259625.0,46.6483,0.936,0.0141,0.4101,2.2827,False,0.298,0.0602,1199.3075,750.0,1717.1
1480,apartment_block,504875.0,4259875.0,44.1142,0.8528,0.0136,0.4027,2.2827,False,0.2871,0.0586,1455.5975,880.0,2025.1
1481,apartment_block,505125.0,4259875.0,44.8158,0.7904,0.0099,0.4079,2.2827,False,0.2823,0.0584,1565.5925,888.0,2306.0
1482,apartment_block,505375.0,4259875.0,44.7071,0.9552,0.0079,0.4061,2.2827,False,0.297,0.0587,1227.307,750.7,1767.0
1483,apartment_block,505625.0,4259875.0,44.8071,0.9216,0.0089,0.3976,2.2827,False,0.292,0.0575,1315.002,851.0,1837.1
1484,apartment_block,505875.0,4259875.0,44.6829,0.8608,0.0116,0.3839,2.2827,False,0.2833,0.0557,1474.5215,933.0,2010.1
1485,apartment_block,506125.0,4259875.0,44.4947,0.8192,0.0141,0.3733,2.2827,False,0.277,0.0546,1589.863,995.9,2195.0
1486,apartment_block,506375.0,4259875.0,45.6446,0.7744,0.0237,0.3624,2.2827,False,0.2723,0.0559,1644.334,1057.0,2300.1
1487,apartment_block,506625.0,4259875.0,46.3439,0.7728,0.0128,0.3484,4.1855,True,0.3389,0.0531,989.228,174.9,1901.3
1488,apartment_block,506875.0,4259875.0,45.3351,0.8576,0.0143,0.3327,4.1855,True,0.3415,0.0519,904.206,158.0,1629.2
1489,apartment_block,505375.0,4260125.0,44.6116,0.9408,0.0085,0.3689,2.2827,False,0.2872,0.0537,1342.515,873.7,1844.1
1490,apartment_block,505625.0,4260125.0,44.9741,0.984,0.0088,0.3629,2.2827,False,0.2904,0.0532,1250.6885,711.5,1801.0
1491,apartment_block,505875.0,4260125.0,44.811,0.8944,0.0113,0.3529,2.2827,False,0.2794,0.0517,1477.252,1021.0,1943.0
1492,apartment_block,506125.0,4260125.0,46.5126,0.8928,0.0098,0.3423,2.5169,False,0.2855,0.0502,1322.6515,914.9,1759.1
1493,apartment_block,506375.0,4260125.0,45.7249,0.9632,0.0109,0.3342,2.5169,False,0.2905,0.0498,1202.149,724.9,1644.0
1494,apartment_block,506625.0,4260125.0,44.3723,0.936,0.0101,0.3235,2.5169,False,0.2849,0.048,1319.43,887.9,1750.2
1495,apartment_block,509375.0,4260125.0,44.5089,0.784,0.0104,0.2225,2.2009,False,0.2375,0.0335,2228.422,1844.0,2693.1
1496,apartment_block,509875.0,4260125.0,44.8069,0.8208,0.0135,0.2353,2.2009,False,0.2446,0.0362,2071.6395,1665.0,2495.1
1497,apartment_block,495125.0,4260375.0,43.309,0.7904,0.0268,0.2522,2.1739,False,0.2447,0.0438,2104.537,1691.8,2526.4
1498,apartment_block,495375.0,4260375.0,43.5397,0.9328,0.016,0.2381,2.1739,False,0.2569,0.0383,1828.2745,1299.0,2289.3
1499,apartment_block,495625.0,4260375.0,43.2376,0.7728,0.0139,0.2255,2.1739,False,0.2355,0.0347,2310.7445,1917.0,2782.0
1500,apartment_block,504375.0,4260375.0,46.432,0.96,0.0155,0.3217,2.2827,False,0.281,0.049,1346.576,820.0,1841.1
1501,apartment_block,504625.0,4260375.0,45.6572,0.9168,0.0126,0.3301,2.2827,False,0.2773,0.049,1457.46,1017.8,1897.1
1502,apartment_block,504875.0,4260375.0,45.7223,0.9168,0.0087,0.3361,2.2827,False,0.278,0.0491,1454.2945,1001.0,1909.2
1503,apartment_block,505125.0,4260375.0,44.9151,0.9152,0.0084,0.3388,2.2827,False,0.278,0.0494,1473.346,1024.9,1936.2
1504,apartment_block,505375.0,4260375.0,45.2856,0.9696,0.0086,0.3379,2.2827,False,0.2837,0.0497,1333.466,809.0,1855.2
1505,apartment_block,505625.0,4260375.0,45.1173,0.9936,0.0122,0.3335,2.2827,False,0.2858,0.0499,1283.7765,656.8,1835.0
1506,apartment_block,506375.0,4260375.0,45.1654,0.9408,0.0072,0.3097,2.5169,False,0.2825,0.0458,1331.632,867.9,1767.0
1507,apartment_block,509875.0,4260375.0,44.637,0.8768,0.0121,0.2241,2.2009,False,0.2488,0.035,1979.401,1562.9,2379.1
1508,apartment_block,495625.0,4260625.0,43.4359,0.8464,0.0141,0.2211,2.1739,False,0.2434,0.0349,2142.798,1714.9,2552.2
1509,apartment_block,495875.0,4260625.0,42.5567,0.8576,0.0138,0.2103,2.1739,False,0.2424,0.0336,2191.441,1747.0,2628.2
1510,apartment_block,496125.0,4260625.0,42.4347,0.8352,0.0163,0.2004,2.1739,False,0.2384,0.0332,2284.043,1885.0,2707.1
1511,apartment_block,504375.0,4260625.0,46.2342,0.9248,0.0089,0.2989,1.8225,False,0.2563,0.0438,1954.6525,1208.9,3088.3
1512,apartment_block,504625.0,4260625.0,45.7776,0.9904,0.0094,0.3057,1.8225,False,0.2654,0.0453,1768.285,875.0,3039.1
1513,apartment_block,504875.0,4260625.0,45.2523,0.9984,0.0085,0.3103,1.8225,False,0.2669,0.0459,1751.906,835.0,3043.2
1514,apartment_block,505125.0,4260625.0,45.7014,0.9424,0.0077,0.3124,1.8225,False,0.2608,0.0456,1887.605,1122.9,3078.2
1515,apartment_block,505375.0,4260625.0,44.5022,0.832,0.0479,0.3117,2.2827,False,0.2704,0.0636,1577.105,1233.9,1846.3
1516,apartment_block,505625.0,4260625.0,44.3604,0.8432,0.0065,0.3083,2.2428,False,0.262,0.0446,1782.979,1251.9,2281.1
1517,apartment_block,495875.0,4260875.0,43.3553,0.8624,0.0166,0.2063,2.1739,False,0.2431,0.0343,2147.7995,1731.0,2535.1
1518,apartment_block,504375.0,4260875.0,45.403,0.9472,0.0118,0.2792,1.8225,False,0.255,0.042,1972.219,1199.7,3096.3
1519,apartment_block,504625.0,4260875.0,44.5729,0.9744,0.0116,0.2846,1.8225,False,0.2589,0.0429,1908.6495,1056.0,3092.2
1520,apartment_block,504875.0,4260875.0,44.8284,0.9984,0.0112,0.2882,1.8225,False,0.2626,0.0435,1818.9315,871.7,3065.9
1521,apartment_block,505125.0,4260875.0,46.2397,0.9008,0.0114,0.2898,1.8225,False,0.2519,0.0429,2035.659,1291.8,3099.0
1522,apartment_block,505375.0,4260875.0,45.1873,0.9792,0.007,0.2892,2.2428,False,0.2733,0.0431,1469.613,871.0,2014.1
1523,apartment_block,505625.0,4260875.0,44.622,0.9232,0.0071,0.2866,2.2428,False,0.2664,0.0423,1638.3915,1161.7,2091.1
1524,apartment_block,504375.0,4261125.0,45.11,0.9888,0.0118,0.2618,1.8225,False,0.2565,0.0401,1918.99,972.0,3101.1
1525,apartment_block,504625.0,4261125.0,44.8829,0.9968,0.0173,0.2661,1.8225,False,0.2591,0.0424,1862.379,892.8,3075.2
1526,apartment_block,504875.0,4261125.0,44.8771,0.9984,0.0193,0.2689,1.6597,False,0.2553,0.0434,1956.7685,909.7,3233.0
1527,apartment_block,505625.0,4261125.0,44.828,0.8576,0.0082,0.2677,2.2428,False,0.2557,0.0395,1848.619,1414.9,2284.1
1528,apartment_block,496375.0,4261375.0,41.5401,0.8736,0.0874,0.1814,2.1739,False,0.2537,0.0886,1841.798,1302.9,2273.0
1529,apartment_block,504375.0,4261375.0,45.2782,0.9664,0.0268,0.2463,1.8225,False,0.2533,0.0441,1955.0195,1062.0,3074.1
1530,apartment_block,504625.0,4261375.0,45.2237,0.864,0.0237,0.2498,1.6597,False,0.2351,0.0419,2349.049,1563.0,3263.0
1531,apartment_block,496375.0,4261625.0,41.7626,0.8192,0.1005,0.1778,2.1739,False,0.25,0.1007,1917.9365,1330.0,2297.0
1532,apartment_block,496625.0,4261625.0,41.7115,0.8096,0.0693,0.171,2.1739,False,0.2402,0.0711,2162.147,1805.0,2479.0
1533,apartment_block,503875.0,4261625.0,46.7235,0.9568,0.0089,0.2256,1.6597,False,0.2414,0.0346,2207.7175,1266.0,3266.0
1534,apartment_block,504375.0,4261625.0,46.1554,0.9472,0.033,0.2325,1.6597,False,0.2447,0.046,2115.6195,1215.5,3239.0
1535,apartment_block,504625.0,4261625.0,45.3793,0.9488,0.0239,0.2353,1.6597,False,0.2435,0.0411,2175.058,1285.0,3252.0
1536,apartment_block,496125.0,4261875.0,41.3357,0.7904,0.1826,0.1809,2.1739,False,0.2737,0.1803,1581.4245,602.0,2213.0
1537,apartment_block,496375.0,4261875.0,41.0738,0.8912,0.0609,0.1741,2.1739,False,0.2485,0.0641,1997.1315,1425.9,2425.0
1538,apartment_block,499125.0,4261875.0,43.7369,0.7616,0.0287,0.1845,2.6955,False,0.2519,0.0386,1952.363,1135.7,2629.1
1539,apartment_block,503875.0,4261875.0,46.266,0.816,0.0082,0.2139,0.7902,False,0.1954,0.0308,2886.35,1953.9,3704.1
1540,apartment_block,504125.0,4261875.0,46.1667,0.9456,0.0112,0.2169,0.7902,False,0.2161,0.0332,2597.616,1493.6,3691.0
1541,apartment_block,498875.0,4262125.0,44.3651,0.7504,0.033,0.1738,2.6955,False,0.2502,0.0406,1971.614,1146.9,2659.0
1542,apartment_block,503625.0,4262125.0,45.5408,0.7872,0.0116,0.2009,0.7902,False,0.1882,0.0297,3002.551,2143.0,3717.0
1543,apartment_block,503875.0,4262125.0,45.3595,0.8704,0.0083,0.2033,0.7902,False,0.2011,0.0301,2848.406,1882.0,3707.0
1544,apartment_block,498875.0,4262375.0,43.584,0.8816,0.0437,0.1673,2.6955,False,0.2645,0.0494,1658.607,1003.5,2330.0
1545,apartment_block,502625.0,4262375.0,45.7575,0.9824,0.6678,0.1905,0.7902,True,0.4836,0.6508,1067.077,187.0,3282.7
1546,apartment_block,502875.0,4262375.0,47.6067,0.8384,0.0131,0.1891,0.7902,False,0.1959,0.0293,2876.829,1988.0,3703.0
1547,apartment_block,503375.0,4262375.0,45.0636,0.848,0.0122,0.1891,0.7902,False,0.1953,0.0291,2947.628,2035.7,3718.1
1548,apartment_block,503625.0,4262375.0,45.2936,0.8112,0.0104,0.1916,0.7902,False,0.1899,0.0285,3004.401,2140.0,3722.0
1549,apartment_block,503875.0,4262375.0,45.3804,0.7856,0.0265,0.1937,0.7902,False,0.1884,0.0362,2990.9075,2167.0,3710.0
1550,apartment_block,502625.0,4262625.0,46.7468,0.9648,0.2868,0.1819,0.7902,True,0.3004,0.2825,1590.515,388.8,3580.1
1551,apartment_block,503375.0,4262625.0,45.4644,0.7808,0.012,0.1809,0.7902,False,0.1834,0.0273,3087.95,2275.8,3729.0
1552,apartment_block,503625.0,4262625.0,45.1894,0.9728,0.0108,0.1831,0.7902,False,0.2139,0.0295,2680.2795,1461.8,3705.0
1553,apartment_block,503875.0,4262625.0,45.8076,0.7776,0.0272,0.1852,0.7902,False,0.1859,0.0358,3018.771,2213.0,3712.0
1554,apartment_block,502875.0,4262875.0,46.4461,0.9328,0.0209,0.173,0.7902,False,0.2082,0.0323,2737.078,1623.9,3702.0
1555,apartment_block,503375.0,4262875.0,44.4572,0.7696,0.0141,0.1734,0.7902,False,0.1796,0.0271,3162.0405,2380.9,3737.0
1556,apartment_block,503875.0,4262875.0,45.0139,0.8448,0.0305,0.1773,0.7902,False,0.1952,0.0379,2933.429,2073.7,3708.0
1557,apartment_block,503625.0,4263125.0,44.8437,0.8656,0.0175,0.1681,0.7902,False,0.1951,0.0292,2980.89,2076.8,3722.0
1558,apartment_block,503375.0,4263375.0,45.3574,0.9312,0.0137,0.16,0.7902,False,0.2043,0.0275,2853.75,1740.9,3718.0
1559,apartment_block,503625.0,4263375.0,44.4838,0.8736,0.0129,0.1615,0.7902,False,0.1946,0.0266,3013.609,2083.3,3731.1
1560,apartment_block,503625.0,4263625.0,44.4403,0.8656,0.0106,0.1555,1.6569,False,0.2168,0.0259,2793.222,2034.5,3386.1
1561,apartment_block,503875.0,4263875.0,44.2207,0.9632,0.0102,0.1514,1.6569,False,0.2297,0.0267,2557.4515,1490.9,3369.0
1562,apartment_block,504125.0,4264375.0,44.6987,0.8944,0.009,0.142,1.4432,False,0.2121,0.0242,2872.412,1955.0,3557.0
1563,apartment_block,504375.0,4264875.0,45.5373,0.7664,0.0128,0.1333,2.0845,False,0.2181,0.0241,2697.03,2280.0,3109.0
1564,apartment_block,504375.0,4265125.0,46.2869,0.8208,0.0161,0.129,2.0845,False,0.2252,0.0259,2545.756,2001.8,3002.2
1565,apartment_block,504625.0,4265375.0,45.4845,0.76,0.0209,0.1254,1.6619,False,0.2004,0.0271,3030.9155,2429.7,3428.0
1566,waterfront_transformation,496875.0,4249375.0,37.6759,0.5136,1.0,0.9284,4.6924,True,0.8695,0.9854,109.923,2.0,100.1
1567,waterfront_transformation,497375.0,4249375.0,39.4231,0.3168,0.2868,0.8211,4.6924,True,0.5164,0.3037,481.198,19.0,1568.1
1568,waterfront_transformation,497625.0,4249375.0,38.8189,0.392,0.2868,0.7841,4.6924,True,0.5123,0.302,459.751,23.0,1074.5
1569,waterfront_transformation,498625.0,4249375.0,42.2437,0.8016,0.0319,0.6491,4.6924,True,0.4172,0.0979,523.27,43.0,1099.1
1570,waterfront_transformation,507625.0,4249375.0,43.4638,0.7344,0.0051,0.5978,2.6682,False,0.3383,0.0837,1118.3735,439.0,2214.4
1571,waterfront_transformation,497625.0,4249625.0,37.6363,0.7712,1.0,0.9698,4.6924,True,0.9175,0.9938,29.9175,1.0,21.0
1572,waterfront_transformation,497875.0,4249625.0,37.9634,0.5056,0.2868,0.9301,4.6924,True,0.5437,0.309,345.4175,8.0,450.1
1573,waterfront_transformation,498125.0,4249625.0,38.2768,0.4032,0.2868,0.8627,4.6924,True,0.5277,0.3057,423.6725,14.0,844.7
1574,waterfront_transformation,498375.0,4249625.0,38.5856,0.4864,0.1674,0.8299,4.6924,False,0.4796,0.2007,495.9025,26.0,1490.8
1575,waterfront_transformation,498875.0,4249625.0,40.7593,0.4112,0.0324,0.6861,4.6924,True,0.4088,0.1021,851.9775,100.9,2755.0
1576,waterfront_transformation,499125.0,4249625.0,40.9297,0.8064,0.0275,0.628,4.6924,True,0.412,0.0939,558.552,51.9,1180.9
1577,waterfront_transformation,506625.0,4249625.0,44.27,0.928,0.0071,0.592,3.7278,False,0.3801,0.0845,571.163,157.0,1018.3
1578,waterfront_transformation,506875.0,4249625.0,44.3145,0.9056,0.0064,0.6064,4.1117,True,0.3925,0.0866,534.2235,106.0,1011.1
1579,waterfront_transformation,507125.0,4249625.0,44.1485,0.888,0.0106,0.6515,3.8072,True,0.3936,0.0927,544.2075,143.9,1021.1
1580,waterfront_transformation,507375.0,4249625.0,45.0454,0.9888,0.0098,0.6968,3.8072,True,0.4083,0.0988,416.897,101.0,782.1
1581,waterfront_transformation,507625.0,4249625.0,42.7901,0.8384,0.0079,0.7007,3.8072,False,0.4005,0.0986,571.903,145.0,1150.6
1582,waterfront_transformation,507875.0,4249625.0,42.1049,0.6864,0.006,0.6683,3.92,False,0.3886,0.0939,766.781,164.0,2019.0
1583,waterfront_transformation,508125.0,4249625.0,43.2023,0.8912,0.007,0.6249,3.8502,False,0.3882,0.0888,576.137,143.0,1086.0
1584,waterfront_transformation,498625.0,4249875.0,37.65,0.52,0.0591,0.9014,2.5901,False,0.4147,0.1376,991.932,119.0,2777.6
1585,waterfront_transformation,498875.0,4249875.0,39.6068,0.4512,0.0591,0.8062,2.5901,False,0.3888,0.1262,1137.4245,197.9,2984.1
1586,waterfront_transformation,499125.0,4249875.0,40.0509,0.5328,0.0428,0.7163,2.5901,False,0.3644,0.1084,1209.703,292.0,2846.0
1587,waterfront_transformation,499375.0,4249875.0,40.8431,0.6272,0.0457,0.6472,2.5901,False,0.3511,0.1011,1170.9385,379.0,2540.0
1588,waterfront_transformation,506125.0,4249875.0,43.4749,0.784,0.0086,0.6003,3.5635,False,0.369,0.0852,764.2585,228.9,1597.4
1589,waterfront_transformation,506375.0,4249875.0,43.6738,0.832,0.0118,0.6528,4.1117,True,0.3993,0.0931,565.523,101.0,1105.1
1590,waterfront_transformation,506625.0,4249875.0,43.9853,0.8576,0.011,0.692,4.1117,True,0.4085,0.0982,501.0415,87.0,1001.2
1591,waterfront_transformation,506875.0,4249875.0,43.6458,0.9792,0.0107,0.7095,4.1117,True,0.4178,0.1007,387.9295,64.0,760.1
1592,waterfront_transformation,507125.0,4249875.0,45.0818,0.9536,0.0104,0.7617,3.8072,True,0.4199,0.1071,394.6725,81.0,786.0
1593,waterfront_transformation,507375.0,4249875.0,44.7227,0.9312,0.0096,0.8326,3.8072,True,0.4327,0.1159,371.6305,57.9,786.2
1594,waterfront_transformation,507625.0,4249875.0,43.8339,0.88,0.0084,0.8457,3.8072,True,0.4326,0.1172,414.0355,67.0,872.4
1595,waterfront_transformation,507875.0,4249875.0,43.2515,0.8128,0.0099,0.7942,3.92,True,0.4222,0.1109,501.672,96.0,1073.7
1596,waterfront_transformation,508125.0,4249875.0,43.3465,0.912,0.009,0.7164,3.92,True,0.4107,0.1011,463.072,109.0,909.1
1597,waterfront_transformation,498875.0,4250125.0,35.7487,0.8064,0.0467,0.9568,2.5901,False,0.4351,0.1398,676.4265,64.0,1532.1
1598,waterfront_transformation,499125.0,4250125.0,37.8503,0.3872,0.0503,0.8389,2.5901,False,0.3921,0.1263,1196.591,173.9,3162.4
1599,waterfront_transformation,499625.0,4250125.0,40.3982,0.4256,0.0181,0.6416,2.5901,False,0.3332,0.091,1487.8655,403.9,3214.1
1600,waterfront_transformation,505875.0,4250125.0,42.8698,0.8704,0.0163,0.6233,2.6245,False,0.3547,0.0892,876.073,387.0,1513.1
1601,waterfront_transformation,506125.0,4250125.0,41.381,0.5632,0.0106,0.6809,4.1117,False,0.3922,0.096,850.991,149.9,2494.4
1602,waterfront_transformation,506375.0,4250125.0,41.9188,0.6368,0.0108,0.7594,4.1117,False,0.4122,0.1063,691.4365,101.9,2049.3
1603,waterfront_transformation,506625.0,4250125.0,41.4196,0.6016,0.0165,0.8302,4.1117,True,0.4267,0.1163,660.456,82.0,2075.8
1604,waterfront_transformation,506875.0,4250125.0,41.6216,0.8128,0.0123,0.8569,4.1117,True,0.4391,0.1193,446.8515,49.0,992.2
1605,waterfront_transformation,507125.0,4250125.0,41.3222,0.824,0.0122,0.9159,3.8072,True,0.4443,0.1264,442.9525,44.0,998.2
1606,waterfront_transformation,507875.0,4250125.0,40.3875,0.9184,0.0135,0.9558,3.92,True,0.4575,0.1318,339.87,18.0,772.1
1607,waterfront_transformation,499125.0,4250375.0,36.1781,0.8576,0.0503,0.9893,2.5901,True,0.4448,0.145,585.878,42.0,1277.1
1608,waterfront_transformation,499375.0,4250375.0,39.8509,0.6336,0.0457,0.8264,2.5901,False,0.3983,0.1233,957.468,168.0,2435.2
1609,waterfront_transformation,499625.0,4250375.0,40.0033,0.4864,0.0296,0.7193,2.5901,False,0.36,0.1042,1293.6655,294.9,3016.0
1610,waterfront_transformation,504125.0,4250375.0,42.0852,0.704,0.1545,0.6164,2.6245,False,0.3803,0.174,742.257,396.0,1238.5
1611,waterfront_transformation,504375.0,4250375.0,40.7294,0.6144,0.0957,0.6643,2.6245,False,0.3693,0.1318,985.6615,344.0,2340.7
1612,waterfront_transformation,505375.0,4250375.0,39.4175,0.5296,0.3345,0.6141,2.6245,False,0.4443,0.3402,652.1105,319.0,1636.9
1613,waterfront_transformation,505875.0,4250375.0,43.2155,0.5008,0.0591,0.7158,2.6245,False,0.3686,0.1155,1129.388,282.9,2804.0
1614,waterfront_transformation,506125.0,4250375.0,41.4825,0.5312,0.0226,0.7901,4.1117,True,0.4173,0.1124,746.9795,100.0,2406.4
1615,waterfront_transformation,506375.0,4250375.0,40.638,0.472,0.03,0.8946,4.1117,True,0.4382,0.1273,703.797,54.0,2440.7
1616,waterfront_transformation,508125.0,4250375.0,37.9998,0.8896,0.0183,0.936,3.92,True,0.4537,0.1302,382.3075,32.0,859.1
1617,waterfront_transformation,499375.0,4250625.0,37.0869,0.7872,0.0428,0.9635,2.5901,False,0.4349,0.1392,694.7955,60.0,1677.0
1618,waterfront_transformation,499625.0,4250625.0,39.3444,0.5904,0.0447,0.8307,2.5901,False,0.3971,0.1234,1011.4505,170.0,2617.6
1619,waterfront_transformation,500625.0,4250625.0,40.7565,0.4144,0.0543,0.6665,2.8867,False,0.3568,0.1073,1221.676,348.0,3055.1
1620,waterfront_transformation,500875.0,4250625.0,41.9569,0.7264,0.041,0.6634,2.8867,False,0.3686,0.1016,886.555,335.0,1930.1
1621,waterfront_transformation,503625.0,4250625.0,42.6123,0.8112,0.0913,0.5974,2.6245,False,0.3625,0.1226,776.7265,420.0,1087.3
1622,waterfront_transformation,504125.0,4250625.0,43.2132,0.7088,0.1256,0.7085,2.6245,False,0.3963,0.1577,699.8545,264.0,1329.3
1623,waterfront_transformation,504375.0,4250625.0,42.0931,0.5792,0.1674,0.7851,2.6245,False,0.4234,0.1967,700.5665,185.0,1916.4
1624,waterfront_transformation,506125.0,4250625.0,40.947,0.736,0.0467,0.9535,2.6245,True,0.4332,0.1393,699.1695,62.0,1765.4
1625,waterfront_transformation,508625.0,4250625.0,40.7336,0.8304,0.0106,0.8272,3.6992,False,0.4243,0.1151,514.916,110.0,1106.9
1626,waterfront_transformation,508875.0,4250625.0,42.8545,0.9296,0.0072,0.729,3.6992,False,0.4082,0.1023,471.0055,128.0,916.0
1627,waterfront_transformation,509125.0,4250625.0,43.6334,0.9952,0.0061,0.6724,3.3612,False,0.3912,0.0949,499.264,173.9,895.2
1628,waterfront_transformation,509375.0,4250625.0,43.619,0.968,0.006,0.6558,3.3612,False,0.3859,0.0926,537.3725,194.0,965.0
1629,waterfront_transformation,499625.0,4250875.0,36.4591,0.9136,0.0402,0.9583,2.5901,False,0.4383,0.138,563.0335,54.0,1206.1
1630,waterfront_transformation,499875.0,4250875.0,39.008,0.8224,0.0372,0.9334,2.5901,False,0.429,0.1339,668.6835,75.0,1506.2
1631,waterfront_transformation,500125.0,4250875.0,40.2988,0.5536,0.0341,0.8128,2.5901,False,0.3886,0.1176,1090.7325,190.0,2764.4
1632,waterfront_transformation,500625.0,4250875.0,40.488,0.5968,0.0372,0.7987,2.8867,False,0.3949,0.117,928.6005,190.0,2509.2
1633,waterfront_transformation,500875.0,4250875.0,41.0927,0.632,0.0394,0.7918,2.8867,False,0.3955,0.1169,881.945,193.0,2345.0
1634,waterfront_transformation,505375.0,4250875.0,42.1573,0.44,0.1182,0.7589,2.6245,False,0.3939,0.1565,980.1255,225.0,2748.8
1635,waterfront_transformation,505625.0,4250875.0,42.481,0.512,0.0457,0.8139,2.6245,False,0.3913,0.1216,1053.641,183.0,2775.2
1636,waterfront_transformation,505875.0,4250875.0,40.4753,0.696,0.0437,0.9527,2.6245,False,0.4305,0.1381,760.709,69.0,2043.0
1637,waterfront_transformation,508875.0,4250875.0,42.5004,0.968,0.0092,0.8739,3.6992,True,0.4394,0.121,351.1665,46.0,747.0
1638,waterfront_transformation,509125.0,4250875.0,43.6276,0.9936,0.0074,0.7982,3.1513,False,0.4135,0.1111,440.2785,121.0,860.2
1639,waterfront_transformation,500375.0,4251125.0,36.4031,0.7376,0.0291,0.9415,2.8867,False,0.4306,0.1326,708.863,79.0,1901.2
1640,waterfront_transformation,500875.0,4251125.0,36.6069,0.8432,0.0309,0.97,2.8867,False,0.4411,0.1367,564.53,49.0,1311.4
1641,waterfront_transformation,501125.0,4251125.0,38.5034,0.4416,0.0467,0.841,2.8867,False,0.4009,0.1254,1033.5715,159.9,2944.5
1642,waterfront_transformation,501625.0,4251125.0,40.4428,0.5504,0.0837,0.638,2.8867,False,0.3629,0.1211,1035.348,375.0,2560.2
1643,waterfront_transformation,503125.0,4251125.0,43.2335,0.56,0.0574,0.786,0.0,False,0.3404,0.1226,1836.668,251.9,3731.1
1644,waterfront_transformation,503375.0,4251125.0,42.8571,0.5824,0.067,0.7873,2.6245,False,0.3932,0.1279,938.1945,201.0,2451.1
1645,waterfront_transformation,503625.0,4251125.0,42.2924,0.6096,0.0957,0.7593,2.6245,False,0.3951,0.1414,861.8615,221.0,2226.2
1646,waterfront_transformation,509125.0,4251125.0,37.0953,0.9472,1.0,0.9883,3.1513,True,0.8702,0.9925,36.758,2.0,86.2
1647,waterfront_transformation,509375.0,4251125.0,38.7884,0.84,1.0,0.9604,3.1513,True,0.8662,0.9903,41.8375,4.0,103.2
1648,waterfront_transformation,501375.0,4251375.0,38.828,0.432,0.0503,0.8232,2.8867,False,0.3971,0.1246,1049.118,175.0,2970.2
1649,waterfront_transformation,502625.0,4251375.0,40.991,0.368,0.1826,0.7534,0.0,False,0.3546,0.2066,1647.368,275.9,3714.2
1650,waterfront_transformation,502875.0,4251375.0,41.9316,0.848,0.0744,0.8841,0.0,False,0.385,0.1427,1386.256,123.0,3627.1
1651,waterfront_transformation,501375.0,4251625.0,37.366,0.5632,0.0609,0.9381,2.8867,False,0.4314,0.1428,808.8345,79.0,2486.5
1652,waterfront_transformation,501625.0,4251625.0,41.3362,0.656,0.0744,0.7853,0.0,False,0.3483,0.1312,1720.402,231.0,3703.1
1653,waterfront_transformation,502375.0,4251625.0,39.9804,0.5408,1.0,0.8513,0.0,False,0.6787,0.9674,675.3295,12.0,3119.1
1654,waterfront_transformation,501625.0,4251875.0,39.839,0.736,0.0744,0.8803,0.0,False,0.378,0.1421,1537.4085,146.9,3664.0
1655,waterfront_transformation,510875.0,4252125.0,38.247,0.8576,0.0254,0.9713,2.9338,False,0.4418,0.1356,533.437,44.0,1232.1
1656,waterfront_transformation,511125.0,4252375.0,36.6941,0.744,0.0558,0.9436,2.9338,False,0.4392,0.1416,619.6055,64.0,1566.8
1657,waterfront_transformation,512125.0,4254125.0,37.1807,0.8352,0.0108,0.9774,4.1237,False,0.4608,0.1339,403.517,21.0,922.2
1658,waterfront_transformation,514125.0,4254125.0,42.096,0.8128,0.0216,0.616,1.1312,False,0.3137,0.0887,1772.872,425.9,3571.0
1659,waterfront_transformation,514375.0,4254125.0,41.8961,0.6464,0.015,0.6574,1.1312,False,0.3133,0.0923,1932.848,397.0,3604.0
1660,waterfront_transformation,514625.0,4254125.0,43.7617,0.8192,0.0272,0.6588,1.1312,False,0.3284,0.0958,1641.0745,360.9,3535.0
1661,waterfront_transformation,512875.0,4254375.0,43.702,0.9792,0.0101,0.6568,3.0766,False,0.3804,0.0931,573.0455,231.8,990.7
1662,waterfront_transformation,513125.0,4254375.0,44.0084,0.9664,0.0147,0.645,3.5134,False,0.3895,0.0926,505.119,165.0,906.1
1663,waterfront_transformation,513375.0,4254375.0,44.6943,0.7024,0.0242,0.6296,2.3644,False,0.3407,0.0913,1200.574,400.0,2333.4
1664,waterfront_transformation,513625.0,4254375.0,44.6668,0.608,0.0231,0.6459,2.3644,False,0.3394,0.0929,1312.301,388.0,2697.2
1665,waterfront_transformation,513875.0,4254375.0,45.6097,0.9136,0.0195,0.6777,1.1312,True,0.3396,0.0966,1455.2425,322.9,3480.0
1666,waterfront_transformation,514125.0,4254375.0,44.6272,0.9264,0.018,0.6939,1.1312,False,0.3443,0.0985,1433.354,301.0,3470.0
1667,waterfront_transformation,514375.0,4254375.0,41.3138,0.6736,0.0254,0.7803,1.1312,False,0.3532,0.1108,1684.017,233.9,3570.0
1668,waterfront_transformation,514625.0,4254375.0,43.6038,0.9584,0.0314,0.7833,1.1312,False,0.3724,0.1135,1249.859,202.0,3398.1
1669,waterfront_transformation,514875.0,4254375.0,45.48,0.9536,0.0324,0.7024,2.6278,True,0.3839,0.1039,608.954,241.0,1094.0
1670,waterfront_transformation,515125.0,4254375.0,44.0235,0.784,0.0254,0.6232,2.6278,False,0.3514,0.0911,963.0845,391.0,1798.3
1671,waterfront_transformation,512375.0,4254625.0,38.4714,0.9008,0.0129,0.9608,3.0766,False,0.4411,0.1319,485.17,44.0,1069.6
1672,waterfront_transformation,512625.0,4254625.0,42.8769,1.0,0.0125,0.7888,3.0766,False,0.4112,0.1106,459.3995,135.0,889.1
1673,waterfront_transformation,512875.0,4254625.0,43.6965,0.9392,0.012,0.7859,3.0766,False,0.4075,0.11,504.2905,155.9,978.1
1674,waterfront_transformation,513125.0,4254625.0,44.2726,0.8736,0.0161,0.7678,3.5134,False,0.4116,0.1085,491.169,137.0,977.2
1675,waterfront_transformation,513375.0,4254625.0,44.8888,0.872,0.0245,0.7385,3.5134,False,0.4074,0.1066,494.684,152.0,960.1
1676,waterfront_transformation,513625.0,4254625.0,45.4817,0.9232,0.0231,0.7545,2.3644,True,0.3863,0.1078,716.225,214.0,1403.2
1677,waterfront_transformation,513875.0,4254625.0,44.957,0.9888,0.0254,0.8155,1.1312,False,0.3814,0.116,1168.1075,170.0,3366.1
1678,waterfront_transformation,514125.0,4254625.0,45.0026,0.992,0.5013,0.8219,1.1312,False,0.5605,0.5073,530.388,26.0,1748.4
1679,waterfront_transformation,514375.0,4254625.0,42.4551,0.9648,0.067,0.904,1.1312,True,0.4103,0.1417,1032.6475,87.0,3270.1
1680,waterfront_transformation,514625.0,4254625.0,40.8134,0.792,0.3345,0.934,1.1312,False,0.4986,0.3521,712.2805,29.0,2638.3
1681,waterfront_transformation,514875.0,4254625.0,44.558,0.9008,0.033,0.7965,2.6278,False,0.403,0.1159,599.2535,168.0,1184.1
1682,waterfront_transformation,515125.0,4254625.0,44.4709,0.7632,0.0178,0.676,2.6278,False,0.3623,0.0962,942.96,318.0,1929.1
1683,waterfront_transformation,512625.0,4254875.0,39.1674,0.9552,0.015,0.9245,3.0766,False,0.4369,0.1279,445.07,57.0,936.1
1684,waterfront_transformation,512875.0,4254875.0,41.3304,0.9776,0.0155,0.9775,3.0766,True,0.4485,0.1345,377.7195,26.0,834.0
1685,waterfront_transformation,513125.0,4254875.0,42.0968,1.0,1.0,0.9484,3.0766,True,0.8706,0.9894,24.3955,1.0,54.0
1686,waterfront_transformation,513375.0,4254875.0,45.3828,1.0,1.0,0.8534,3.5134,True,0.8812,0.9772,14.5615,1.0,40.1
1687,waterfront_transformation,514125.0,4254875.0,41.1735,0.816,0.6678,0.9297,1.1312,False,0.6489,0.6716,485.2695,15.0,1784.9
1688,waterfront_transformation,514875.0,4254875.0,42.018,0.8784,0.1058,0.8287,1.1312,False,0.3975,0.155,1096.294,146.0,3270.2
1689,waterfront_transformation,515125.0,4254875.0,44.2684,0.672,0.0283,0.6887,2.6278,False,0.3628,0.1002,1029.3525,311.0,2303.3
1690,waterfront_transformation,515125.0,4255125.0,43.3235,0.7904,0.0467,0.7326,1.853,False,0.3664,0.1122,1207.169,252.9,2608.2
1691,waterfront_transformation,515375.0,4255125.0,43.2577,0.5872,0.0283,0.6498,1.948,False,0.3289,0.0947,1620.32,396.0,3030.2
1692,waterfront_transformation,515125.0,4255375.0,42.0788,0.8736,0.0365,0.8338,1.853,False,0.3944,0.1213,1020.6635,154.0,2479.4
1693,waterfront_transformation,515375.0,4255375.0,42.5038,0.8304,0.0245,0.693,1.853,False,0.3528,0.0998,1295.2935,303.0,2799.3
1694,waterfront_transformation,515625.0,4255375.0,44.6806,0.8352,0.0106,0.5913,1.948,False,0.3254,0.0835,1375.3335,445.9,2634.3
1695,waterfront_transformation,514875.0,4255625.0,37.8448,0.768,0.4013,0.9822,1.853,True,0.5527,0.416,464.2295,20.0,1387.8
1696,waterfront_transformation,515125.0,4255625.0,42.312,0.8576,0.033,0.8207,1.853,False,0.3895,0.1186,1068.051,168.0,2547.6
1697,waterfront_transformation,515375.0,4255625.0,42.4803,0.8912,0.0197,0.6844,1.853,False,0.3535,0.0977,1223.205,311.0,2718.0
1698,waterfront_transformation,509125.0,4255875.0,37.0551,0.7504,0.016,0.9376,3.8907,False,0.4474,0.1297,519.8405,47.0,1352.0
1699,waterfront_transformation,509375.0,4255875.0,39.5004,0.8944,0.018,0.8788,3.8907,True,0.4429,0.1231,399.1545,52.0,864.7
1700,waterfront_transformation,509625.0,4255875.0,40.5567,0.8128,0.0197,0.8548,3.8907,False,0.4356,0.1203,475.2665,78.0,1058.7
1701,waterfront_transformation,509875.0,4255875.0,38.9855,0.8736,0.0228,0.8933,3.328,True,0.4342,0.1256,478.8815,78.9,1035.3
1702,waterfront_transformation,514875.0,4255875.0,40.9557,0.8528,0.3345,0.8955,1.853,False,0.5106,0.3507,466.286,31.0,1314.1
1703,waterfront_transformation,515125.0,4255875.0,44.4622,0.9584,0.041,0.7411,1.853,False,0.3779,0.1115,927.755,232.0,2231.4
1704,waterfront_transformation,515375.0,4255875.0,43.9737,0.9552,0.0335,0.6443,1.853,False,0.3508,0.0966,1083.2005,355.9,2444.0
1705,waterfront_transformation,508625.0,4256125.0,37.3214,0.9376,0.0156,0.9927,4.1815,True,0.4692,0.1368,310.8435,12.0,703.1
1706,waterfront_transformation,508875.0,4256125.0,39.2575,0.8608,0.011,0.884,4.1815,True,0.4467,0.1226,402.944,34.0,880.1
1707,waterfront_transformation,509125.0,4256125.0,41.7399,0.888,0.0113,0.7876,4.1815,True,0.4302,0.1106,414.96,48.0,877.2
1708,waterfront_transformation,509375.0,4256125.0,42.0198,0.9008,0.0117,0.7243,3.8907,True,0.4114,0.1024,480.9975,117.0,950.2
1709,waterfront_transformation,509625.0,4256125.0,41.7875,0.6688,0.0118,0.7093,3.8907,False,0.3973,0.0999,742.32,157.9,2046.1
1710,waterfront_transformation,509875.0,4256125.0,41.7642,0.9392,0.0121,0.7595,3.328,False,0.4072,0.1068,497.747,160.0,952.1
1711,waterfront_transformation,510125.0,4256125.0,40.8151,0.8816,0.0122,0.87,3.328,True,0.4275,0.1206,486.865,91.0,1050.3
1712,waterfront_transformation,514875.0,4256125.0,42.3209,0.7024,0.0913,0.829,1.853,False,0.3986,0.1459,1073.6365,156.0,2490.2
1713,waterfront_transformation,515125.0,4256125.0,43.7682,0.9264,0.0231,0.6939,1.853,False,0.3595,0.0998,1110.1385,289.0,2527.6
1714,waterfront_transformation,515375.0,4256125.0,42.2666,0.864,0.0147,0.5972,1.853,False,0.3269,0.085,1429.0805,436.0,2904.3
1715,waterfront_transformation,508125.0,4256375.0,36.7321,0.712,0.0203,0.9941,4.1815,True,0.4629,0.1375,483.2015,21.0,1313.3
1716,waterfront_transformation,508375.0,4256375.0,39.7576,0.7712,0.013,0.8882,4.1815,True,0.4447,0.1232,473.458,38.0,1160.4
1717,waterfront_transformation,508625.0,4256375.0,41.2853,0.6736,0.011,0.8035,4.1815,True,0.4244,0.1121,612.2875,70.0,1785.0
1718,waterfront_transformation,508875.0,4256375.0,42.0188,0.9952,0.0089,0.7505,4.1815,True,0.4273,0.1058,360.706,43.9,723.0
1719,waterfront_transformation,509125.0,4256375.0,42.3355,0.9824,0.0084,0.6801,4.1815,True,0.413,0.0967,415.0525,62.0,803.0
1720,waterfront_transformation,509375.0,4256375.0,42.1472,0.9968,0.0081,0.6175,3.8907,True,0.3936,0.0884,491.5155,129.0,893.2
1721,waterfront_transformation,509625.0,4256375.0,43.0187,0.9504,0.0089,0.6039,3.8907,False,0.3886,0.0865,529.1075,133.0,957.1
1722,waterfront_transformation,509875.0,4256375.0,43.2395,0.9952,0.0094,0.6655,3.328,False,0.3895,0.0944,510.8995,181.0,906.2
1723,waterfront_transformation,510125.0,4256375.0,43.984,0.9824,0.0101,0.7623,3.328,False,0.41,0.1069,437.7755,129.0,836.2
1724,waterfront_transformation,510375.0,4256375.0,42.7364,1.0,0.0098,0.9027,3.328,True,0.439,0.1246,356.7705,48.9,763.1
1725,waterfront_transformation,510625.0,4256375.0,38.2292,0.976,0.0121,0.9819,3.2376,True,0.4508,0.1345,385.7185,28.0,836.1
1726,waterfront_transformation,514625.0,4256375.0,39.6474,0.4432,0.067,0.945,1.853,False,0.4097,0.1458,1335.1615,104.0,3229.2
1727,waterfront_transformation,514875.0,4256375.0,43.7607,0.864,0.0574,0.7708,1.853,False,0.3836,0.1216,999.579,209.0,2286.1
1728,waterfront_transformation,515125.0,4256375.0,43.1286,0.744,0.0296,0.6536,1.853,False,0.3376,0.0959,1462.4795,369.9,2927.4
1729,waterfront_transformation,507875.0,4256625.0,39.6385,0.6272,0.0242,0.8805,4.1815,True,0.4407,0.1243,591.3015,47.0,1806.1
1730,waterfront_transformation,508125.0,4256625.0,41.0394,0.6928,0.0161,0.8296,4.1815,True,0.4315,0.1163,567.415,60.0,1576.4
1731,waterfront_transformation,508375.0,4256625.0,41.938,0.9504,0.0097,0.7709,4.1815,True,0.4294,0.1084,376.129,44.0,778.2
1732,waterfront_transformation,508625.0,4256625.0,43.6549,0.9792,0.0091,0.687,4.1815,True,0.4147,0.0976,398.2775,56.0,780.2
1733,waterfront_transformation,508875.0,4256625.0,43.2504,0.992,0.0082,0.6457,4.1815,True,0.4069,0.0922,427.862,65.0,813.3
1734,waterfront_transformation,509125.0,4256625.0,42.8608,0.9232,0.007,0.5961,4.1815,False,0.3931,0.0854,531.4635,95.0,1007.1
1735,waterfront_transformation,509875.0,4256625.0,43.0184,0.936,0.0081,0.6034,4.3146,True,0.3992,0.0866,492.2825,62.0,931.0
1736,waterfront_transformation,510125.0,4256625.0,43.5744,0.9552,0.0073,0.6855,3.2376,False,0.3889,0.0965,543.8715,206.9,988.1
1737,waterfront_transformation,510375.0,4256625.0,44.0576,0.9904,0.0081,0.7658,3.2376,False,0.4086,0.1071,446.621,133.0,855.1
1738,waterfront_transformation,510625.0,4256625.0,43.6352,0.9984,0.0085,0.7884,3.2376,False,0.4138,0.11,429.099,119.0,840.0
1739,waterfront_transformation,510875.0,4256625.0,41.7335,0.9008,0.0112,0.887,3.1008,True,0.4271,0.1225,490.4025,86.0,1051.7
1740,waterfront_transformation,514625.0,4256625.0,41.3922,0.8496,0.0216,0.8472,1.853,False,0.3927,0.119,1102.282,145.0,2707.1
1741,waterfront_transformation,514875.0,4256625.0,43.2507,0.6416,0.0447,0.7355,1.853,False,0.3582,0.1114,1419.3615,268.9,2982.3
1742,waterfront_transformation,515125.0,4256625.0,44.3524,0.8048,0.0261,0.6308,1.853,False,0.3349,0.092,1388.7595,390.9,2804.4
1743,waterfront_transformation,507625.0,4256875.0,38.602,0.5728,0.0359,0.9098,4.2066,True,0.4477,0.131,604.459,38.0,2019.6
1744,waterfront_transformation,507875.0,4256875.0,40.7553,0.6544,0.0125,0.7713,4.2066,True,0.4179,0.1082,656.58,81.0,1941.8
1745,waterfront_transformation,508125.0,4256875.0,41.4984,0.992,0.0108,0.6874,4.1815,True,0.4153,0.098,407.258,59.0,781.1
1746,waterfront_transformation,508375.0,4256875.0,41.2384,0.8192,0.0079,0.663,4.1815,False,0.4012,0.0939,593.548,96.0,1276.5
1747,waterfront_transformation,508625.0,4256875.0,42.432,0.9856,0.009,0.6058,4.1815,True,0.3987,0.0871,470.433,78.0,870.2
1748,waterfront_transformation,510125.0,4256875.0,43.6657,0.9088,0.0069,0.6068,3.5891,False,0.3781,0.0863,602.6765,175.0,1088.4
1749,waterfront_transformation,510375.0,4256875.0,43.0697,0.808,0.0068,0.6493,3.5891,False,0.3817,0.0915,686.1445,198.0,1402.9
1750,waterfront_transformation,510625.0,4256875.0,43.9363,0.9856,0.0069,0.6812,3.1008,False,0.3863,0.0959,542.7985,208.0,962.0
1751,waterfront_transformation,510875.0,4256875.0,44.2169,0.9968,0.0105,0.8028,3.1008,False,0.4143,0.1121,436.739,118.0,857.0
1752,waterfront_transformation,511125.0,4256875.0,39.2946,0.872,0.0139,0.9693,2.975,False,0.44,0.133,523.3065,44.0,1187.1
1753,waterfront_transformation,514375.0,4256875.0,37.7617,0.8288,0.0287,0.9272,2.5447,False,0.4247,0.1308,718.62,84.9,1630.1
1754,waterfront_transformation,514625.0,4256875.0,42.5047,0.9312,0.0126,0.7828,1.853,False,0.3797,0.1092,1056.34,201.0,2580.4
1755,waterfront_transformation,514875.0,4256875.0,43.7195,0.7952,0.016,0.6604,1.853,False,0.3401,0.0935,1404.9445,354.9,2903.3
1756,waterfront_transformation,507375.0,4257125.0,38.0197,0.6736,0.018,0.9436,4.2066,True,0.4528,0.1308,532.0815,29.0,1581.9
1757,waterfront_transformation,507625.0,4257125.0,39.5762,0.4352,0.0138,0.7982,4.2066,False,0.4154,0.1116,835.7905,99.0,2747.9
1758,waterfront_transformation,507875.0,4257125.0,40.1479,0.5552,0.0117,0.6894,4.2066,False,0.3964,0.0974,841.6485,133.0,2516.5
1759,waterfront_transformation,508125.0,4257125.0,41.7769,0.9264,0.0077,0.6071,4.1815,False,0.3954,0.0869,529.2445,93.0,996.1
1760,waterfront_transformation,510625.0,4257125.0,43.6596,0.9744,0.0069,0.6314,3.5891,False,0.3872,0.0897,515.4145,160.0,926.1
1761,waterfront_transformation,510875.0,4257125.0,43.9179,0.9984,0.0104,0.7232,2.975,False,0.3941,0.1018,521.469,182.0,959.1
1762,waterfront_transformation,511125.0,4257125.0,43.475,0.9696,0.0168,0.8367,2.975,False,0.4188,0.1173,455.12,111.9,912.1
1763,waterfront_transformation,511375.0,4257125.0,41.2706,0.9952,0.0214,0.9416,2.975,False,0.4419,0.1313,395.2175,40.0,858.1
1764,waterfront_transformation,514375.0,4257125.0,41.8656,0.9056,0.0119,0.871,2.5447,False,0.4127,0.1204,651.637,110.0,1396.3
1765,waterfront_transformation,514625.0,4257125.0,42.6595,0.9568,0.0093,0.7284,2.5447,False,0.3822,0.102,698.012,237.0,1307.7
1766,waterfront_transformation,514875.0,4257125.0,43.583,0.7344,0.0065,0.6218,2.5447,False,0.3415,0.087,1139.9205,407.9,2235.1
1767,waterfront_transformation,507375.0,4257375.0,38.8524,0.5008,0.0275,0.8631,4.2066,False,0.4341,0.1228,710.826,58.0,2399.1
1768,waterfront_transformation,507625.0,4257375.0,41.5264,0.5712,0.0112,0.7237,4.2066,True,0.4045,0.1018,774.2735,110.0,2397.6
1769,waterfront_transformation,507875.0,4257375.0,42.1494,0.9104,0.0068,0.623,4.2066,True,0.3983,0.0889,523.839,85.0,1012.3
1770,waterfront_transformation,510875.0,4257375.0,43.5809,0.9328,0.0129,0.6473,3.4159,False,0.385,0.0924,558.2695,193.0,1007.1
1771,waterfront_transformation,511125.0,4257375.0,43.5859,0.968,0.0169,0.7222,3.4159,False,0.4043,0.103,455.3905,146.9,865.2
1772,waterfront_transformation,511375.0,4257375.0,43.0767,0.8192,0.0394,0.8353,2.975,False,0.4169,0.1227,567.908,132.0,1169.4
1773,waterfront_transformation,511625.0,4257375.0,40.1569,0.9648,0.0402,0.9939,2.975,True,0.4552,0.1425,373.5125,24.0,819.2
1774,waterfront_transformation,514125.0,4257375.0,38.2089,0.752,0.1182,0.9447,2.5447,False,0.45,0.1746,577.3355,49.0,1188.1
1775,waterfront_transformation,514625.0,4257375.0,42.8897,0.8144,0.0064,0.6787,2.5447,False,0.3609,0.0947,957.318,315.0,1861.9
1776,waterfront_transformation,505875.0,4257625.0,39.0907,0.6512,0.0837,0.9071,3.9951,True,0.4589,0.1507,482.43,42.0,1067.5
1777,waterfront_transformation,507125.0,4257625.0,41.8219,0.8768,0.0258,0.8824,3.9951,True,0.4475,0.1252,365.789,39.0,803.8
1778,waterfront_transformation,507375.0,4257625.0,40.5903,0.4544,0.0353,0.7644,4.2066,False,0.4144,0.1126,802.953,106.0,2624.2
1779,waterfront_transformation,507625.0,4257625.0,42.0239,0.6544,0.0084,0.6636,4.2066,False,0.3947,0.0937,754.5095,118.9,2106.6
1780,waterfront_transformation,511125.0,4257625.0,43.109,0.8208,0.0231,0.6459,3.4159,False,0.3805,0.094,672.24,231.9,1276.7
1781,waterfront_transformation,512875.0,4257625.0,41.5499,0.6304,1.0,0.7956,2.0789,False,0.7699,0.9659,270.2755,10.0,954.8
1782,waterfront_transformation,513125.0,4257625.0,41.6352,0.4768,0.1339,0.8508,2.1282,False,0.4125,0.1761,1033.1925,140.0,2809.0
1783,waterfront_transformation,513375.0,4257625.0,38.2222,0.68,0.1005,0.9666,2.1282,False,0.4381,0.1658,856.2915,57.0,2263.1
1784,waterfront_transformation,513875.0,4257625.0,38.6547,0.8032,0.251,0.9865,2.1282,True,0.4982,0.2803,454.84,26.0,1181.0
1785,waterfront_transformation,514125.0,4257625.0,42.516,0.9344,0.0071,0.8152,2.1282,False,0.392,0.1126,852.6565,169.0,1901.6
1786,waterfront_transformation,514375.0,4257625.0,42.2684,0.9872,0.0051,0.7148,2.1282,False,0.3705,0.0997,879.3605,259.9,1876.2
1787,waterfront_transformation,505875.0,4257875.0,39.2958,0.472,0.0773,0.8393,3.9951,False,0.4366,0.1396,688.231,94.0,2346.5
1788,waterfront_transformation,506125.0,4257875.0,41.1516,0.5264,0.0402,0.8184,3.9951,True,0.4246,0.1209,714.4795,107.0,2310.4
1789,waterfront_transformation,506375.0,4257875.0,42.5347,0.8048,0.041,0.8166,3.9951,True,0.4359,0.1214,436.92,70.0,922.0
1790,waterfront_transformation,506625.0,4257875.0,42.7986,0.6576,0.0387,0.8163,3.9951,True,0.4292,0.1203,580.0905,94.0,1543.1
1791,waterfront_transformation,506875.0,4257875.0,41.0695,0.6272,0.0359,0.8473,3.9951,True,0.4333,0.1232,607.8785,85.0,1822.0
1792,waterfront_transformation,507125.0,4257875.0,40.8323,0.776,0.0237,0.7559,3.9951,False,0.4174,0.1086,559.673,107.0,1263.2
1793,waterfront_transformation,507375.0,4257875.0,42.7553,0.7808,0.012,0.674,4.2066,True,0.4036,0.0959,594.8235,87.0,1335.2
1794,waterfront_transformation,507625.0,4257875.0,42.1373,0.8896,0.0062,0.602,2.5098,False,0.3452,0.0848,964.933,416.0,1634.2
1795,waterfront_transformation,511375.0,4257875.0,43.0696,0.9712,0.0049,0.6459,2.1411,False,0.3527,0.0906,960.1195,349.0,1890.0
1796,waterfront_transformation,511625.0,4257875.0,43.01,0.9856,0.0046,0.6837,2.0789,False,0.3617,0.0955,933.9,294.0,1978.1
1797,waterfront_transformation,511875.0,4257875.0,42.733,0.9888,0.0051,0.6838,2.0789,False,0.362,0.0956,932.3635,292.9,1979.5
1798,waterfront_transformation,512125.0,4257875.0,42.7815,0.9744,0.0063,0.6718,2.0789,False,0.3582,0.0941,967.673,316.0,2015.0
1799,waterfront_transformation,512375.0,4257875.0,44.1548,0.3472,0.0091,0.6659,2.0789,False,0.3221,0.0923,1759.3825,391.0,3429.2
1800,waterfront_transformation,512875.0,4257875.0,41.9003,0.5712,1.0,0.6704,2.0789,False,0.737,0.9483,351.259,14.0,1244.1
1801,waterfront_transformation,506125.0,4258125.0,40.8828,0.3808,0.0359,0.6974,3.9951,False,0.3914,0.1041,962.8,183.0,2901.8
1802,waterfront_transformation,506375.0,4258125.0,41.3997,0.5664,0.0319,0.6782,3.9951,False,0.3935,0.1006,829.8195,163.7,2404.3
1803,waterfront_transformation,506625.0,4258125.0,42.4389,0.9024,0.0305,0.6842,3.9951,False,0.4104,0.1017,461.499,106.0,894.0
1804,waterfront_transformation,506875.0,4258125.0,41.2792,0.64,0.0248,0.7011,3.9951,False,0.4,0.1016,745.2455,143.0,2113.4
1805,waterfront_transformation,507125.0,4258125.0,41.1746,0.5904,0.0141,0.6606,3.9951,False,0.3863,0.0939,864.4195,176.5,2426.7
1806,waterfront_transformation,507375.0,4258125.0,43.3795,0.936,0.0074,0.5969,2.5098,False,0.3478,0.0844,868.16,409.0,1444.1
1807,waterfront_transformation,505875.0,4258375.0,43.2579,0.7136,0.0314,0.8214,3.9951,True,0.4307,0.1188,531.488,83.9,1233.3
1808,waterfront_transformation,506125.0,4258375.0,44.5453,0.616,0.0324,0.6912,3.9951,True,0.3994,0.1025,725.8255,137.9,2025.5
1809,waterfront_transformation,506375.0,4258375.0,44.8137,0.768,0.0283,0.5915,3.9951,True,0.3839,0.0887,671.66,141.0,1353.6
1810,waterfront_transformation,506625.0,4258375.0,45.0253,0.8128,0.0275,0.5883,3.9951,True,0.3855,0.0882,623.134,132.9,1174.7
1811,waterfront_transformation,513625.0,4258375.0,43.0832,0.8192,0.0091,0.5983,2.0008,False,0.3267,0.0842,1394.1005,438.9,2611.0
1812,waterfront_transformation,505875.0,4258625.0,42.648,0.9024,0.0309,0.7073,3.9951,True,0.4154,0.1047,439.1595,98.0,860.0
1813,waterfront_transformation,506125.0,4258625.0,43.0816,0.8224,0.0272,0.6375,2.5098,False,0.3545,0.0935,950.149,373.0,1698.2
1814,waterfront_transformation,505875.0,4258875.0,42.9018,0.9456,0.0353,0.6067,2.2827,False,0.3509,0.0925,873.2495,397.0,1520.3
1815,hillside_incremental,520625.0,4235875.0,42.1019,0.3344,0.1116,0.051,3.5311,False,0.2631,0.1091,2038.378,527.0,3524.0
1816,hillside_incremental,515125.0,4238125.0,39.4386,0.4512,0.0178,0.0664,2.038,False,0.1709,0.0195,3429.8605,3031.0,3743.0
1817,hillside_incremental,514875.0,4238375.0,42.5737,0.9904,0.0099,0.0679,2.2019,False,0.2424,0.0228,2278.778,1160.8,3398.2
1818,hillside_incremental,516375.0,4238375.0,39.5151,0.4,0.0387,0.0652,2.8271,False,0.2138,0.0387,2727.2815,1184.9,3677.0
1819,hillside_incremental,514375.0,4238625.0,43.1439,0.5872,0.0126,0.0702,2.2019,False,0.195,0.018,3108.2805,2414.9,3613.0
1820,hillside_incremental,514625.0,4238625.0,41.9812,0.8544,0.0088,0.0696,2.2019,False,0.2251,0.0203,2701.825,1969.9,3514.0
1821,hillside_incremental,525875.0,4238875.0,41.742,0.3136,0.3345,0.049,3.1537,False,0.3268,0.3272,1496.0645,369.0,3378.0
1822,hillside_incremental,511625.0,4239125.0,45.5679,0.232,0.0773,0.0791,2.6311,False,0.2063,0.0751,2650.6785,1202.0,3655.0
1823,hillside_incremental,511875.0,4239125.0,45.6844,0.5152,0.0874,0.0786,2.6311,False,0.226,0.0853,2343.3365,1118.9,3332.0
1824,hillside_incremental,511375.0,4239375.0,43.6763,0.4368,0.1058,0.0811,2.6311,False,0.2238,0.1032,2392.371,1079.9,3420.1
1825,hillside_incremental,511625.0,4239375.0,45.3578,0.296,0.0773,0.0806,2.6311,False,0.209,0.0752,2615.3135,1197.0,3599.0
1826,hillside_incremental,519625.0,4239375.0,39.9146,0.2096,1.0,0.0618,3.1537,False,0.5836,0.8677,888.224,63.0,3067.4
1827,hillside_incremental,487125.0,4239625.0,42.322,0.3696,0.1674,0.128,2.3594,False,0.2305,0.1641,2274.0825,838.7,3390.1
1828,hillside_incremental,487875.0,4239625.0,42.6369,0.2944,0.6678,0.1214,2.3594,False,0.4736,0.648,1232.3505,236.0,3228.3
1829,hillside_incremental,511875.0,4239625.0,45.1789,0.3056,0.0379,0.0816,2.6311,False,0.2016,0.0377,2801.693,1385.0,3649.1
1830,hillside_incremental,512125.0,4239625.0,44.745,0.4416,0.041,0.0809,2.6311,False,0.2102,0.0409,2686.3715,1361.8,3529.2
1831,hillside_incremental,519625.0,4239625.0,40.9961,0.2192,1.0,0.0626,2.8271,False,0.579,0.8677,949.376,93.0,3111.1
1832,hillside_incremental,487875.0,4239875.0,43.2668,0.3952,0.6678,0.1244,2.3594,False,0.4789,0.6482,1160.747,232.0,3027.1
1833,hillside_incremental,511875.0,4239875.0,43.8577,0.432,0.0467,0.0831,2.6311,False,0.2101,0.0463,2693.9105,1350.7,3532.1
1834,hillside_incremental,512125.0,4239875.0,42.512,0.7008,0.0212,0.0825,2.6311,False,0.229,0.0261,2497.524,1360.5,3396.3
1835,hillside_incremental,524375.0,4239875.0,42.8607,0.2944,0.0574,0.0534,2.2627,False,0.1797,0.0554,3122.8635,1951.0,3690.0
1836,hillside_incremental,487625.0,4240125.0,43.0222,0.3392,0.0558,0.1301,2.3594,False,0.1951,0.0556,2870.7295,1719.6,3564.0
1837,hillside_incremental,487875.0,4240125.0,43.2709,0.5328,0.1005,0.1276,2.3594,False,0.221,0.0987,2420.499,1426.9,3201.1
1838,hillside_incremental,511875.0,4240125.0,43.1455,0.8256,0.0209,0.0848,2.6311,False,0.2426,0.0274,2220.548,1235.8,3208.2
1839,hillside_incremental,519875.0,4240125.0,43.2076,0.2816,1.0,0.0635,2.5576,False,0.5776,0.8679,980.646,113.0,3061.1
1840,hillside_incremental,524375.0,4240125.0,41.4371,0.4112,0.0529,0.054,2.2627,False,0.1859,0.0513,3094.4735,1989.8,3658.1
1841,hillside_incremental,524625.0,4240125.0,41.9815,0.6784,0.0529,0.0535,2.2627,False,0.2124,0.0523,2760.3575,1883.0,3481.0
1842,hillside_incremental,524875.0,4240125.0,42.5089,0.2896,0.0543,0.0531,2.2627,False,0.1785,0.0524,3151.656,1995.0,3698.0
1843,hillside_incremental,511625.0,4240375.0,42.8726,0.6976,0.0173,0.0872,2.6311,False,0.2287,0.0238,2497.9115,1366.5,3380.2
1844,hillside_incremental,510875.0,4240625.0,43.1169,0.2848,0.0314,0.0911,2.1769,False,0.1724,0.0313,3295.6395,2429.9,3699.0
1845,hillside_incremental,511125.0,4240625.0,42.6805,0.6064,0.0205,0.0904,2.6311,False,0.2205,0.0251,2626.5815,1394.8,3459.1
1846,hillside_incremental,524625.0,4240625.0,41.4725,0.3104,0.0428,0.0547,2.2627,False,0.177,0.0414,3217.841,2121.9,3715.0
1847,hillside_incremental,520875.0,4240875.0,41.5602,0.4736,0.5013,0.0631,2.3317,False,0.3902,0.489,1396.3065,291.0,3167.0
1848,hillside_incremental,484125.0,4241125.0,39.2537,0.6784,0.1116,0.1905,2.3594,False,0.2464,0.1115,2019.51,1270.0,2671.4
1849,hillside_incremental,520875.0,4241125.0,42.3409,0.36,0.4013,0.0638,2.3317,False,0.3336,0.3924,1642.1455,341.0,3378.2
1850,hillside_incremental,511375.0,4241375.0,43.8574,0.992,0.0062,0.0957,2.1312,False,0.2425,0.0228,2247.0585,1166.0,3192.4
1851,hillside_incremental,511375.0,4241625.0,43.7952,0.992,0.0053,0.0978,2.1312,False,0.2425,0.0228,2246.9735,1171.6,3191.1
1852,hillside_incremental,511875.0,4241875.0,43.6706,0.9984,0.0073,0.098,2.1312,False,0.2435,0.0233,2216.7595,1091.9,3191.2
1853,hillside_incremental,520625.0,4241875.0,41.5295,0.224,1.0,0.0668,2.5576,False,0.5756,0.8682,1017.9795,122.0,3177.3
1854,hillside_incremental,510125.0,4242125.0,43.8627,0.3024,0.0258,0.1072,1.862,False,0.1562,0.0266,3493.502,3202.9,3704.0
1855,hillside_incremental,520625.0,4242125.0,40.6311,0.2176,1.0,0.0675,2.5576,False,0.5753,0.8683,1027.781,125.0,3202.0
1856,hillside_incremental,510625.0,4242375.0,44.1231,0.8496,0.0149,0.1082,1.862,False,0.2166,0.0238,2881.904,2129.9,3369.0
1857,hillside_incremental,512375.0,4242375.0,41.9072,0.7376,0.0283,0.1,1.552,False,0.1889,0.0308,3246.615,2639.7,3599.1
1858,hillside_incremental,520625.0,4242375.0,40.6472,0.2192,1.0,0.0683,2.5576,False,0.5755,0.8684,1024.856,124.0,3196.2
1859,hillside_incremental,488125.0,4242625.0,40.6806,0.592,0.0402,0.1778,2.3251,False,0.2173,0.0451,2610.1805,1820.9,3245.1
1860,hillside_incremental,509875.0,4242625.0,44.4099,0.2816,0.0503,0.114,1.8687,False,0.1609,0.0493,3366.7395,3031.9,3674.0
1861,hillside_incremental,512125.0,4242625.0,42.6481,0.648,0.019,0.1035,1.552,False,0.1756,0.023,3375.5885,2943.7,3628.0
1862,hillside_incremental,512625.0,4242625.0,39.1697,0.232,0.0372,0.1008,1.552,False,0.13,0.0361,3645.0285,3478.0,3759.0
1863,hillside_incremental,520625.0,4242625.0,41.6074,0.2288,1.0,0.0691,2.5576,False,0.5763,0.8685,1010.8845,119.0,3167.3
1864,hillside_incremental,488125.0,4242875.0,41.8292,0.5728,0.0287,0.186,2.4563,False,0.2218,0.0371,2525.214,1640.0,3268.1
1865,hillside_incremental,509375.0,4242875.0,41.4029,0.296,0.0718,0.1191,1.8687,False,0.165,0.0701,3303.0615,2808.5,3656.0
1866,hillside_incremental,509625.0,4242875.0,42.8393,0.352,0.0648,0.1182,1.8687,False,0.1683,0.0634,3284.617,2885.9,3606.0
1867,hillside_incremental,512125.0,4242875.0,42.8605,0.5312,0.041,0.1059,1.552,False,0.1636,0.0408,3412.191,3145.9,3607.0
1868,hillside_incremental,512375.0,4242875.0,40.9461,0.3712,0.0353,0.1044,1.552,False,0.1425,0.0348,3582.457,3436.0,3716.0
1869,hillside_incremental,512625.0,4242875.0,40.1614,0.32,0.0314,0.103,1.552,False,0.1363,0.0311,3627.597,3474.0,3742.0
1870,hillside_incremental,513375.0,4242875.0,40.7957,0.304,0.0219,0.0997,1.552,False,0.1336,0.0224,3654.0705,3510.0,3750.0
1871,hillside_incremental,513625.0,4242875.0,40.8871,0.2944,0.0219,0.0988,1.552,False,0.1328,0.0223,3658.2805,3515.0,3751.0
1872,hillside_incremental,520625.0,4242875.0,42.2843,0.2304,1.0,0.0702,2.3317,False,0.5727,0.8686,1077.049,139.0,3230.4
1873,hillside_incremental,488375.0,4243125.0,42.3088,0.4048,0.0231,0.1938,2.3251,False,0.2018,0.0332,2808.3885,1928.9,3524.0
1874,hillside_incremental,512125.0,4243125.0,43.8886,0.6,0.0223,0.1083,2.2231,False,0.2025,0.0264,2929.9835,2215.9,3406.0
1875,hillside_incremental,487375.0,4243375.0,41.1365,0.3712,0.1435,0.2098,2.4563,False,0.2398,0.1425,2119.422,998.8,3312.0
1876,hillside_incremental,488625.0,4243375.0,41.4027,0.4512,0.0166,0.2016,2.3251,False,0.2054,0.0309,2780.8775,1901.0,3502.1
1877,hillside_incremental,511875.0,4243375.0,45.4049,0.9376,0.0347,0.1125,2.2231,False,0.2454,0.0391,2032.044,1222.8,2835.1
1878,hillside_incremental,488875.0,4243625.0,41.4287,0.592,0.0137,0.21,2.3251,False,0.2191,0.0316,2591.646,1838.9,3299.0
1879,hillside_incremental,511875.0,4243625.0,44.1885,0.7072,0.0335,0.1153,2.2231,False,0.2171,0.0364,2667.312,2055.0,3166.1
1880,hillside_incremental,512125.0,4243625.0,42.514,0.272,0.015,0.1135,2.2231,False,0.1742,0.0196,3278.422,2398.4,3713.0
1881,hillside_incremental,512625.0,4243625.0,42.3708,0.9584,0.0126,0.1101,2.2231,False,0.243,0.0251,2236.877,1357.9,3120.0
1882,hillside_incremental,488625.0,4243875.0,42.9047,0.6512,0.014,0.2234,2.3251,False,0.2282,0.0338,2406.2165,1752.0,3078.0
1883,hillside_incremental,488875.0,4243875.0,42.8358,0.6976,0.0239,0.2215,2.3251,False,0.2342,0.0383,2292.1415,1738.9,2907.1
1884,hillside_incremental,512125.0,4243875.0,43.6242,0.4112,0.0136,0.1162,2.2231,False,0.1843,0.0197,3153.2755,2332.9,3611.1
1885,hillside_incremental,512875.0,4243875.0,41.1075,0.5024,0.0168,0.1121,2.2231,False,0.1907,0.022,3132.5265,2360.8,3602.1
1886,hillside_incremental,488875.0,4244125.0,42.8624,0.4,0.0143,0.2344,2.3251,False,0.2087,0.0339,2681.877,1747.9,3509.1
1887,hillside_incremental,511875.0,4244125.0,46.1984,0.3632,0.0628,0.1211,2.2231,False,0.1917,0.0619,2855.0965,1857.9,3521.0
1888,hillside_incremental,486125.0,4244375.0,43.5414,0.256,1.0,0.288,2.4563,False,0.6264,0.8959,727.561,41.0,2507.5
1889,hillside_incremental,488375.0,4244375.0,41.7682,0.5616,0.0503,0.2544,2.4563,False,0.2378,0.0592,2201.9645,1469.9,3082.1
1890,hillside_incremental,488625.0,4244375.0,42.2308,0.5344,0.0239,0.2506,2.3251,False,0.2239,0.0408,2463.3235,1649.0,3280.1
1891,hillside_incremental,488875.0,4244375.0,42.9263,0.4256,0.0214,0.2488,2.3251,False,0.2147,0.0388,2580.988,1673.9,3445.0
1892,hillside_incremental,510375.0,4244375.0,45.9073,1.0,0.2008,0.137,1.8687,True,0.2892,0.1977,1439.1785,449.9,2737.1
1893,hillside_incremental,511125.0,4244375.0,45.9288,0.4528,0.2868,0.1308,1.9975,False,0.2777,0.2814,1886.7265,440.0,3206.1
1894,hillside_incremental,511375.0,4244375.0,46.6312,0.5936,0.1435,0.1286,1.9975,False,0.226,0.1407,2311.175,963.8,3053.3
1895,hillside_incremental,511625.0,4244375.0,46.037,0.6048,0.1826,0.1264,2.0826,False,0.2448,0.1791,2043.212,645.4,2953.3
1896,hillside_incremental,512625.0,4244375.0,43.8956,0.6112,0.2231,0.1195,1.7343,False,0.2468,0.2188,2163.207,531.0,3242.0
1897,hillside_incremental,486625.0,4244625.0,42.3174,0.2592,1.0,0.2944,2.4563,False,0.6279,0.8967,726.668,39.0,2503.6
1898,hillside_incremental,486875.0,4244625.0,43.057,0.352,1.0,0.2904,2.4563,False,0.6322,0.8964,676.441,36.0,2239.7
1899,hillside_incremental,488375.0,4244625.0,41.7351,0.6432,0.0744,0.2712,2.3251,False,0.2485,0.0808,1991.9545,1468.0,2738.2
1900,hillside_incremental,488625.0,4244625.0,42.6327,0.32,0.049,0.2673,2.3251,False,0.2171,0.0586,2504.0415,1582.8,3516.0
1901,hillside_incremental,488875.0,4244625.0,41.8942,0.3808,0.0309,0.265,2.3251,False,0.2165,0.0458,2557.6515,1614.0,3492.1
1902,hillside_incremental,489125.0,4244625.0,40.3525,0.6672,0.03,0.2614,2.3251,False,0.2389,0.046,2239.1005,1587.0,2967.2
1903,hillside_incremental,508625.0,4244625.0,45.4693,0.344,0.0314,0.1532,1.763,False,0.1629,0.0345,3326.322,2860.5,3643.0
1904,hillside_incremental,510375.0,4244625.0,45.0121,0.5696,0.1339,0.1414,1.8687,False,0.2149,0.1315,2520.2825,1171.8,3174.0
1905,hillside_incremental,510625.0,4244625.0,43.8429,0.8496,0.1058,0.1392,1.8687,False,0.2389,0.1047,2185.2685,1258.0,3027.0
1906,hillside_incremental,510875.0,4244625.0,44.8429,0.528,0.0168,0.1369,1.9975,False,0.1871,0.0238,3158.4335,2815.8,3477.1
1907,hillside_incremental,511125.0,4244625.0,45.0345,0.3424,0.0125,0.1346,1.9975,False,0.1698,0.02,3324.939,2861.9,3657.0
1908,hillside_incremental,511875.0,4244625.0,43.9688,0.6304,0.0296,0.1274,2.0826,False,0.2025,0.033,2949.093,2542.9,3290.0
1909,hillside_incremental,512875.0,4244625.0,42.6316,0.7632,0.1435,0.1217,1.7343,False,0.2314,0.1408,2341.6915,1008.0,3235.1
1910,hillside_incremental,488375.0,4244875.0,41.1133,0.4864,0.0804,0.2903,2.4563,False,0.2465,0.087,2057.379,1316.0,3139.0
1911,hillside_incremental,488625.0,4244875.0,41.0792,0.472,1.0,0.2863,2.3251,False,0.6337,0.8961,657.834,37.0,1989.9
1912,hillside_incremental,488875.0,4244875.0,41.5049,0.6528,0.0365,0.2835,2.1912,False,0.2383,0.0523,2253.1705,1570.9,2963.0
1913,hillside_incremental,489125.0,4244875.0,40.0635,0.6608,0.067,0.2791,2.1912,False,0.2439,0.0749,2124.184,1525.0,2769.0
1914,hillside_incremental,489375.0,4244875.0,40.3215,0.5168,0.0957,0.2753,2.1912,False,0.2369,0.0997,2199.5515,1427.9,3088.0
1915,hillside_incremental,507125.0,4244875.0,44.3872,0.3312,0.0428,0.1618,2.3535,False,0.1974,0.0453,2804.146,1765.0,3558.0
1916,hillside_incremental,508625.0,4244875.0,45.215,0.7136,0.0287,0.1592,1.763,False,0.2038,0.0348,2926.1915,2439.9,3293.2
1917,hillside_incremental,508875.0,4244875.0,44.9659,0.3728,0.0248,0.1578,1.763,False,0.1645,0.0298,3333.024,2883.9,3633.1
1918,hillside_incremental,510375.0,4244875.0,44.6367,0.3392,0.5013,0.146,1.9975,False,0.389,0.4909,1492.351,293.0,3292.1
1919,hillside_incremental,510625.0,4244875.0,45.4085,0.5136,0.0195,0.1436,1.9975,False,0.1874,0.026,3117.639,2741.9,3469.0
1920,hillside_incremental,510875.0,4244875.0,45.1013,0.464,0.0134,0.1411,1.9975,False,0.1811,0.0219,3205.6195,2802.9,3544.1
1921,hillside_incremental,511375.0,4244875.0,44.6079,0.7328,0.0112,0.1359,1.9975,False,0.2098,0.0231,2900.4695,2515.0,3236.0
1922,hillside_incremental,511875.0,4244875.0,43.6094,0.9024,0.0173,0.1308,2.0826,False,0.2343,0.0277,2435.2585,1755.7,2969.1
1923,hillside_incremental,512125.0,4244875.0,43.7177,0.792,0.0107,0.1291,1.98,False,0.2151,0.023,2873.27,2348.0,3252.2
1924,hillside_incremental,512375.0,4244875.0,44.4717,0.9376,0.008,0.1279,1.98,False,0.234,0.0242,2478.5835,1590.8,3117.1
1925,hillside_incremental,512875.0,4244875.0,42.2847,0.7904,0.0101,0.1253,1.7343,False,0.204,0.022,3082.9375,2449.0,3503.0
1926,hillside_incremental,513125.0,4244875.0,43.2919,0.4832,0.0223,0.1238,1.7343,False,0.1666,0.0257,3413.215,3213.8,3611.1
1927,hillside_incremental,488625.0,4245125.0,42.5583,0.7136,0.0402,0.3083,2.1912,False,0.2515,0.0575,2016.796,1395.8,2659.2
1928,hillside_incremental,489375.0,4245125.0,41.3659,0.68,0.0558,0.2953,2.1912,False,0.2477,0.0673,2070.4375,1451.0,2733.0
1929,hillside_incremental,489625.0,4245125.0,40.2156,0.5248,0.0503,0.2908,2.1912,False,0.2303,0.0621,2380.524,1545.8,3228.1
1930,hillside_incremental,507125.0,4245125.0,42.6834,0.6272,0.0353,0.1686,2.0614,False,0.2072,0.0403,2840.7695,2481.0,3219.0
1931,hillside_incremental,509375.0,4245125.0,45.7795,0.4256,0.4013,0.1603,1.763,False,0.3347,0.394,1676.7725,336.0,3221.1
1932,hillside_incremental,509625.0,4245125.0,45.9857,0.2,0.1674,0.1582,1.763,False,0.1993,0.1643,2640.8215,881.9,3636.0
1933,hillside_incremental,510625.0,4245125.0,44.9637,0.304,0.0242,0.1482,1.9975,False,0.1708,0.0286,3268.7135,2754.0,3659.0
1934,hillside_incremental,511125.0,4245125.0,44.5348,0.784,0.0081,0.1427,1.9975,False,0.2167,0.0235,2788.8895,2328.8,3149.3
1935,hillside_incremental,511375.0,4245125.0,44.1391,0.9904,0.0079,0.1399,1.9975,False,0.2426,0.026,2230.835,1192.9,2989.2
1936,hillside_incremental,512125.0,4245125.0,42.9354,0.672,0.0088,0.1333,1.98,False,0.1999,0.0213,3098.0565,2773.0,3406.0
1937,hillside_incremental,512375.0,4245125.0,43.5071,0.9488,0.0071,0.132,1.98,False,0.2353,0.0245,2474.37,1559.9,3135.1
1938,hillside_incremental,513125.0,4245125.0,43.2287,0.8976,0.012,0.1274,1.7343,False,0.2199,0.0244,2824.7175,1940.9,3401.1
1939,hillside_incremental,489375.0,4245375.0,41.4589,0.5328,0.0275,0.3184,2.1912,False,0.2343,0.0508,2358.152,1414.9,3268.0
1940,hillside_incremental,489625.0,4245375.0,41.5414,0.424,0.0126,0.313,2.1912,False,0.2222,0.0441,2546.199,1480.8,3483.1
1941,hillside_incremental,490125.0,4245375.0,41.332,0.7408,0.0088,0.3011,2.9213,False,0.2759,0.0441,1643.039,845.7,2582.3
1942,hillside_incremental,508625.0,4245375.0,45.411,0.5168,0.0347,0.1726,1.8656,False,0.1883,0.0394,3055.279,2495.7,3423.1
1943,hillside_incremental,508875.0,4245375.0,45.7061,0.4032,0.0283,0.1709,1.763,False,0.1709,0.0337,3230.989,2636.8,3586.0
1944,hillside_incremental,509625.0,4245375.0,46.2239,0.4624,0.2868,0.1643,1.763,False,0.2752,0.2819,1929.704,442.9,3209.0
1945,hillside_incremental,511125.0,4245375.0,44.4541,0.576,0.0069,0.147,1.9975,False,0.1922,0.0213,3111.048,2769.0,3440.0
1946,hillside_incremental,511375.0,4245375.0,44.0365,0.9808,0.0081,0.144,2.128,False,0.2463,0.0265,2094.5635,1188.9,2785.0
1947,hillside_incremental,511625.0,4245375.0,45.7373,0.9024,0.0101,0.1409,2.128,False,0.2373,0.0256,2275.2195,1611.9,2797.0
1948,hillside_incremental,512125.0,4245375.0,43.0282,0.8064,0.0091,0.1377,1.98,False,0.2175,0.0235,2842.483,2310.0,3248.0
1949,hillside_incremental,512375.0,4245375.0,42.5945,0.9776,0.0059,0.1362,1.98,False,0.239,0.0251,2403.3405,1381.8,3161.0
1950,hillside_incremental,512625.0,4245375.0,43.2239,0.9408,0.0049,0.1347,1.98,False,0.2341,0.0243,2510.7555,1618.0,3158.3
1951,hillside_incremental,513375.0,4245375.0,44.4725,0.6048,0.0109,0.1294,1.7343,False,0.1813,0.0204,3277.0945,2934.0,3527.1
1952,hillside_incremental,519875.0,4245375.0,41.1445,0.576,0.0744,0.0855,2.5576,False,0.2227,0.073,2503.4135,1309.9,3383.4
1953,hillside_incremental,487625.0,4245625.0,41.2603,0.5232,0.0718,0.3836,2.4563,False,0.2715,0.0872,1783.9925,1006.9,2998.0
1954,hillside_incremental,489375.0,4245625.0,42.7182,0.6416,0.1058,0.3453,2.1912,False,0.2698,0.1132,1700.7735,1112.0,2518.3
1955,hillside_incremental,489625.0,4245625.0,41.2474,0.5536,0.008,0.3388,2.1912,False,0.2383,0.0474,2336.049,1299.9,3277.1
1956,hillside_incremental,489875.0,4245625.0,41.4081,0.7696,0.0065,0.3325,2.1912,False,0.2567,0.0473,2008.994,1242.0,2756.1
1957,hillside_incremental,490375.0,4245625.0,41.9306,0.6528,0.0072,0.3202,2.9213,False,0.2725,0.0459,1728.652,874.9,2825.1
1958,hillside_incremental,508625.0,4245625.0,45.6002,0.5744,0.0479,0.1802,1.8656,False,0.1985,0.0512,2882.897,2290.9,3274.1
1959,hillside_incremental,511125.0,4245625.0,44.7595,0.5936,0.0064,0.1516,2.0446,False,0.1972,0.022,3009.6765,2617.8,3381.2
1960,hillside_incremental,511375.0,4245625.0,44.3743,0.7008,0.0089,0.1482,2.128,False,0.2128,0.0235,2783.7345,2398.9,3182.0
1961,hillside_incremental,512125.0,4245625.0,43.2377,0.8672,0.0064,0.1423,1.98,False,0.2257,0.0241,2683.762,2012.9,3167.1
1962,hillside_incremental,512375.0,4245625.0,42.9542,0.9792,0.0048,0.1407,1.98,False,0.2397,0.0254,2366.313,1353.9,3118.0
1963,hillside_incremental,512625.0,4245625.0,43.0526,0.9728,0.0041,0.139,1.98,False,0.2387,0.0251,2395.777,1412.8,3125.0
1964,hillside_incremental,513125.0,4245625.0,42.9912,0.7696,0.0059,0.1352,1.7343,False,0.2023,0.0216,3080.956,2511.0,3470.0
1965,hillside_incremental,513375.0,4245625.0,43.2203,0.7792,0.0084,0.1332,1.7343,False,0.2037,0.0221,3059.942,2470.0,3452.1
1966,hillside_incremental,520375.0,4245625.0,41.4881,0.3632,0.6678,0.0852,3.3346,False,0.4926,0.6466,966.974,181.9,2965.9
1967,hillside_incremental,523875.0,4245625.0,44.1934,0.2944,0.1182,0.0716,3.3346,False,0.2557,0.1155,2064.709,603.0,3526.1
1968,hillside_incremental,489375.0,4245875.0,41.8996,0.2976,0.0116,0.3772,2.1912,False,0.2333,0.0527,2433.78,1160.9,3589.1
1969,hillside_incremental,489625.0,4245875.0,40.2096,0.5536,0.0078,0.3693,2.1912,False,0.2461,0.0516,2256.5455,1159.6,3277.5
1970,hillside_incremental,490125.0,4245875.0,41.6803,0.7616,0.006,0.3524,3.4996,False,0.3103,0.0514,1244.56,400.8,2251.3
1971,hillside_incremental,508625.0,4245875.0,44.7593,0.5936,0.0191,0.1885,1.8656,False,0.1967,0.0308,2994.736,2477.9,3372.0
1972,hillside_incremental,508875.0,4245875.0,44.3158,0.8752,0.0087,0.1861,1.8656,False,0.2295,0.0291,2532.76,1860.7,3152.1
1973,hillside_incremental,509125.0,4245875.0,44.1568,0.968,0.0092,0.1836,2.031,False,0.2468,0.0303,2087.7145,1260.6,2752.0
1974,hillside_incremental,509375.0,4245875.0,44.2113,0.3664,0.0099,0.1808,1.763,False,0.1659,0.0244,3317.4995,2775.7,3655.1
1975,hillside_incremental,511375.0,4245875.0,44.239,0.7696,0.0086,0.1527,2.128,False,0.2214,0.0246,2642.4605,2263.9,3032.1
1976,hillside_incremental,511625.0,4245875.0,47.3556,0.5568,0.0096,0.1504,2.128,False,0.1996,0.0225,2867.397,2332.0,3373.1
1977,hillside_incremental,511875.0,4245875.0,45.8567,0.8112,0.067,0.1489,2.128,False,0.237,0.0681,2156.969,1692.0,2581.0
1978,hillside_incremental,512125.0,4245875.0,44.9674,0.8528,0.0097,0.1473,2.0826,False,0.2297,0.0253,2481.351,1960.0,2911.0
1979,hillside_incremental,513125.0,4245875.0,43.6458,0.8624,0.0046,0.1394,1.7343,False,0.2157,0.0231,2869.2405,2119.6,3396.0
1980,hillside_incremental,513625.0,4245875.0,44.0786,0.3104,0.0214,0.135,1.7343,False,0.1527,0.025,3482.5685,3229.9,3702.0
1981,hillside_incremental,519375.0,4245875.0,37.7644,0.2192,0.1826,0.0908,2.5576,False,0.2329,0.1785,2321.448,708.9,3647.0
1982,hillside_incremental,489125.0,4246125.0,41.6491,0.5184,0.0139,0.4243,2.1912,False,0.2607,0.0603,2092.822,919.5,3252.0
1983,hillside_incremental,489375.0,4246125.0,41.4702,0.584,0.0088,0.4153,2.1912,False,0.262,0.0583,2052.521,942.0,3143.0
1984,hillside_incremental,489625.0,4246125.0,40.4271,0.6624,0.0069,0.4059,2.1912,False,0.2651,0.0571,1991.681,967.0,2995.5
1985,hillside_incremental,490125.0,4246125.0,42.0082,0.608,0.0089,0.386,3.4996,False,0.3076,0.0557,1383.0795,447.9,2743.2
1986,hillside_incremental,509125.0,4246125.0,43.6852,0.9904,0.0066,0.1919,2.2493,False,0.2576,0.0313,1778.052,983.6,2408.0
1987,hillside_incremental,509375.0,4246125.0,42.9337,0.9872,0.0092,0.1888,2.031,False,0.2494,0.0311,2057.087,1137.9,2776.1
1988,hillside_incremental,511375.0,4246125.0,44.4943,0.7504,0.008,0.1574,2.0446,False,0.2164,0.0247,2741.1245,2368.0,3103.0
1989,hillside_incremental,511625.0,4246125.0,41.9527,0.7904,0.0092,0.1561,2.1937,False,0.226,0.0255,2591.183,2086.0,3090.0
1990,hillside_incremental,511875.0,4246125.0,42.2874,0.5152,0.0121,0.1545,2.1937,False,0.196,0.0236,3012.0965,2378.9,3494.0
1991,hillside_incremental,513625.0,4246125.0,44.6761,0.7088,0.0088,0.139,1.7343,False,0.196,0.0219,3108.3915,2636.8,3436.0
1992,hillside_incremental,513875.0,4246125.0,45.7163,0.5152,0.019,0.1364,1.7343,False,0.1737,0.0246,3287.4885,2990.0,3552.0
1993,hillside_incremental,514125.0,4246125.0,44.3419,0.3696,1.0,0.1338,2.5576,False,0.5971,0.8767,833.7555,85.0,2690.6
1994,hillside_incremental,519625.0,4246125.0,38.4856,0.2928,0.4013,0.0916,2.5576,False,0.3408,0.3928,1583.5015,341.0,3437.8
1995,hillside_incremental,520125.0,4246125.0,39.7048,0.2992,0.4013,0.0894,2.5576,False,0.3411,0.3928,1572.0405,340.0,3422.5
1996,hillside_incremental,520625.0,4246125.0,38.3551,0.5408,0.2008,0.0872,3.3346,False,0.2947,0.1968,1584.951,460.9,3143.3
1997,hillside_incremental,523625.0,4246125.0,42.2628,0.496,0.0324,0.0744,3.3346,False,0.2472,0.0347,2283.6155,691.9,3514.1
1998,hillside_incremental,524375.0,4246125.0,40.5906,0.2864,0.0419,0.0714,2.3139,False,0.1791,0.0407,3184.821,1985.6,3722.0
1999,hillside_incremental,524625.0,4246125.0,40.3917,0.5216,0.0874,0.0705,2.3139,False,0.2067,0.0851,2740.5175,1616.0,3519.0
2000,hillside_incremental,487875.0,4246375.0,37.6104,0.3184,0.0874,0.5343,2.9979,False,0.3271,0.113,1386.881,533.9,3260.0
2001,hillside_incremental,489125.0,4246375.0,41.4173,0.76,0.0172,0.4736,2.1912,False,0.294,0.0686,1606.8845,719.0,2523.3
2002,hillside_incremental,489375.0,4246375.0,40.5332,0.712,0.0121,0.4621,2.1912,False,0.2857,0.0658,1749.3765,765.8,2765.2
2003,hillside_incremental,489625.0,4246375.0,40.2242,0.8272,0.0092,0.4507,3.4996,False,0.3355,0.0653,971.038,318.9,1769.1
2004,hillside_incremental,489875.0,4246375.0,41.0958,0.7584,0.0103,0.435,3.4996,False,0.3279,0.0631,1084.915,366.8,2109.0
2005,hillside_incremental,490125.0,4246375.0,41.1382,0.2768,0.0121,0.4267,3.4996,False,0.3011,0.061,1620.69,510.9,3407.1
2006,hillside_incremental,509125.0,4246375.0,44.1434,0.9616,0.0057,0.201,2.2493,False,0.2556,0.0319,1819.729,1163.9,2362.1
2007,hillside_incremental,509375.0,4246375.0,44.4038,0.8656,0.0082,0.1974,2.031,False,0.236,0.0305,2334.442,1810.9,2786.0
2008,hillside_incremental,509875.0,4246375.0,45.4658,0.3376,0.0314,0.1891,2.031,False,0.1839,0.0378,3025.572,2349.4,3588.0
2009,hillside_incremental,511375.0,4246375.0,44.5767,0.9936,0.005,0.1637,2.1328,False,0.2504,0.028,1960.724,1044.9,2642.4
2010,hillside_incremental,513625.0,4246375.0,44.6337,0.9536,0.006,0.1432,1.7343,False,0.2295,0.025,2571.8015,1543.0,3335.0
2011,hillside_incremental,514125.0,4246375.0,44.4071,0.8816,0.0129,0.1376,2.0979,False,0.2328,0.0259,2436.5975,1827.6,2914.0
2012,hillside_incremental,514625.0,4246375.0,43.8988,0.7632,0.0146,0.132,2.0979,False,0.2173,0.0247,2761.297,2335.9,3152.1
2013,hillside_incremental,514875.0,4246375.0,45.1348,0.7184,1.0,0.1292,1.8529,False,0.5951,0.8763,838.9655,54.0,2531.1
2014,hillside_incremental,515875.0,4246375.0,43.8596,0.5616,0.5013,0.1185,2.0932,False,0.3979,0.4903,1330.9715,287.0,2891.1
2015,hillside_incremental,517125.0,4246375.0,42.589,0.832,0.0139,0.1065,0.8773,False,0.1814,0.0216,3269.2045,2401.9,3751.0
2016,hillside_incremental,517375.0,4246375.0,44.6962,0.4304,0.0183,0.1043,0.8773,False,0.1169,0.0197,3634.085,3387.9,3769.0
2017,hillside_incremental,517625.0,4246375.0,44.0722,0.5232,0.2231,0.1021,0.9049,False,0.2081,0.2184,2576.9935,561.0,3693.1
2018,hillside_incremental,519125.0,4246375.0,39.4157,0.224,0.1339,0.0957,2.5576,False,0.2162,0.1307,2527.603,1071.0,3657.1
2019,hillside_incremental,520625.0,4246375.0,39.5163,0.5968,0.6678,0.0888,3.3346,False,0.5032,0.6469,816.6875,172.0,2478.2
2020,hillside_incremental,523875.0,4246375.0,43.2642,0.8816,0.0283,0.0743,3.3346,False,0.2776,0.0343,1659.8495,507.7,2913.2
2021,hillside_incremental,524625.0,4246375.0,42.6573,0.8048,0.0379,0.0713,2.3139,False,0.2283,0.0396,2507.395,1771.9,3339.1
2022,hillside_incremental,489125.0,4246625.0,41.0541,0.4848,0.0169,0.5358,3.4996,False,0.3371,0.0772,1240.628,388.0,2938.7
2023,hillside_incremental,489375.0,4246625.0,40.5933,0.3392,0.0184,0.5206,3.4996,False,0.3273,0.0753,1392.26,429.9,3267.0
2024,hillside_incremental,489625.0,4246625.0,40.0227,0.3744,0.0219,0.5058,3.4996,False,0.3255,0.0742,1391.5665,436.9,3212.3
2025,hillside_incremental,489875.0,4246625.0,40.3953,0.3296,0.0203,0.4834,3.4996,False,0.318,0.0707,1466.45,459.8,3298.3
2026,hillside_incremental,509375.0,4246625.0,44.3174,0.9312,0.0061,0.2067,2.4127,False,0.259,0.0325,1743.304,1214.0,2261.0
2027,hillside_incremental,509625.0,4246625.0,44.5233,0.6976,0.0088,0.2021,2.031,False,0.2168,0.0295,2673.343,2235.6,3108.0
2028,hillside_incremental,511375.0,4246625.0,44.1987,0.9632,0.0048,0.1706,2.1328,False,0.2473,0.0283,2055.602,1264.9,2654.0
2029,hillside_incremental,515125.0,4246625.0,43.749,0.92,0.0081,0.1295,2.0932,False,0.2356,0.0243,2412.493,1660.9,3004.1
2030,hillside_incremental,515375.0,4246625.0,44.4509,0.8064,0.0083,0.1266,2.0932,False,0.2213,0.0225,2695.2795,2210.0,3131.0
2031,hillside_incremental,516125.0,4246625.0,42.5426,0.8432,0.0098,0.1183,2.0932,False,0.2242,0.0227,2713.1195,2104.9,3267.0
2032,hillside_incremental,516375.0,4246625.0,41.9825,0.8928,0.0105,0.1156,2.0932,False,0.2301,0.0235,2609.026,1879.9,3268.1
2033,hillside_incremental,517375.0,4246625.0,42.0899,0.4816,0.0226,0.1059,0.9049,False,0.1236,0.0237,3631.524,3363.9,3765.0
2034,hillside_incremental,517625.0,4246625.0,42.0161,0.7328,0.067,0.1043,0.9049,False,0.1738,0.0658,3213.223,2457.7,3723.0
2035,hillside_incremental,517875.0,4246625.0,41.2321,0.8128,0.0558,0.1033,0.9049,False,0.1844,0.0556,3157.7735,2258.0,3725.0
2036,hillside_incremental,518125.0,4246625.0,39.6026,0.4624,0.0467,0.1023,0.9049,False,0.1222,0.0454,3603.848,3350.0,3767.0
2037,hillside_incremental,518375.0,4246625.0,40.5227,0.6624,0.0503,0.1012,0.9049,False,0.1569,0.0495,3414.517,2854.9,3751.0
2038,hillside_incremental,520125.0,4246625.0,44.6242,0.336,0.6678,0.0928,0.9049,False,0.4375,0.6466,1666.4685,252.0,3660.1
2039,hillside_incremental,524125.0,4246625.0,43.5386,0.4192,0.0296,0.0742,3.3346,False,0.2427,0.0319,2340.5965,704.6,3563.1
2040,hillside_incremental,489625.0,4246875.0,41.1115,0.32,0.0479,0.5745,3.4996,False,0.3467,0.0932,1238.28,373.0,3176.1
2041,hillside_incremental,489875.0,4246875.0,41.6016,0.4544,0.0265,0.5499,3.4996,False,0.3413,0.0816,1217.124,376.0,2977.1
2042,hillside_incremental,491875.0,4246875.0,45.1559,0.2704,0.1826,0.4789,2.8408,False,0.3365,0.1906,1184.167,569.0,3080.1
2043,hillside_incremental,509625.0,4246875.0,43.9891,0.5168,0.0072,0.2114,2.031,False,0.1987,0.0291,2918.8395,2266.9,3435.0
2044,hillside_incremental,509875.0,4246875.0,45.5973,0.6384,0.0088,0.2058,2.031,False,0.2115,0.0295,2712.9975,2178.5,3208.0
2045,hillside_incremental,510625.0,4246875.0,43.3175,0.984,0.004,0.1887,2.3583,False,0.2597,0.0308,1739.7345,992.0,2384.0
2046,hillside_incremental,510875.0,4246875.0,43.7601,0.9968,0.004,0.1831,2.1328,False,0.2529,0.03,1922.581,1021.0,2598.0
2047,hillside_incremental,511625.0,4246875.0,43.3701,0.9552,0.0058,0.1759,2.1937,False,0.2489,0.029,2019.181,1289.9,2607.1
2048,hillside_incremental,511875.0,4246875.0,44.6066,0.9136,0.0089,0.1736,2.1937,False,0.2445,0.0288,2087.272,1523.9,2578.1
2049,hillside_incremental,515875.0,4246875.0,43.4203,0.7392,0.0061,0.1234,1.5766,False,0.1908,0.0198,3210.465,2644.9,3563.0
2050,hillside_incremental,516125.0,4246875.0,44.1596,0.832,0.0062,0.1205,1.5766,False,0.2042,0.0209,3037.431,2277.3,3521.0
2051,hillside_incremental,516375.0,4246875.0,42.7667,0.68,0.0064,0.1178,2.0932,False,0.2037,0.0196,3024.5655,2547.9,3426.0
2052,hillside_incremental,516625.0,4246875.0,42.5509,0.88,0.008,0.1151,0.8773,False,0.1897,0.0207,3178.311,2199.9,3745.0
2053,hillside_incremental,516875.0,4246875.0,42.603,0.9616,0.0071,0.1125,0.8773,False,0.2028,0.0217,3008.7555,1778.9,3742.0
2054,hillside_incremental,517625.0,4246875.0,44.9341,0.8752,0.2231,0.1069,0.9049,False,0.2519,0.2188,2054.667,499.9,3626.0
2055,hillside_incremental,517875.0,4246875.0,41.0113,0.7792,0.0529,0.1058,0.9049,False,0.1782,0.0527,3228.375,2414.0,3730.0
2056,hillside_incremental,518125.0,4246875.0,39.446,0.7728,0.0479,0.1047,0.9049,False,0.1753,0.048,3281.813,2500.7,3746.0
2057,hillside_incremental,518375.0,4246875.0,40.0237,0.584,0.0529,0.1035,0.9049,False,0.1441,0.0517,3484.57,3048.8,3756.0
2058,hillside_incremental,518875.0,4246875.0,39.0341,0.2016,0.0718,0.1011,0.9049,False,0.098,0.0692,3616.2455,3457.5,3774.0
2059,hillside_incremental,492125.0,4247125.0,41.9225,0.2656,0.2008,0.5241,2.8055,False,0.3536,0.2098,1122.2615,527.0,3044.8
2060,hillside_incremental,492625.0,4247125.0,42.8087,0.2208,1.0,0.4888,2.8055,False,0.6849,0.9225,485.29,19.0,1560.5
2061,hillside_incremental,509375.0,4247125.0,44.3778,0.888,0.0044,0.2278,2.031,False,0.2434,0.0339,2169.2455,1588.0,2703.0
2062,hillside_incremental,509625.0,4247125.0,44.7411,0.7696,0.0055,0.2215,2.031,False,0.2284,0.0321,2456.071,1959.9,2931.0
2063,hillside_incremental,509875.0,4247125.0,44.0237,0.7808,0.0049,0.215,2.2099,False,0.2351,0.0316,2292.2115,1877.9,2764.0
2064,hillside_incremental,510625.0,4247125.0,43.68,0.96,0.0042,0.1958,2.1328,False,0.2502,0.031,1998.808,1244.0,2577.0
2065,hillside_incremental,510875.0,4247125.0,43.8293,0.8112,0.0041,0.1896,2.1328,False,0.2312,0.0286,2428.9955,2011.9,2841.2
2066,hillside_incremental,515875.0,4247125.0,43.174,0.9216,0.0048,0.1259,1.5766,False,0.217,0.0226,2861.5945,1864.9,3512.1
2067,hillside_incremental,516125.0,4247125.0,43.5817,0.9552,0.0053,0.1228,1.5766,False,0.2217,0.0229,2764.7215,1660.0,3496.0
2068,hillside_incremental,516375.0,4247125.0,42.3381,0.9872,0.0054,0.1199,1.5766,False,0.2254,0.0232,2719.4525,1503.9,3532.0
2069,hillside_incremental,517125.0,4247125.0,43.6206,0.7072,0.0105,0.1118,0.9049,False,0.162,0.0187,3417.2015,2811.9,3747.0
2070,hillside_incremental,517625.0,4247125.0,44.6667,0.6496,0.0515,0.1096,0.9049,False,0.1593,0.0509,3333.432,2778.8,3724.1
2071,hillside_incremental,509125.0,4247375.0,44.5121,0.992,0.0047,0.2467,2.1188,False,0.2623,0.0374,1698.387,920.9,2370.0
2072,hillside_incremental,509375.0,4247375.0,44.1117,0.9264,0.0043,0.2397,2.1188,False,0.253,0.0359,1933.5465,1364.0,2459.0
2073,hillside_incremental,510375.0,4247375.0,44.0552,0.992,0.0036,0.2103,1.8737,False,0.2479,0.0326,2121.0725,1119.0,3075.3
2074,hillside_incremental,510625.0,4247375.0,44.0104,0.904,0.0036,0.2032,2.1328,False,0.2446,0.0312,2124.3915,1580.8,2594.1
2075,hillside_incremental,515625.0,4247375.0,43.3449,0.9792,0.0037,0.1317,1.5766,False,0.2258,0.0239,2676.9645,1505.7,3477.0
2076,hillside_incremental,515875.0,4247375.0,43.5026,0.9984,0.0042,0.1284,1.5766,False,0.2283,0.0239,2618.2785,1364.9,3476.0
2077,hillside_incremental,516125.0,4247375.0,43.5329,1.0,0.0048,0.1251,1.3906,False,0.223,0.0235,2715.6025,1400.3,3609.0
2078,hillside_incremental,516375.0,4247375.0,42.4426,0.9616,0.0057,0.122,1.3906,False,0.2165,0.0228,2872.3665,1690.4,3636.0
2079,hillside_incremental,517125.0,4247375.0,44.4674,0.4032,0.0184,0.1148,0.9049,False,0.1155,0.0205,3636.5355,3421.8,3764.0
2080,hillside_incremental,517375.0,4247375.0,42.4847,0.2416,0.0162,0.1137,0.9049,False,0.0932,0.0178,3725.1985,3665.0,3775.0
2081,hillside_incremental,520625.0,4247375.0,40.7199,0.2832,0.1674,0.0954,0.9049,False,0.152,0.1633,3112.834,1140.7,3761.0
2082,hillside_incremental,493125.0,4247625.0,38.0099,0.7232,0.0305,0.5717,2.8055,False,0.3388,0.0859,1134.2615,477.0,2286.1
2083,hillside_incremental,509375.0,4247625.0,43.8108,0.96,0.004,0.2526,1.9226,False,0.2527,0.0376,2023.6665,1245.8,2943.2
2084,hillside_incremental,509625.0,4247625.0,43.409,0.9536,0.0041,0.244,2.2099,False,0.2598,0.0368,1768.1925,1180.0,2282.1
2085,hillside_incremental,510125.0,4247625.0,42.9082,0.7824,0.0036,0.2271,1.8737,False,0.2238,0.0326,2632.853,1979.0,3227.1
2086,hillside_incremental,510375.0,4247625.0,43.8195,0.9968,0.0037,0.2189,1.8737,False,0.2498,0.0337,2081.0415,1067.9,3068.0
2087,hillside_incremental,510625.0,4247625.0,44.1548,0.992,0.0034,0.211,1.8737,False,0.2481,0.0327,2114.218,1108.8,3069.0
2088,hillside_incremental,510875.0,4247625.0,44.633,0.9968,0.0033,0.2091,2.3522,False,0.2644,0.0332,1596.5235,840.0,2207.1
2089,hillside_incremental,515125.0,4247625.0,42.3787,0.9936,0.0036,0.1419,1.9391,False,0.24,0.0255,2385.907,1264.8,3214.0
2090,hillside_incremental,515625.0,4247625.0,42.5061,0.9616,0.0038,0.1344,1.3906,False,0.2177,0.0236,2835.627,1662.8,3621.0
2091,hillside_incremental,515875.0,4247625.0,42.4012,0.9824,0.0043,0.1309,1.3906,False,0.2204,0.0237,2790.5305,1553.9,3624.1
2092,hillside_incremental,516125.0,4247625.0,42.7886,0.8864,0.0049,0.1274,1.3906,False,0.2059,0.0219,3030.4885,2091.8,3631.0
2093,hillside_incremental,516375.0,4247625.0,42.312,0.7104,0.006,0.1241,1.3906,False,0.1789,0.0192,3341.1905,2783.9,3669.0
2094,hillside_incremental,516625.0,4247625.0,41.1433,0.8512,0.008,0.121,0.9049,False,0.1855,0.0208,3232.2305,2326.8,3746.0
2095,hillside_incremental,516875.0,4247625.0,43.8567,0.3568,1.0,0.1192,0.9049,False,0.56,0.8742,1311.7635,118.0,3588.1
2096,hillside_incremental,520875.0,4247625.0,42.3354,0.3664,0.1545,0.0957,2.1684,False,0.2115,0.1509,2568.9545,1022.9,3495.0
2097,hillside_incremental,521125.0,4247625.0,41.2361,0.3648,0.1674,0.0941,2.1684,False,0.2158,0.1636,2526.588,901.7,3517.0
2098,hillside_incremental,493125.0,4247875.0,39.6669,0.3216,0.0283,0.6591,2.8055,False,0.3423,0.0959,1426.1645,371.0,3321.3
2099,hillside_incremental,509625.0,4247875.0,43.7454,0.9424,0.0042,0.2567,1.9226,False,0.2513,0.038,2062.985,1333.9,2953.2
2100,hillside_incremental,509875.0,4247875.0,42.9676,0.9344,0.0038,0.2469,1.8737,False,0.2464,0.0366,2199.5725,1426.9,3099.0
2101,hillside_incremental,510125.0,4247875.0,42.762,0.9872,0.0038,0.2372,1.8737,False,0.2513,0.0359,2085.976,1144.9,3095.2
2102,hillside_incremental,510375.0,4247875.0,43.4172,0.9984,0.0037,0.2279,2.0683,False,0.2576,0.0351,1839.0165,974.9,2573.1
2103,hillside_incremental,510625.0,4247875.0,43.8734,0.9904,0.0037,0.2225,2.0683,False,0.2559,0.0343,1866.0785,1035.9,2567.1
2104,hillside_incremental,510875.0,4247875.0,44.0468,0.9872,0.0034,0.2204,2.0683,False,0.2552,0.034,1878.5715,1060.6,2564.1
2105,hillside_incremental,511125.0,4247875.0,43.7818,0.9216,0.0034,0.2179,2.3522,False,0.2568,0.0334,1806.208,1301.9,2287.4
2106,hillside_incremental,515625.0,4247875.0,41.2513,0.8,0.0049,0.1371,1.3906,False,0.1933,0.0215,3190.712,2459.6,3658.0
2107,hillside_incremental,515875.0,4247875.0,41.3747,0.6144,0.0056,0.1333,1.3906,False,0.1654,0.0188,3442.6485,3008.0,3693.0
2108,hillside_incremental,516125.0,4247875.0,42.3767,0.7248,0.007,0.1297,1.3906,False,0.1819,0.0201,3306.6525,2728.9,3661.0
2109,hillside_incremental,516375.0,4247875.0,43.2749,0.5056,0.0101,0.1262,0.9049,False,0.1304,0.0174,3585.8695,3255.9,3759.0
2110,hillside_incremental,521125.0,4247875.0,42.4147,0.48,0.1674,0.0958,2.1684,False,0.2253,0.1637,2381.3995,857.8,3353.0
2111,hillside_incremental,521375.0,4247875.0,42.9885,0.2304,0.2008,0.0942,2.1684,False,0.2241,0.1964,2409.154,645.8,3621.0
2112,hillside_incremental,494125.0,4248125.0,39.2217,0.752,0.0151,0.8271,3.1228,False,0.4085,0.1154,718.3395,152.9,1817.0
2113,hillside_incremental,505125.0,4248125.0,42.9826,0.9968,0.007,0.2722,2.9312,False,0.2949,0.042,1160.1355,524.0,1771.1
2114,hillside_incremental,509625.0,4248125.0,41.4967,0.8912,0.0048,0.2703,1.9226,False,0.2468,0.0393,2222.256,1441.0,3085.1
2115,hillside_incremental,509875.0,4248125.0,42.6599,0.9296,0.0039,0.259,1.9226,False,0.2496,0.0381,2132.5965,1390.9,3016.1
2116,hillside_incremental,510125.0,4248125.0,43.6692,0.9792,0.0048,0.2478,1.9467,False,0.255,0.0373,1957.861,1112.8,2858.1
2117,hillside_incremental,510625.0,4248125.0,43.549,0.9504,0.0036,0.2355,2.0683,False,0.2531,0.0355,1957.5855,1295.9,2578.1
2118,hillside_incremental,510875.0,4248125.0,43.4734,0.976,0.0031,0.233,2.1213,False,0.2574,0.0355,1838.973,1109.0,2470.1
2119,hillside_incremental,511125.0,4248125.0,44.0944,0.9936,0.0032,0.2301,2.1213,False,0.2593,0.0353,1767.116,970.7,2432.1
2120,hillside_incremental,514875.0,4248125.0,42.535,0.9776,0.0045,0.1529,1.9391,False,0.2394,0.0264,2387.4985,1365.8,3157.1
2121,hillside_incremental,515625.0,4248125.0,41.2671,0.6592,0.0056,0.1398,1.3906,False,0.1728,0.0201,3380.455,2878.8,3679.1
2122,hillside_incremental,516375.0,4248125.0,42.5593,0.6384,0.0132,0.1288,0.9049,False,0.1521,0.0206,3477.8085,2980.9,3747.0
2123,hillside_incremental,520625.0,4248125.0,42.8304,0.2912,0.4013,0.1008,2.1684,False,0.3302,0.3929,1718.4855,343.0,3454.1
2124,hillside_incremental,520875.0,4248125.0,41.422,0.4016,0.1826,0.0991,2.1684,False,0.2252,0.1786,2397.2545,763.0,3444.1
2125,hillside_incremental,496375.0,4248375.0,38.9715,0.2528,0.251,0.5318,4.6924,False,0.4379,0.2577,753.828,113.0,2620.1
2126,hillside_incremental,504875.0,4248375.0,42.9721,0.9408,0.0061,0.29,2.9312,False,0.2925,0.0436,1232.7225,623.6,1783.0
2127,hillside_incremental,505125.0,4248375.0,43.8095,0.9984,0.006,0.2884,2.3535,False,0.2782,0.0432,1386.399,718.8,1923.4
2128,hillside_incremental,509625.0,4248375.0,41.582,0.9232,0.0046,0.285,1.9226,False,0.2537,0.0415,2086.7105,1317.8,3044.2
2129,hillside_incremental,509875.0,4248375.0,42.3148,0.9584,0.0041,0.2716,1.9226,False,0.2554,0.04,2015.8505,1227.9,3008.2
2130,hillside_incremental,510125.0,4248375.0,43.5518,0.8224,0.0046,0.2602,1.9467,False,0.2383,0.0375,2335.1575,1639.0,3012.0
2131,hillside_incremental,510375.0,4248375.0,43.7347,0.9456,0.0038,0.2522,1.9467,False,0.2515,0.0374,2044.706,1320.0,2881.2
2132,hillside_incremental,510625.0,4248375.0,44.422,0.9616,0.0031,0.25,1.9467,False,0.2533,0.0373,1978.8375,1219.0,2834.1
2133,hillside_incremental,510875.0,4248375.0,43.5482,0.992,0.0027,0.2471,2.1213,False,0.2617,0.0374,1738.7555,956.0,2424.1
2134,hillside_incremental,514375.0,4248375.0,43.2765,0.688,0.0168,0.1669,1.9391,False,0.2061,0.0281,2949.7475,2540.9,3263.0
2135,hillside_incremental,515375.0,4248375.0,41.0464,0.6128,0.0053,0.1469,2.1978,False,0.2036,0.0218,2957.59,2407.7,3468.2
2136,hillside_incremental,516125.0,4248375.0,42.6012,0.9232,0.0076,0.1347,0.9049,False,0.1997,0.0231,3032.9635,1945.0,3717.0
2137,hillside_incremental,516375.0,4248375.0,43.3255,0.8912,0.01,0.1329,0.9049,False,0.195,0.023,3085.3555,2096.9,3715.0
2138,hillside_incremental,520125.0,4248375.0,41.9782,0.2032,1.0,0.1064,0.9049,False,0.5514,0.8724,1396.1455,156.0,3654.0
2139,hillside_incremental,520625.0,4248375.0,42.495,0.352,0.2231,0.1027,2.1684,False,0.2411,0.2185,2221.0855,545.9,3454.0
2140,hillside_incremental,495125.0,4248625.0,36.5361,0.6896,0.0693,0.9486,3.1228,False,0.4456,0.1479,600.7595,53.0,1642.4
2141,hillside_incremental,495875.0,4248625.0,39.3022,0.2704,0.2008,0.6944,4.6924,False,0.4556,0.2196,666.724,65.9,2462.4
2142,hillside_incremental,496375.0,4248625.0,39.056,0.416,0.251,0.6088,4.6924,False,0.4617,0.261,590.094,68.0,1938.1
2143,hillside_incremental,496875.0,4248625.0,38.3516,0.2048,0.251,0.5578,4.6924,False,0.4416,0.2588,753.86,106.9,2714.2
2144,hillside_incremental,504625.0,4248625.0,43.437,0.9152,0.0053,0.3136,2.9312,False,0.2945,0.0464,1219.8175,628.9,1749.0
2145,hillside_incremental,505125.0,4248625.0,43.8193,0.9872,0.0051,0.3093,2.3535,False,0.2808,0.0457,1364.915,789.5,1894.1
2146,hillside_incremental,508375.0,4248625.0,44.5516,0.704,0.0056,0.3839,2.3355,False,0.2696,0.0541,1767.1915,992.0,2676.4
2147,hillside_incremental,508625.0,4248625.0,43.4139,0.7616,0.0052,0.3684,2.2167,False,0.2661,0.0521,1838.5425,1076.8,2607.0
2148,hillside_incremental,509125.0,4248625.0,42.7398,0.4624,0.0057,0.3337,2.287,False,0.2343,0.0461,2344.679,1320.9,3368.1
2149,hillside_incremental,509625.0,4248625.0,41.4946,0.7168,0.0047,0.3004,2.287,False,0.2473,0.0425,2122.4405,1434.9,2884.2
2150,hillside_incremental,509875.0,4248625.0,42.0517,0.7568,0.0039,0.2865,1.8485,False,0.2319,0.0404,2490.426,1582.8,3261.1
2151,hillside_incremental,510125.0,4248625.0,43.4586,0.9968,0.0033,0.2742,1.9467,False,0.2617,0.0407,1826.661,952.6,2821.1
2152,hillside_incremental,510375.0,4248625.0,43.299,1.0,0.0035,0.269,2.0018,False,0.2628,0.0401,1774.2525,913.0,2665.2
2153,hillside_incremental,510625.0,4248625.0,43.9001,0.9968,0.0035,0.2664,2.0018,False,0.2622,0.0398,1769.71,928.3,2624.2
2154,hillside_incremental,510875.0,4248625.0,44.3367,0.9856,0.003,0.263,2.1213,False,0.2642,0.0393,1677.228,959.9,2344.0
2155,hillside_incremental,511625.0,4248625.0,44.7251,0.9456,0.0037,0.2474,2.3865,False,0.2661,0.0373,1588.4025,1081.4,2054.1
2156,hillside_incremental,513625.0,4248625.0,42.8867,0.5136,0.0165,0.1902,2.5646,False,0.2213,0.0302,2518.585,1486.6,3359.1
2157,hillside_incremental,513875.0,4248625.0,44.1962,0.584,0.033,0.1836,2.5646,False,0.2296,0.0401,2337.8905,1415.9,3140.0
2158,hillside_incremental,514375.0,4248625.0,41.7043,0.368,0.0112,0.1712,1.9391,False,0.1719,0.0238,3321.2715,2875.8,3663.0
2159,hillside_incremental,515875.0,4248625.0,42.0546,0.6464,0.0069,0.1414,0.9049,False,0.1544,0.0197,3454.9985,2930.8,3747.0
2160,hillside_incremental,516125.0,4248625.0,42.6872,0.9344,0.0074,0.1386,0.9049,False,0.2021,0.0235,2993.8145,1876.0,3712.0
2161,hillside_incremental,516375.0,4248625.0,43.7876,0.9824,0.0102,0.1372,0.9049,False,0.2105,0.0249,2834.977,1554.9,3698.0
2162,hillside_incremental,520125.0,4248625.0,41.5557,0.2096,1.0,0.1086,0.9049,False,0.552,0.8727,1393.918,154.9,3653.1
2163,hillside_incremental,520625.0,4248625.0,41.4593,0.32,0.5013,0.1047,2.1684,False,0.3849,0.4899,1529.5495,296.0,3381.1
2164,hillside_incremental,496125.0,4248875.0,38.8395,0.3312,0.251,0.7567,4.6924,False,0.4896,0.2679,540.5955,34.0,1899.4
2165,hillside_incremental,502625.0,4248875.0,44.335,0.4448,0.0261,0.2804,3.0921,False,0.2615,0.0461,1913.0835,784.8,3246.1
2166,hillside_incremental,503375.0,4248875.0,40.295,0.5408,0.0209,0.304,2.7947,False,0.2566,0.0467,2000.356,1065.0,3162.0
2167,hillside_incremental,503625.0,4248875.0,39.8374,0.3792,0.0166,0.3149,2.7947,False,0.2479,0.0461,2162.5555,1093.9,3456.1
2168,hillside_incremental,504125.0,4248875.0,42.0836,0.7392,0.0076,0.3329,2.7947,False,0.2774,0.048,1614.678,944.6,2532.2
2169,hillside_incremental,504375.0,4248875.0,43.6578,0.976,0.0056,0.3383,2.7947,False,0.3003,0.05,1096.1675,589.9,1575.1
2170,hillside_incremental,505125.0,4248875.0,42.5392,0.768,0.0047,0.3348,3.0036,False,0.2881,0.0483,1446.3335,700.8,2341.1
2171,hillside_incremental,507125.0,4248875.0,41.5074,0.3856,0.0141,0.4493,3.7278,False,0.3201,0.0649,1417.413,399.9,3184.3
2172,hillside_incremental,508375.0,4248875.0,43.6613,0.8176,0.0048,0.4207,2.3355,False,0.2884,0.0597,1487.7085,835.0,2210.1
2173,hillside_incremental,508625.0,4248875.0,45.2812,0.5824,0.0047,0.3997,2.2703,False,0.2616,0.0557,1943.665,968.9,3034.1
2174,hillside_incremental,508875.0,4248875.0,44.2904,0.7184,0.0081,0.378,2.2703,False,0.2673,0.0536,1811.4235,1028.9,2660.1
2175,hillside_incremental,509875.0,4248875.0,43.4377,0.9952,0.0037,0.3026,1.8485,False,0.2642,0.0443,1840.1525,944.8,3060.1
2176,hillside_incremental,510125.0,4248875.0,43.3503,1.0,0.0032,0.2932,1.8485,False,0.2627,0.0431,1858.8845,919.0,3075.3
2177,hillside_incremental,510375.0,4248875.0,42.5123,0.9872,0.0032,0.2882,2.0018,False,0.2646,0.0425,1786.273,994.5,2686.1
2178,hillside_incremental,510875.0,4248875.0,44.4345,0.9776,0.0028,0.2811,2.0018,False,0.2628,0.0414,1766.0605,1038.9,2578.6
2179,hillside_incremental,511125.0,4248875.0,44.0764,1.0,0.003,0.2758,2.2655,False,0.2728,0.0412,1479.3585,788.8,2062.0
2180,hillside_incremental,511625.0,4248875.0,44.2199,0.9984,0.0041,0.262,2.3173,False,0.272,0.0396,1472.101,779.9,2024.0
2181,hillside_incremental,513625.0,4248875.0,43.0201,0.992,0.0146,0.1963,2.5646,False,0.2705,0.0343,1518.669,755.9,2222.4
2182,hillside_incremental,513875.0,4248875.0,43.1343,0.7584,0.0207,0.189,2.5646,False,0.245,0.034,2096.75,1364.9,2739.0
2183,hillside_incremental,515875.0,4248875.0,42.2019,0.9712,0.006,0.1446,0.9049,False,0.2083,0.0244,2897.9805,1663.8,3707.0
2184,hillside_incremental,516125.0,4248875.0,42.3277,0.92,0.0078,0.1433,0.9049,False,0.2002,0.0239,3019.555,1942.8,3712.1
2185,hillside_incremental,500625.0,4249125.0,42.0728,0.8672,0.0082,0.3376,2.9589,False,0.2959,0.0496,1273.3235,649.8,1910.3
2186,hillside_incremental,500875.0,4249125.0,41.7889,0.9296,0.0093,0.3334,3.1615,False,0.308,0.0499,1085.8785,440.9,1659.2
2187,hillside_incremental,502125.0,4249125.0,42.2581,0.8576,0.0147,0.2953,3.0921,False,0.293,0.0456,1314.902,587.8,1998.1
2188,hillside_incremental,503625.0,4249125.0,42.2563,0.8784,0.0091,0.339,3.1082,False,0.3028,0.0502,1180.3035,529.0,1809.1
2189,hillside_incremental,503875.0,4249125.0,42.5181,0.9504,0.0073,0.3509,3.1082,False,0.3111,0.052,1022.2335,434.9,1541.1
2190,hillside_incremental,504125.0,4249125.0,44.0375,0.9344,0.0063,0.3619,3.1082,False,0.3123,0.0532,997.4155,436.0,1483.0
2191,hillside_incremental,504375.0,4249125.0,44.1068,0.992,0.0053,0.3692,3.0036,False,0.315,0.0543,928.259,426.9,1406.1
2192,hillside_incremental,507125.0,4249125.0,42.2472,0.52,0.0133,0.5028,3.7278,False,0.3385,0.0723,1190.1635,330.9,2810.0
2193,hillside_incremental,508375.0,4249125.0,43.1186,0.9728,0.005,0.4638,2.2355,False,0.3098,0.0662,1158.643,630.8,1850.1
2194,hillside_incremental,508625.0,4249125.0,43.3183,0.744,0.0059,0.4357,2.3355,False,0.2859,0.0615,1598.4265,818.0,2515.0
2195,hillside_incremental,508875.0,4249125.0,43.5315,0.832,0.0063,0.4081,2.2703,False,0.2846,0.0581,1538.577,876.0,2204.3
2196,hillside_incremental,509875.0,4249125.0,43.2523,0.8928,0.0036,0.3229,2.2226,False,0.2687,0.0466,1687.4585,1171.0,2204.0
2197,hillside_incremental,510125.0,4249125.0,43.3493,0.9088,0.0033,0.3149,2.2226,False,0.2687,0.0456,1667.6595,1169.0,2178.0
2198,hillside_incremental,510375.0,4249125.0,42.9052,0.96,0.0031,0.3104,2.1232,False,0.2699,0.0453,1662.004,1035.9,2354.4
2199,hillside_incremental,510625.0,4249125.0,42.6039,0.968,0.003,0.3065,2.1232,False,0.2699,0.0448,1662.281,1027.0,2367.3
2200,hillside_incremental,510875.0,4249125.0,43.034,0.9824,0.0029,0.3016,2.0018,False,0.2668,0.0442,1742.7685,994.9,2641.3
2201,hillside_incremental,511375.0,4249125.0,43.6559,0.992,0.0035,0.2871,2.3173,False,0.2756,0.0427,1442.1025,794.9,1995.3
2202,hillside_incremental,512125.0,4249125.0,42.2625,0.6144,0.0155,0.2585,2.2997,False,0.2305,0.0385,2372.9525,1647.0,3136.0
2203,hillside_incremental,514375.0,4249125.0,43.8892,0.8496,0.0089,0.1798,2.8544,False,0.2637,0.0299,1743.4215,875.8,2493.3
2204,hillside_incremental,515375.0,4249125.0,42.1727,0.8944,0.0054,0.1569,1.8556,False,0.226,0.0256,2703.336,1922.8,3309.1
2205,hillside_incremental,515875.0,4249125.0,42.4501,0.9392,0.0064,0.1499,1.555,False,0.2216,0.0252,2757.7585,1728.0,3494.0
2206,hillside_incremental,516125.0,4249125.0,41.9848,0.8064,0.0091,0.1485,1.555,False,0.2024,0.0239,3061.253,2381.8,3540.0
2207,hillside_incremental,516375.0,4249125.0,41.645,0.736,0.0134,0.1468,3.1023,False,0.259,0.0274,1995.504,783.7,3010.4
2208,hillside_incremental,497125.0,4249375.0,37.7945,0.2576,0.251,0.8698,4.6924,False,0.5084,0.2739,528.3685,20.0,1969.2
2209,hillside_incremental,499125.0,4249375.0,41.6994,0.5504,0.0309,0.5569,4.6924,False,0.3876,0.0853,879.268,112.0,2454.3
2210,hillside_incremental,500125.0,4249375.0,42.5781,0.9648,0.0072,0.4124,2.449,False,0.3036,0.0596,1154.173,694.0,1667.2
2211,hillside_incremental,501875.0,4249375.0,43.5708,0.9728,0.0094,0.3285,3.0921,False,0.309,0.0495,1007.3795,433.0,1517.0
2212,hillside_incremental,503875.0,4249375.0,43.3028,0.9072,0.0074,0.3821,3.1082,False,0.314,0.0559,1017.7795,448.0,1552.2
2213,hillside_incremental,504125.0,4249375.0,43.5428,0.9552,0.0072,0.396,3.1082,False,0.3209,0.058,909.788,393.0,1385.1
2214,hillside_incremental,504375.0,4249375.0,43.4974,0.968,0.0063,0.4062,3.1082,False,0.3239,0.0593,875.192,378.0,1343.1
2215,hillside_incremental,505125.0,4249375.0,43.5292,1.0,0.0065,0.4004,2.4577,False,0.3047,0.0582,1085.808,569.9,1606.1
2216,hillside_incremental,505625.0,4249375.0,43.2813,0.9952,0.0089,0.4224,2.4577,False,0.3095,0.0614,1050.862,560.9,1568.1
2217,hillside_incremental,506625.0,4249375.0,44.1826,0.8208,0.0074,0.5168,3.1903,False,0.3405,0.0737,897.553,375.9,1617.6
2218,hillside_incremental,506875.0,4249375.0,44.1791,0.9168,0.007,0.5344,3.7278,False,0.3672,0.0768,644.1365,169.0,1124.1
2219,hillside_incremental,507125.0,4249375.0,43.4086,0.7792,0.0119,0.5682,3.7278,False,0.3672,0.0815,775.1995,204.0,1603.5
2220,hillside_incremental,507875.0,4249375.0,42.7723,0.7328,0.0053,0.5755,3.8502,False,0.3685,0.0816,822.614,189.8,1874.2
2221,hillside_incremental,508375.0,4249375.0,42.6018,0.824,0.0058,0.5135,2.2355,False,0.3097,0.0724,1375.6725,599.0,2218.1
2222,hillside_incremental,508625.0,4249375.0,43.305,0.6928,0.0063,0.4765,2.3355,False,0.2928,0.067,1590.615,709.0,2672.3
2223,hillside_incremental,509875.0,4249375.0,43.692,0.9264,0.0034,0.35,2.2226,False,0.2783,0.0504,1517.358,1001.0,2068.1
2224,hillside_incremental,510125.0,4249375.0,44.2499,0.944,0.0034,0.3398,2.2226,False,0.2782,0.0492,1483.1605,973.9,2024.0
2225,hillside_incremental,510375.0,4249375.0,42.874,0.984,0.0031,0.3362,2.1232,False,0.278,0.0489,1527.3905,878.5,2276.1
2226,hillside_incremental,510625.0,4249375.0,43.6801,0.7984,0.0034,0.3314,2.1232,False,0.2574,0.047,1964.783,1229.9,2617.1
2227,hillside_incremental,510875.0,4249375.0,43.7316,0.9824,0.0036,0.3253,2.4838,False,0.2876,0.0478,1268.1775,741.6,1753.5
2228,hillside_incremental,511125.0,4249375.0,43.4028,0.9024,0.0038,0.317,2.3244,False,0.2721,0.046,1590.498,1144.9,2045.5
2229,hillside_incremental,511375.0,4249375.0,43.5626,0.9968,0.0044,0.3069,2.184,False,0.2757,0.0452,1484.9565,781.3,2135.3
2230,hillside_incremental,512125.0,4249375.0,42.9141,0.5952,0.0199,0.2723,2.2997,False,0.2327,0.0419,2317.17,1590.8,3108.1
2231,hillside_incremental,513125.0,4249375.0,43.955,0.8816,0.006,0.2277,2.2997,False,0.2524,0.0344,1908.1735,1489.7,2348.0
2232,hillside_incremental,514625.0,4249375.0,43.4435,0.9168,0.008,0.1778,2.4748,False,0.2553,0.0295,1858.821,1257.8,2452.5
2233,hillside_incremental,514875.0,4249375.0,42.8984,0.9872,0.0069,0.1717,2.4748,False,0.2621,0.0296,1703.8045,898.8,2455.1
2234,hillside_incremental,515125.0,4249375.0,42.5244,0.9744,0.0058,0.1661,1.8556,False,0.2381,0.0277,2418.844,1378.0,3240.0
2235,hillside_incremental,515625.0,4249375.0,42.4905,0.9504,0.0065,0.1569,1.8556,False,0.2338,0.0265,2532.6355,1569.9,3272.1
2236,hillside_incremental,515875.0,4249375.0,42.4789,0.7632,0.0072,0.1556,1.555,False,0.1972,0.0236,3104.743,2493.9,3529.0
2237,hillside_incremental,516375.0,4249375.0,41.6817,0.752,0.0173,0.1521,3.1023,False,0.2617,0.0297,1934.7335,756.9,2922.1
2238,hillside_incremental,516625.0,4249375.0,44.0808,0.6112,0.0231,0.1501,0.9049,False,0.1537,0.0285,3406.8165,2902.8,3725.0
2239,hillside_incremental,499875.0,4249625.0,42.0786,0.9904,0.0096,0.4828,2.449,False,0.3226,0.0696,987.96,514.0,1554.3
2240,hillside_incremental,501125.0,4249625.0,42.8746,0.9344,0.0093,0.3942,2.9828,False,0.3148,0.0578,995.598,496.0,1473.1
2241,hillside_incremental,501625.0,4249625.0,42.0565,0.8208,0.0094,0.3693,2.9828,False,0.2996,0.0538,1273.8665,650.7,2059.2
2242,hillside_incremental,502625.0,4249625.0,43.3591,0.968,0.1116,0.3528,0.0,False,0.2577,0.1192,1900.15,741.9,3715.1
2243,hillside_incremental,502875.0,4249625.0,43.2954,0.9952,0.0804,0.3589,0.0,False,0.255,0.0928,1971.3045,785.9,3728.0
2244,hillside_incremental,503625.0,4249625.0,45.6587,0.9376,0.0139,0.3965,2.6245,False,0.3054,0.0586,1061.9905,656.8,1476.0
2245,hillside_incremental,503875.0,4249625.0,45.2987,0.9248,0.0089,0.4182,2.6245,False,0.3081,0.0606,1063.5835,662.0,1494.0
2246,hillside_incremental,504625.0,4249625.0,43.6491,0.9152,0.0075,0.4568,2.6245,False,0.3154,0.0656,1048.4025,627.0,1524.3
2247,hillside_incremental,504875.0,4249625.0,44.6436,1.0,0.0184,0.4532,2.6245,False,0.3243,0.0676,876.025,439.8,1328.1
2248,hillside_incremental,505375.0,4249625.0,43.2933,0.9952,0.0081,0.4351,2.4577,False,0.3123,0.063,1030.306,552.9,1550.0
2249,hillside_incremental,506125.0,4249625.0,43.8872,0.9664,0.0084,0.5341,3.5635,False,0.3656,0.077,614.226,182.0,1049.1
2250,hillside_incremental,506375.0,4249625.0,44.559,0.9408,0.0089,0.5681,3.5635,False,0.3716,0.0815,597.153,179.9,1032.5
2251,hillside_incremental,508875.0,4249625.0,43.3235,0.9776,0.0053,0.4792,2.2703,False,0.3151,0.0684,1092.985,577.0,1755.0
2252,hillside_incremental,509625.0,4249625.0,42.729,0.9904,0.0039,0.3918,2.2703,False,0.2954,0.0565,1258.483,712.0,1888.0
2253,hillside_incremental,509875.0,4249625.0,43.5862,0.9984,0.0039,0.3816,2.6713,False,0.3068,0.0556,1030.299,528.9,1515.2
2254,hillside_incremental,510125.0,4249625.0,43.915,1.0,0.0039,0.3708,2.3207,False,0.2937,0.0538,1216.2835,643.6,1771.2
2255,hillside_incremental,510375.0,4249625.0,43.3895,0.9904,0.004,0.3668,2.3207,False,0.2917,0.0532,1258.5885,722.9,1812.2
2256,hillside_incremental,510625.0,4249625.0,43.7988,0.9632,0.0036,0.3608,2.1232,False,0.2815,0.0521,1484.267,889.9,2206.2
2257,hillside_incremental,510875.0,4249625.0,43.7647,0.9344,0.0037,0.3527,2.4838,False,0.2884,0.0511,1307.749,872.0,1749.2
2258,hillside_incremental,511375.0,4249625.0,43.1799,0.9552,0.005,0.3292,2.3244,False,0.2803,0.0481,1433.24,930.7,1924.0
2259,hillside_incremental,511875.0,4249625.0,44.2012,0.6688,0.0161,0.3012,2.5656,False,0.2573,0.0449,1887.043,1232.9,2777.1
2260,hillside_incremental,512125.0,4249625.0,42.2728,0.4032,0.0131,0.2871,2.2845,False,0.2188,0.0407,2550.8945,1588.0,3483.0
2261,hillside_incremental,512875.0,4249625.0,43.4098,0.9664,0.0054,0.2475,2.2845,False,0.2646,0.0375,1650.77,1070.9,2161.0
2262,hillside_incremental,513125.0,4249625.0,43.8019,0.9776,0.0061,0.2357,2.3759,False,0.2673,0.0364,1568.2285,952.9,2101.1
2263,hillside_incremental,513375.0,4249625.0,43.3586,0.9024,0.0065,0.2247,2.5755,False,0.2644,0.0347,1675.303,1124.9,2222.2
2264,hillside_incremental,513625.0,4249625.0,43.5533,0.9888,0.007,0.2145,2.5755,False,0.2723,0.0344,1475.8645,785.8,2106.0
2265,hillside_incremental,513875.0,4249625.0,43.8993,0.9872,0.0077,0.2049,2.849,False,0.2808,0.0339,1347.371,618.7,2066.0
2266,hillside_incremental,514125.0,4249625.0,43.943,0.928,0.0071,0.197,2.849,False,0.2736,0.0323,1509.7245,770.0,2207.0
2267,hillside_incremental,514375.0,4249625.0,43.9212,0.856,0.0068,0.1897,2.849,False,0.2652,0.0306,1704.692,871.9,2430.2
2268,hillside_incremental,514625.0,4249625.0,42.6106,0.9424,0.0075,0.1827,2.4748,False,0.2585,0.0303,1804.207,1178.5,2465.0
2269,hillside_incremental,514875.0,4249625.0,43.1993,0.7216,0.0093,0.1764,1.8556,False,0.2073,0.0265,2939.7245,2421.9,3327.0
2270,hillside_incremental,515125.0,4249625.0,42.8538,0.8368,0.0071,0.1707,1.8556,False,0.2208,0.0266,2758.947,2151.9,3282.0
2271,hillside_incremental,515375.0,4249625.0,42.3521,0.9488,0.0069,0.1652,1.8556,False,0.2347,0.0274,2505.7965,1571.8,3254.0
2272,hillside_incremental,515625.0,4249625.0,42.2779,0.9392,0.0073,0.1632,1.555,False,0.2234,0.0267,2707.8735,1701.0,3478.1
2273,hillside_incremental,515875.0,4249625.0,44.2606,0.4304,0.008,0.1616,1.555,False,0.1571,0.0214,3411.359,3089.5,3666.1
2274,hillside_incremental,516125.0,4249625.0,42.872,0.728,0.0111,0.1598,2.2489,False,0.2222,0.0259,2600.387,2084.9,3100.3
2275,hillside_incremental,516625.0,4249625.0,43.336,0.728,0.0201,0.1555,2.9565,False,0.2545,0.0309,1996.049,893.9,2893.1
2276,hillside_incremental,508875.0,4249875.0,42.8861,0.8544,0.0066,0.5288,3.3438,False,0.3498,0.0755,818.836,312.9,1475.2
2277,hillside_incremental,509125.0,4249875.0,43.3911,0.9584,0.0049,0.4843,3.3438,False,0.3469,0.0698,734.1645,270.0,1186.2
2278,hillside_incremental,509375.0,4249875.0,43.8426,0.9936,0.0046,0.4423,2.2703,False,0.3078,0.0634,1116.4445,590.0,1744.2
2279,hillside_incremental,509625.0,4249875.0,43.1552,0.9696,0.0044,0.4332,2.2703,False,0.3031,0.0621,1202.567,683.0,1823.5
2280,hillside_incremental,509875.0,4249875.0,42.8581,0.9952,0.0045,0.4192,2.6436,False,0.3136,0.0606,991.315,519.8,1468.0
2281,hillside_incremental,510125.0,4249875.0,44.0556,0.9424,0.005,0.4086,2.6713,False,0.3079,0.059,1061.32,645.9,1498.1
2282,hillside_incremental,510375.0,4249875.0,44.1657,0.9344,0.0049,0.4033,2.3207,False,0.2948,0.0579,1276.0225,817.8,1788.1
2283,hillside_incremental,510625.0,4249875.0,44.1131,0.9168,0.0044,0.3956,2.3207,False,0.2912,0.0567,1335.7275,867.0,1843.1
2284,hillside_incremental,512125.0,4249875.0,42.1192,0.256,0.0341,0.3025,2.7742,False,0.2422,0.0523,2206.5615,1122.9,3552.1
2285,hillside_incremental,512375.0,4249875.0,41.9266,0.568,0.0101,0.2862,2.2845,False,0.2309,0.0405,2384.23,1570.0,3237.1
2286,hillside_incremental,513125.0,4249875.0,43.4224,0.9968,0.0061,0.2436,2.0278,False,0.2591,0.0371,1822.398,954.9,2615.0
2287,hillside_incremental,513375.0,4249875.0,42.6659,0.9664,0.0063,0.2314,2.5755,False,0.272,0.0361,1515.766,922.0,2107.1
2288,hillside_incremental,513625.0,4249875.0,43.1492,0.9872,0.0061,0.2206,2.5755,False,0.2727,0.035,1478.3645,801.9,2102.1
2289,hillside_incremental,513875.0,4249875.0,43.3287,0.9712,0.0062,0.2117,2.849,False,0.2797,0.0343,1387.2835,692.9,2085.3
2290,hillside_incremental,514125.0,4249875.0,43.228,0.8688,0.0067,0.2031,2.849,False,0.2681,0.0323,1654.0255,852.0,2370.1
2291,hillside_incremental,514375.0,4249875.0,42.6003,0.9296,0.0069,0.1951,2.849,False,0.2729,0.0321,1555.2415,783.8,2286.4
2292,hillside_incremental,514625.0,4249875.0,42.172,0.8896,0.0075,0.1881,2.1544,False,0.241,0.0297,2259.8375,1720.8,2763.0
2293,hillside_incremental,514875.0,4249875.0,42.5781,0.5584,0.0201,0.1816,1.8556,False,0.1896,0.0303,3134.655,2693.0,3467.0
2294,hillside_incremental,515125.0,4249875.0,42.9109,0.6368,0.0094,0.1753,1.8556,False,0.1965,0.0256,3081.145,2638.8,3421.1
2295,hillside_incremental,515375.0,4249875.0,42.9802,0.816,0.0093,0.1714,1.8672,False,0.219,0.027,2781.7805,2210.0,3266.1
2296,hillside_incremental,515625.0,4249875.0,42.58,0.928,0.0093,0.17,1.8672,False,0.2334,0.0281,2521.0655,1686.9,3218.2
2297,hillside_incremental,515875.0,4249875.0,44.0101,0.5856,0.0106,0.1682,1.8672,False,0.1906,0.0246,3129.105,2742.0,3450.1
2298,hillside_incremental,516375.0,4249875.0,42.0203,0.656,0.0239,0.1638,2.2489,False,0.2161,0.0321,2688.097,2090.8,3217.1
2299,hillside_incremental,517125.0,4249875.0,42.7267,0.5616,0.067,0.1557,2.5205,False,0.227,0.0677,2370.674,1365.0,3161.1
2300,hillside_incremental,520375.0,4249875.0,44.1475,0.3056,1.0,0.1174,2.1377,False,0.5825,0.8744,1033.9775,113.0,3073.0
2301,hillside_incremental,508875.0,4250125.0,43.2378,0.9568,0.007,0.5841,3.3438,False,0.369,0.0833,621.892,233.0,1065.1
2302,hillside_incremental,509125.0,4250125.0,43.7333,0.9232,0.0056,0.523,3.3438,False,0.3531,0.0749,723.5575,271.0,1201.0
2303,hillside_incremental,509375.0,4250125.0,43.7878,0.9472,0.0051,0.4945,3.8,False,0.3626,0.0715,652.5385,163.0,1125.1
2304,hillside_incremental,512375.0,4250125.0,43.0067,0.2944,0.0874,0.2993,2.2845,False,0.2313,0.0934,2261.9135,1349.9,3475.2
2305,hillside_incremental,512625.0,4250125.0,43.553,0.408,0.0108,0.2818,2.2845,False,0.2182,0.0394,2535.6125,1602.9,3460.0
2306,hillside_incremental,513125.0,4250125.0,42.5793,0.992,0.0058,0.251,2.0278,False,0.2594,0.038,1847.5775,1003.0,2645.1
2307,hillside_incremental,513375.0,4250125.0,42.131,0.9216,0.0056,0.2392,2.0278,False,0.2485,0.0358,2120.4665,1462.9,2798.1
2308,hillside_incremental,513625.0,4250125.0,42.5415,0.9872,0.0047,0.2287,2.5755,False,0.2736,0.0358,1479.6265,810.8,2111.1
2309,hillside_incremental,513875.0,4250125.0,43.5292,0.9776,0.0048,0.2187,2.1108,False,0.2551,0.0339,1888.3765,1110.7,2514.1
2310,hillside_incremental,514125.0,4250125.0,43.564,0.9968,0.0051,0.2093,2.1108,False,0.2561,0.033,1856.859,997.0,2535.0
2311,hillside_incremental,514375.0,4250125.0,42.3168,0.9328,0.0057,0.2015,2.1544,False,0.2481,0.0315,2084.03,1443.8,2636.1
2312,hillside_incremental,514625.0,4250125.0,42.402,0.8688,0.0071,0.194,2.1544,False,0.2394,0.0301,2286.686,1801.0,2756.0
2313,hillside_incremental,514875.0,4250125.0,43.3503,0.7568,0.0095,0.1868,2.1544,False,0.2256,0.0286,2537.4425,2161.0,2966.1
2314,hillside_incremental,515625.0,4250125.0,42.899,0.6432,0.0169,0.1773,1.8672,False,0.199,0.0288,3038.7695,2601.0,3377.0
2315,hillside_incremental,515875.0,4250125.0,43.0037,0.8096,0.016,0.1753,1.8672,False,0.2196,0.0297,2756.133,2189.9,3217.0
2316,hillside_incremental,516625.0,4250125.0,41.9425,0.8016,0.0184,0.1674,2.2489,False,0.2324,0.0305,2415.608,1922.0,2907.0
2317,hillside_incremental,516875.0,4250125.0,42.8208,0.8368,0.0101,0.1644,2.9565,False,0.2643,0.0287,1794.738,823.0,2654.4
2318,hillside_incremental,517125.0,4250125.0,43.7871,0.7056,0.0107,0.1612,4.0235,False,0.2987,0.03,1589.92,334.9,2836.2
2319,hillside_incremental,517375.0,4250125.0,42.5991,0.9296,0.0114,0.1579,4.0235,True,0.3141,0.0321,1234.478,220.0,2319.1
2320,hillside_incremental,509125.0,4250375.0,43.7609,0.9888,0.0055,0.5873,3.6992,False,0.3815,0.0839,530.35,154.0,936.1
2321,hillside_incremental,509625.0,4250375.0,43.4329,0.976,0.0055,0.5463,3.8,False,0.375,0.0785,572.307,149.0,995.1
2322,hillside_incremental,512625.0,4250375.0,42.8542,0.4432,0.0153,0.292,2.2845,False,0.2234,0.0422,2472.7035,1554.8,3402.1
2323,hillside_incremental,512875.0,4250375.0,43.7827,0.8944,0.019,0.2746,1.5112,False,0.2381,0.0429,2333.674,1420.0,3397.2
2324,hillside_incremental,513125.0,4250375.0,42.3103,0.5888,0.0053,0.2613,2.1991,False,0.2228,0.0364,2528.8085,1760.9,3259.0
2325,hillside_incremental,513625.0,4250375.0,42.1237,0.9312,0.0046,0.2367,2.1991,False,0.255,0.0357,1914.832,1349.9,2433.2
2326,hillside_incremental,514125.0,4250375.0,43.3603,0.9936,0.0048,0.2169,2.1108,False,0.2567,0.0338,1849.5165,1017.9,2517.1
2327,hillside_incremental,514375.0,4250375.0,42.3985,0.9616,0.0052,0.2081,2.1544,False,0.2526,0.0325,1969.8845,1235.0,2563.0
2328,hillside_incremental,514625.0,4250375.0,42.0845,0.9856,0.0063,0.1998,2.1544,False,0.2543,0.032,1932.935,1106.0,2588.0
2329,hillside_incremental,514875.0,4250375.0,42.2941,0.8704,0.0106,0.192,2.1544,False,0.2397,0.0306,2280.1685,1799.8,2740.2
2330,hillside_incremental,516125.0,4250375.0,44.1322,0.6672,0.0234,0.1802,1.8672,False,0.2041,0.0329,2927.856,2488.8,3265.0
2331,hillside_incremental,516875.0,4250375.0,42.1315,0.8672,0.0131,0.1706,4.0235,True,0.311,0.033,1325.8525,251.8,2403.2
2332,hillside_incremental,517125.0,4250375.0,42.9645,0.8736,0.0113,0.167,4.0235,True,0.311,0.0322,1308.944,248.0,2388.1
2333,hillside_incremental,517375.0,4250375.0,42.8537,0.8064,0.012,0.1633,4.0235,False,0.3058,0.0314,1440.9865,285.0,2595.0
2334,hillside_incremental,513125.0,4250625.0,42.1846,0.7024,0.0055,0.2723,1.5112,False,0.2103,0.0379,2788.054,1776.9,3516.0
2335,hillside_incremental,513625.0,4250625.0,42.4844,0.9552,0.0044,0.2456,2.5277,False,0.2711,0.0374,1544.7235,1005.0,2082.2
2336,hillside_incremental,514375.0,4250625.0,42.2017,0.864,0.0044,0.2148,2.1544,False,0.2417,0.0322,2230.554,1715.0,2724.0
2337,hillside_incremental,514625.0,4250625.0,42.2829,0.9504,0.0061,0.2056,2.1544,False,0.2509,0.0322,2014.4965,1310.0,2586.2
2338,hillside_incremental,514875.0,4250625.0,41.9937,0.608,0.0086,0.1991,2.1544,False,0.2103,0.0286,2791.157,2213.0,3334.2
2339,hillside_incremental,517625.0,4250625.0,40.5461,0.7456,0.0214,0.1648,2.4076,False,0.2323,0.0316,2412.4985,1679.9,3046.0
2340,hillside_incremental,517875.0,4250625.0,41.5865,0.6448,0.0372,0.1607,2.4076,False,0.2239,0.0419,2510.3765,1678.8,3154.0
2341,hillside_incremental,518125.0,4250625.0,39.4525,0.3024,0.0447,0.1566,2.4076,False,0.1955,0.0467,2901.939,1727.9,3640.0
2342,hillside_incremental,514625.0,4250875.0,42.2725,0.944,0.0052,0.2113,2.1544,False,0.2509,0.0327,2015.814,1350.8,2580.4
2343,hillside_incremental,515875.0,4250875.0,40.3132,0.344,0.0096,0.2003,2.1544,False,0.1868,0.0275,3078.932,2260.9,3660.0
2344,hillside_incremental,516375.0,4250875.0,44.4714,0.4496,0.0162,0.1927,2.1377,False,0.1957,0.0293,2916.4095,2265.0,3486.0
2345,hillside_incremental,516625.0,4250875.0,43.2166,0.744,0.0283,0.1885,2.1377,False,0.2264,0.0377,2493.717,2194.0,2867.1
2346,hillside_incremental,517875.0,4250875.0,40.946,0.48,0.0609,0.1658,2.4076,False,0.2134,0.0622,2611.6515,1592.7,3363.0
2347,hillside_incremental,518125.0,4250875.0,42.3596,0.672,0.0591,0.1613,2.4076,False,0.2313,0.061,2318.0255,1547.0,2930.1
2348,hillside_incremental,518375.0,4250875.0,41.5417,0.2128,1.0,0.1569,2.4076,False,0.5917,0.8792,951.1425,93.0,3058.1
2349,hillside_incremental,514875.0,4251125.0,41.8827,0.6224,0.0051,0.221,2.5038,False,0.2314,0.0316,2364.9585,1558.5,3179.0
2350,hillside_incremental,515125.0,4251125.0,40.97,0.736,0.0056,0.2193,2.1538,False,0.2272,0.0317,2529.3855,2032.9,3093.6
2351,hillside_incremental,515375.0,4251125.0,40.4822,0.4384,0.0055,0.2169,2.1544,False,0.1968,0.0294,2948.0415,2152.9,3572.1
2352,hillside_incremental,520625.0,4251125.0,45.5788,0.5104,0.2231,0.1252,2.0306,False,0.2511,0.2188,2047.8075,526.0,3135.2
2353,hillside_incremental,521125.0,4251125.0,44.6691,0.8304,0.1674,0.1188,2.0306,False,0.2597,0.1644,1788.026,637.0,2781.0
2354,hillside_incremental,513625.0,4251375.0,44.2575,0.5904,0.0874,0.2764,2.8906,False,0.2745,0.0928,1595.46,846.9,2678.0
2355,hillside_incremental,513875.0,4251625.0,42.3468,0.7664,0.0064,0.2686,2.3886,False,0.2502,0.0388,2015.25,1440.0,2685.0
2356,hillside_incremental,514375.0,4251625.0,42.2396,0.984,0.004,0.2493,2.7427,False,0.2823,0.0384,1350.402,712.0,1966.1
2357,hillside_incremental,514625.0,4251625.0,42.4082,0.9664,0.0035,0.2494,2.7056,False,0.2792,0.0382,1407.1275,818.7,1997.4
2358,hillside_incremental,520875.0,4251625.0,45.6329,0.44,0.0648,0.1256,2.0306,False,0.1879,0.0639,2968.958,2267.9,3453.0
2359,hillside_incremental,521375.0,4251625.0,45.5477,0.9136,0.041,0.1189,2.0306,False,0.2372,0.0442,2263.669,1445.8,2941.1
2360,hillside_incremental,514375.0,4251875.0,41.8593,0.96,0.0041,0.2658,2.9913,False,0.2916,0.0406,1259.4545,584.0,1893.7
2361,hillside_incremental,514625.0,4251875.0,42.3936,0.9776,0.0033,0.266,2.7056,False,0.2831,0.0404,1339.8315,754.0,1903.0
2362,hillside_incremental,514875.0,4251875.0,42.4764,0.9888,0.0031,0.2645,2.7214,False,0.2845,0.0403,1308.093,689.0,1898.1
2363,hillside_incremental,515125.0,4251875.0,42.1646,0.9776,0.003,0.2616,2.9746,False,0.2919,0.0402,1235.2325,568.0,1865.0
2364,hillside_incremental,514125.0,4252125.0,42.1881,0.9344,0.0063,0.2829,2.4001,False,0.2712,0.042,1581.3165,1101.7,2064.0
2365,hillside_incremental,514625.0,4252125.0,43.3666,0.992,0.0043,0.2849,3.2123,False,0.3062,0.0436,1041.8825,370.9,1668.0
2366,hillside_incremental,514875.0,4252125.0,42.4854,0.8864,0.0036,0.2831,2.9746,False,0.2872,0.0422,1362.918,671.9,1992.1
2367,hillside_incremental,516375.0,4252125.0,43.3475,0.6592,0.0077,0.2429,2.1377,False,0.2241,0.0345,2516.42,1879.8,3108.1
2368,hillside_incremental,516625.0,4252125.0,43.9889,0.344,0.0079,0.2341,2.2604,False,0.2016,0.0319,2771.081,1836.9,3572.0
2369,hillside_incremental,520375.0,4252125.0,46.1926,0.3584,0.1116,0.1372,2.1774,False,0.2043,0.1095,2591.5135,1364.9,3440.0
2370,hillside_incremental,514625.0,4252375.0,42.7503,0.9232,0.0043,0.3067,3.2123,False,0.3038,0.0459,1130.844,439.7,1731.0
2371,hillside_incremental,521875.0,4252375.0,45.4137,0.68,0.0314,0.1165,2.1684,False,0.212,0.0344,2738.313,2207.0,3197.0
2372,hillside_incremental,514375.0,4252625.0,42.9338,0.808,0.006,0.3319,2.8198,False,0.2842,0.0481,1455.3175,844.9,2213.0
2373,hillside_incremental,515625.0,4252625.0,43.4436,0.2736,0.0079,0.304,2.6361,False,0.2329,0.0421,2324.2395,1245.0,3568.1
2374,hillside_incremental,517125.0,4252625.0,42.1149,0.9136,0.005,0.2347,2.2252,False,0.2536,0.0353,1941.7965,1420.0,2430.2
2375,hillside_incremental,517875.0,4252625.0,42.8229,0.976,0.0048,0.2057,2.1676,False,0.2545,0.0324,1903.054,1123.9,2502.2
2376,hillside_incremental,522375.0,4252625.0,43.4633,0.3376,0.0503,0.1117,2.1684,False,0.1809,0.0496,3120.7255,2236.5,3608.0
2377,hillside_incremental,514875.0,4252875.0,43.709,0.9376,0.0065,0.3581,2.7968,False,0.3009,0.0524,1121.293,636.9,1586.0
2378,hillside_incremental,515125.0,4252875.0,42.1241,0.7104,0.0105,0.3499,2.6361,False,0.273,0.0505,1704.9005,1043.9,2637.0
2379,hillside_incremental,516625.0,4252875.0,42.7303,0.8144,0.0055,0.2687,2.2604,False,0.2504,0.039,2016.2395,1508.8,2566.1
2380,hillside_incremental,516875.0,4252875.0,40.518,0.616,0.0066,0.2559,2.2604,False,0.2263,0.036,2485.428,1728.8,3246.1
2381,hillside_incremental,520125.0,4252875.0,43.9702,0.784,0.0118,0.1476,2.1774,False,0.2247,0.0254,2573.8895,2124.8,2994.0
2382,hillside_incremental,523125.0,4252875.0,43.6077,0.6368,0.0146,0.1044,2.1684,False,0.2023,0.0213,2996.2905,2445.6,3445.1
2383,hillside_incremental,515625.0,4253125.0,43.733,0.7472,0.0098,0.3489,2.6278,False,0.2761,0.0504,1606.3975,1033.0,2449.2
2384,hillside_incremental,523625.0,4253125.0,41.8849,0.6976,0.0083,0.1001,2.1684,False,0.2071,0.0191,2984.9625,2392.0,3506.1
2385,hillside_incremental,524125.0,4253375.0,42.3175,0.6848,0.0112,0.096,2.1684,False,0.2058,0.0197,2997.138,2407.8,3504.1
2386,hillside_incremental,524375.0,4253375.0,43.4038,0.3408,0.0163,0.0938,2.1684,False,0.1737,0.0192,3314.9435,2543.9,3688.0
2387,hillside_incremental,514875.0,4253625.0,45.8004,0.8736,0.0077,0.4838,1.1312,False,0.2793,0.0683,1902.2075,676.0,3577.0
2388,hillside_incremental,523625.0,4253625.0,43.0877,0.7824,0.0071,0.1013,2.0061,False,0.2112,0.0197,2978.85,2416.9,3424.0
2389,hillside_incremental,523875.0,4253625.0,42.9999,0.9024,0.0085,0.0988,2.0061,False,0.2266,0.0218,2718.147,1892.0,3368.2
2390,hillside_incremental,523875.0,4253875.0,45.8673,0.5424,0.0123,0.0993,2.0061,False,0.1848,0.0184,3208.404,2839.9,3540.1
2391,hillside_incremental,515125.0,4254125.0,45.1754,0.9184,0.0379,0.5627,2.6278,False,0.3484,0.0881,779.957,430.9,1203.1
2392,hillside_incremental,515375.0,4254125.0,44.9097,0.5088,0.0221,0.5113,2.6278,False,0.3037,0.0746,1519.608,606.0,2998.1
2393,hillside_incremental,515625.0,4254125.0,43.2418,0.584,0.0067,0.4637,2.6278,False,0.2916,0.0651,1599.706,719.0,2904.5
2394,hillside_incremental,524125.0,4254125.0,44.1558,0.6464,0.0212,0.0973,2.0061,False,0.1963,0.0249,3125.1105,2734.0,3460.0
2395,hillside_incremental,525125.0,4254125.0,44.3843,0.32,0.3345,0.0887,2.0061,False,0.289,0.3276,1956.3675,391.0,3481.1
2396,hillside_incremental,525875.0,4254125.0,39.6012,0.5328,1.0,0.0832,2.0061,False,0.5804,0.8705,1028.4305,103.0,2982.0
2397,hillside_incremental,522625.0,4254375.0,45.4903,0.9088,0.0254,0.1141,2.0061,False,0.2326,0.0316,2437.2395,1620.0,3078.0
2398,hillside_incremental,525875.0,4254375.0,41.3788,0.4672,1.0,0.0834,2.0061,False,0.5785,0.8704,1059.849,115.0,3057.2
2399,hillside_incremental,525625.0,4254875.0,44.5089,0.384,0.251,0.0854,2.0061,False,0.2487,0.2457,2188.1645,492.0,3442.1
2400,hillside_incremental,524875.0,4255125.0,43.5792,0.4256,0.0379,0.0914,2.1667,False,0.1832,0.0377,3159.565,2344.9,3587.0
2401,hillside_incremental,518125.0,4255375.0,44.2714,0.8608,0.0254,0.2387,1.948,False,0.2422,0.0418,2203.4055,1615.0,2831.0
2402,hillside_incremental,525875.0,4255375.0,43.9612,0.8144,0.0372,0.0838,1.9992,False,0.2182,0.039,2779.9085,2144.0,3347.0
2403,hillside_incremental,517875.0,4255625.0,44.5871,0.8592,0.0254,0.2536,1.948,False,0.245,0.0435,2137.42,1534.9,2804.0
2404,hillside_incremental,524875.0,4255625.0,44.1044,0.7344,0.2008,0.0914,2.1667,False,0.2632,0.1968,1807.328,558.0,2935.1
2405,hillside_incremental,525125.0,4255625.0,43.9019,0.8448,0.1435,0.0894,2.1667,False,0.2549,0.1407,1845.257,766.9,2868.0
2406,hillside_incremental,515625.0,4255875.0,42.7075,0.8928,0.0079,0.5639,1.853,False,0.3189,0.0795,1448.272,497.0,2910.1
2407,hillside_incremental,523625.0,4255875.0,43.1534,0.5248,1.0,0.1031,2.1667,False,0.5885,0.873,916.404,89.0,2773.1
2408,hillside_incremental,523875.0,4255875.0,43.1063,0.3488,1.0,0.1005,2.1667,False,0.581,0.8724,1033.647,116.0,3080.2
2409,hillside_incremental,524125.0,4255875.0,42.9949,0.5616,1.0,0.0981,1.9945,False,0.5852,0.8723,965.233,87.9,2866.1
2410,hillside_incremental,524625.0,4255875.0,43.0862,0.888,0.5013,0.0935,1.9945,False,0.4107,0.4899,1100.7415,269.0,2586.1
2411,hillside_incremental,524875.0,4255875.0,41.8411,0.9456,0.2008,0.0913,1.9945,False,0.2795,0.197,1614.5805,505.0,2946.3
2412,hillside_incremental,525125.0,4255875.0,40.903,0.9296,0.4013,0.0893,1.9945,False,0.3644,0.393,1220.019,304.0,2753.2
2413,hillside_incremental,526875.0,4255875.0,40.8654,0.512,0.1182,0.0772,2.1074,False,0.2049,0.1152,2742.3445,1479.7,3490.1
2414,hillside_incremental,527125.0,4255875.0,42.4164,0.616,0.0744,0.0758,2.1074,False,0.2044,0.0727,2846.9065,2121.8,3445.3
2415,hillside_incremental,515875.0,4256125.0,42.6079,0.912,0.0084,0.4741,2.5872,False,0.3179,0.068,1064.812,621.9,1574.1
2416,hillside_incremental,524875.0,4256125.0,41.4648,0.8944,0.5013,0.0912,1.9945,False,0.4102,0.4898,1119.485,269.0,2657.0
2417,hillside_incremental,525375.0,4256125.0,41.3389,0.9856,0.2008,0.0873,1.9945,False,0.2835,0.1971,1574.1,481.0,2955.2
2418,hillside_incremental,525625.0,4256125.0,42.4795,0.8368,0.2868,0.0854,1.9945,False,0.3027,0.2811,1539.62,408.9,2938.1
2419,hillside_incremental,526875.0,4256125.0,44.2549,0.4288,0.0874,0.0772,2.1074,False,0.1903,0.0849,2928.981,1896.5,3525.0
2420,hillside_incremental,515875.0,4256375.0,42.9041,0.864,0.0053,0.4483,2.5872,False,0.3072,0.0639,1204.8405,717.0,1830.0
2421,hillside_incremental,516125.0,4256375.0,41.5462,0.8272,0.0073,0.4076,2.5872,False,0.2942,0.0584,1391.8015,849.0,2120.2
2422,hillside_incremental,516375.0,4256375.0,41.2936,0.8016,0.0091,0.3749,2.5872,False,0.2845,0.054,1521.873,962.9,2287.1
2423,hillside_incremental,516625.0,4256375.0,41.942,0.6944,0.0093,0.3459,2.5872,False,0.2685,0.0496,1782.6785,1079.0,2736.1
2424,hillside_incremental,516875.0,4256375.0,42.7056,0.9072,0.0104,0.3205,2.5872,False,0.2833,0.0476,1398.3125,974.9,1871.0
2425,hillside_incremental,517875.0,4256375.0,44.2379,0.9088,0.0214,0.2458,1.948,False,0.2487,0.041,2070.1175,1459.0,2806.0
2426,hillside_incremental,523625.0,4256375.0,41.8758,0.8544,0.0098,0.1027,1.9945,False,0.2199,0.0216,2868.172,2138.7,3440.1
2427,hillside_incremental,523875.0,4256375.0,41.981,0.7248,0.0111,0.1002,1.9945,False,0.2032,0.0201,3111.0295,2650.0,3535.0
2428,hillside_incremental,517875.0,4256625.0,43.7418,0.872,0.0161,0.2413,1.948,False,0.2423,0.038,2236.0725,1590.9,2888.0
2429,hillside_incremental,524125.0,4256625.0,40.937,0.6752,0.0186,0.0975,1.9945,False,0.1971,0.0234,3186.761,2775.9,3585.1
2430,hillside_incremental,508875.0,4256875.0,43.0921,0.944,0.0069,0.5614,4.1815,False,0.3874,0.0809,542.5555,98.0,994.0
2431,hillside_incremental,518625.0,4256875.0,43.2836,0.9696,0.0094,0.2027,1.948,False,0.2467,0.0324,2155.106,1280.8,2960.3
2432,hillside_incremental,523375.0,4256875.0,44.6003,0.6544,0.017,0.1047,1.9945,False,0.1972,0.0226,3107.846,2740.8,3438.0
2433,hillside_incremental,523625.0,4256875.0,42.9096,0.5488,0.0175,0.102,1.9945,False,0.1837,0.0217,3294.6005,2956.9,3569.1
2434,hillside_incremental,524125.0,4256875.0,43.196,0.5104,0.0283,0.0971,1.9945,False,0.1807,0.0295,3295.2895,2956.8,3561.0
2435,hillside_incremental,508875.0,4257125.0,43.4931,0.9888,0.0076,0.499,4.1815,True,0.3781,0.073,560.3375,98.9,1012.3
2436,hillside_incremental,515625.0,4257125.0,42.432,0.84,0.0099,0.4423,1.853,False,0.2815,0.063,1823.058,794.0,3071.0
2437,hillside_incremental,516375.0,4257125.0,42.0908,0.8672,0.0087,0.3411,3.1436,False,0.3035,0.0504,1185.3995,505.8,1856.1
2438,hillside_incremental,517625.0,4257125.0,42.1763,0.768,0.0103,0.2424,1.948,False,0.2283,0.0355,2543.6405,1885.6,3147.0
2439,hillside_incremental,518375.0,4257125.0,42.9111,0.8336,0.0083,0.2086,1.948,False,0.2301,0.0314,2529.408,1895.9,3082.1
2440,hillside_incremental,522625.0,4257125.0,44.7328,0.4704,0.0479,0.1128,1.9945,False,0.1829,0.0475,3144.1945,2686.9,3490.0
2441,hillside_incremental,508125.0,4257375.0,42.2145,0.8448,0.0068,0.5551,2.5098,False,0.3302,0.0784,1105.933,504.0,1886.1
2442,hillside_incremental,508375.0,4257375.0,42.5591,0.7968,0.0058,0.5047,2.5098,False,0.3135,0.0713,1272.3395,614.0,2159.1
2443,hillside_incremental,508625.0,4257375.0,42.6987,0.864,0.0086,0.4838,4.1815,False,0.3677,0.0706,720.7685,136.9,1357.1
2444,hillside_incremental,509375.0,4257375.0,44.1788,0.9712,0.0056,0.4087,2.62,False,0.309,0.0591,1030.387,598.0,1483.0
2445,hillside_incremental,512375.0,4257375.0,38.3684,0.7504,0.6678,0.9852,2.0789,True,0.6887,0.6725,279.2375,11.0,799.7
2446,hillside_incremental,516875.0,4257375.0,42.0416,0.672,0.0145,0.2866,3.1436,False,0.2779,0.0433,1657.59,681.3,2750.2
2447,hillside_incremental,517375.0,4257375.0,42.8502,0.6192,0.0108,0.2528,3.1436,False,0.2672,0.0377,1825.117,729.5,2957.4
2448,hillside_incremental,517625.0,4257375.0,42.2033,0.76,0.0104,0.2385,1.948,False,0.2266,0.035,2575.388,1930.9,3157.0
2449,hillside_incremental,518125.0,4257375.0,43.9921,0.9152,0.0088,0.214,1.948,False,0.2419,0.033,2249.4635,1554.9,2934.2
2450,hillside_incremental,518375.0,4257375.0,42.6493,0.9184,0.0082,0.204,2.1923,False,0.2486,0.0321,2045.603,1485.8,2544.4
2451,hillside_incremental,518625.0,4257375.0,42.2275,0.5168,0.0066,0.1951,2.1923,False,0.2022,0.0271,2878.8095,2171.9,3454.1
2452,hillside_incremental,518875.0,4257375.0,42.0841,0.8688,0.0079,0.1868,1.948,False,0.2306,0.0291,2560.973,1916.6,3145.2
2453,hillside_incremental,519375.0,4257375.0,42.7561,0.8704,0.0065,0.1721,1.4895,False,0.2129,0.0266,2863.261,2042.8,3526.0
2454,hillside_incremental,521375.0,4257375.0,41.5999,0.5936,0.0125,0.1297,2.3014,False,0.2055,0.0222,2898.1515,2071.9,3463.1
2455,hillside_incremental,521625.0,4257375.0,42.1955,0.7584,0.0105,0.1258,2.3014,False,0.2232,0.0229,2632.2845,1942.9,3245.1
2456,hillside_incremental,510375.0,4257625.0,44.1062,0.7808,0.013,0.4805,3.4159,False,0.338,0.0697,942.7375,333.0,1793.1
2457,hillside_incremental,514875.0,4257625.0,43.7454,0.9568,0.0046,0.5517,2.0935,False,0.3267,0.0779,1133.091,491.0,2091.5
2458,hillside_incremental,518625.0,4257625.0,42.115,0.7184,0.0074,0.1915,2.1923,False,0.2227,0.0284,2597.343,2126.0,3110.1
2459,hillside_incremental,519125.0,4257625.0,43.6161,0.9776,0.0047,0.1759,2.1923,False,0.2516,0.0291,1942.729,1141.8,2574.1
2460,hillside_incremental,519375.0,4257625.0,43.2354,0.9664,0.0053,0.1692,1.4895,False,0.2263,0.0274,2616.761,1506.9,3500.1
2461,hillside_incremental,519875.0,4257625.0,42.6588,0.7936,0.6678,0.157,1.4895,False,0.483,0.6496,1120.105,198.0,2981.2
2462,hillside_incremental,520125.0,4257625.0,42.4902,0.7488,0.0151,0.1515,1.4895,False,0.1931,0.0257,3157.202,2557.0,3563.1
2463,hillside_incremental,520375.0,4257625.0,41.5986,0.4816,0.014,0.1463,1.4895,False,0.1552,0.022,3490.563,3204.9,3687.0
2464,hillside_incremental,520625.0,4257625.0,42.2596,0.4816,0.016,0.1415,2.3014,False,0.1971,0.024,2963.129,2075.6,3525.0
2465,hillside_incremental,520875.0,4257625.0,41.7656,0.5968,0.0172,0.1369,2.3014,False,0.2075,0.0252,2850.284,2036.0,3419.1
2466,hillside_incremental,521125.0,4257625.0,40.6696,0.5008,0.0142,0.1326,2.3014,False,0.1966,0.0224,3010.41,2104.0,3576.0
2467,hillside_incremental,521375.0,4257625.0,40.2857,0.4672,0.0123,0.1285,2.3014,False,0.1927,0.0209,3065.7235,2132.0,3623.1
2468,hillside_incremental,521625.0,4257625.0,40.8814,0.6896,0.0114,0.1247,2.3014,False,0.2148,0.0223,2789.7815,2030.8,3403.0
2469,hillside_incremental,521875.0,4257625.0,41.2049,0.4144,0.0134,0.1211,2.3014,False,0.188,0.0203,3116.728,2151.7,3644.0
2470,hillside_incremental,510125.0,4257875.0,43.1934,0.7792,0.0242,0.4111,2.37,False,0.287,0.0625,1510.5965,880.9,2257.1
2471,hillside_incremental,515375.0,4257875.0,42.9456,0.9744,0.004,0.4217,2.0266,False,0.2936,0.0603,1421.607,763.0,2416.3
2472,hillside_incremental,517375.0,4257875.0,44.4136,0.5184,0.0221,0.2408,2.2818,False,0.2193,0.0385,2498.084,1742.0,3284.0
2473,hillside_incremental,517625.0,4257875.0,46.3575,0.36,0.0874,0.2284,2.2818,False,0.2197,0.0894,2343.9455,1493.7,3386.0
2474,hillside_incremental,518625.0,4257875.0,43.1906,0.9152,0.0081,0.1886,2.063,False,0.2414,0.0301,2245.038,1609.9,2768.0
2475,hillside_incremental,518875.0,4257875.0,43.1988,0.976,0.0056,0.1806,2.063,False,0.2475,0.0295,2093.684,1236.9,2762.1
2476,hillside_incremental,519125.0,4257875.0,43.046,0.9184,0.0048,0.1732,2.1923,False,0.2437,0.0281,2162.077,1550.0,2701.1
2477,hillside_incremental,519875.0,4257875.0,42.7926,0.736,0.6678,0.1546,1.4895,False,0.4798,0.6494,1174.747,204.0,3054.5
2478,hillside_incremental,520125.0,4257875.0,41.7534,0.7456,0.0112,0.1493,1.4895,False,0.1914,0.0238,3192.443,2586.7,3596.1
2479,hillside_incremental,520375.0,4257875.0,41.7877,0.6272,0.0153,0.1444,1.4895,False,0.1743,0.0238,3356.355,2907.0,3623.0
2480,hillside_incremental,520625.0,4257875.0,41.8612,0.8256,0.0168,0.1397,1.4895,False,0.2026,0.0263,3070.8445,2330.5,3575.0
2481,hillside_incremental,520875.0,4257875.0,41.8171,0.328,0.0166,0.1353,2.3014,False,0.1845,0.0229,3121.038,2119.8,3668.1
2482,hillside_incremental,521875.0,4257875.0,41.2163,0.6912,0.0162,0.12,2.3014,False,0.2152,0.0242,2777.9245,2009.7,3383.1
2483,hillside_incremental,522125.0,4257875.0,40.528,0.2064,0.0221,0.1167,2.3014,False,0.1761,0.0248,3233.554,2161.0,3739.0
2484,hillside_incremental,510375.0,4258125.0,43.0018,0.8576,0.0079,0.4107,2.37,False,0.291,0.0588,1415.4945,849.0,2009.0
2485,hillside_incremental,510625.0,4258125.0,43.3559,0.9632,0.0088,0.4466,2.1411,False,0.3028,0.0642,1266.501,696.8,2054.1
2486,hillside_incremental,510875.0,4258125.0,43.4487,0.9728,0.0059,0.4878,2.1411,False,0.3134,0.0695,1174.468,590.0,2007.0
2487,hillside_incremental,511125.0,4258125.0,43.0399,0.9344,0.0044,0.5287,2.1411,False,0.3199,0.0747,1195.194,546.0,2070.3
2488,hillside_incremental,511375.0,4258125.0,42.2871,0.9808,0.0042,0.5625,2.1411,False,0.332,0.0794,1073.2085,463.0,1992.1
2489,hillside_incremental,511875.0,4258125.0,42.4089,0.9952,0.004,0.5845,2.0789,False,0.3372,0.0824,1055.9205,424.9,2097.1
2490,hillside_incremental,512125.0,4258125.0,42.1328,0.9936,0.0051,0.5757,2.0789,False,0.335,0.0813,1075.8255,440.0,2122.5
2491,hillside_incremental,512375.0,4258125.0,42.9566,0.2096,0.0064,0.5731,2.0789,False,0.2876,0.0793,2041.117,553.0,3636.0
2492,hillside_incremental,515625.0,4258125.0,42.726,1.0,0.0036,0.3687,2.0266,False,0.2838,0.0533,1494.0215,763.0,2470.5
2493,hillside_incremental,516875.0,4258125.0,43.694,0.8144,0.0104,0.261,2.1205,False,0.2447,0.0385,2141.746,1598.9,2631.2
2494,hillside_incremental,517625.0,4258125.0,45.7788,0.3536,0.0108,0.2226,2.2818,False,0.2024,0.031,2718.515,1808.0,3542.0
2495,hillside_incremental,517875.0,4258125.0,45.4546,0.6976,0.0135,0.2122,2.2818,False,0.2305,0.0325,2316.5495,1789.0,2905.1
2496,hillside_incremental,518125.0,4258125.0,45.3905,0.7472,0.0091,0.2026,2.2818,False,0.2335,0.0305,2271.719,1808.9,2800.1
2497,hillside_incremental,519125.0,4258125.0,43.3415,0.9376,0.0049,0.1707,2.063,False,0.2413,0.0279,2252.107,1509.0,2833.0
2498,hillside_incremental,519875.0,4258125.0,42.5687,0.448,0.0133,0.1523,1.4895,False,0.153,0.0222,3485.504,3215.8,3687.0
2499,hillside_incremental,520125.0,4258125.0,41.4931,0.5504,0.0156,0.147,1.4895,False,0.1642,0.0235,3430.682,3061.9,3657.0
2500,hillside_incremental,521875.0,4258125.0,41.7722,0.8256,0.0191,0.1188,2.3014,False,0.2314,0.0273,2483.8215,1801.8,3168.2
2501,hillside_incremental,509625.0,4258375.0,43.3601,0.9344,0.0082,0.3187,2.0516,False,0.2674,0.0466,1742.2875,1127.9,2471.0
2502,hillside_incremental,509875.0,4258375.0,43.3029,0.976,0.0067,0.3381,2.0516,False,0.276,0.0493,1583.696,927.5,2408.1
2503,hillside_incremental,511625.0,4258375.0,42.7668,0.9952,0.0035,0.5112,2.2471,False,0.3233,0.0726,1041.2665,505.0,1777.2
2504,hillside_incremental,511875.0,4258375.0,43.11,0.9952,0.0042,0.5103,2.2471,False,0.3233,0.0726,1032.689,504.9,1761.0
2505,hillside_incremental,512125.0,4258375.0,42.3676,0.9616,0.005,0.5036,2.2471,False,0.3187,0.0716,1123.178,572.7,1827.1
2506,hillside_incremental,512375.0,4258375.0,43.2114,0.4032,0.0081,0.5022,2.2471,False,0.2788,0.07,1948.101,683.9,3362.6
2507,hillside_incremental,515625.0,4258375.0,43.226,0.9936,0.0037,0.3503,1.997,False,0.2784,0.0508,1571.4285,829.9,2564.0
2508,hillside_incremental,516625.0,4258375.0,43.8339,0.664,0.0082,0.2696,2.2818,False,0.2367,0.0384,2243.858,1608.8,2962.0
2509,hillside_incremental,516875.0,4258375.0,44.4673,0.6272,0.6678,0.2542,2.2818,False,0.518,0.6534,772.4465,192.0,1753.2
2510,hillside_incremental,517125.0,4258375.0,43.7878,0.8144,0.0122,0.2403,2.2818,False,0.2472,0.0365,2033.2605,1620.0,2510.0
2511,hillside_incremental,517375.0,4258375.0,43.1097,0.8816,0.0089,0.2278,2.2818,False,0.2518,0.0348,1947.3485,1521.9,2398.1
2512,hillside_incremental,517625.0,4258375.0,42.4182,0.9392,0.0078,0.2165,2.2818,False,0.2561,0.0338,1860.3605,1286.9,2377.9
2513,hillside_incremental,517875.0,4258375.0,42.7282,0.9008,0.0074,0.2069,2.2818,False,0.2502,0.0322,1990.452,1493.9,2490.0
2514,hillside_incremental,519125.0,4258375.0,42.5526,0.928,0.0063,0.168,2.063,False,0.2395,0.0277,2321.699,1585.7,2904.1
2515,hillside_incremental,520125.0,4258375.0,42.9247,0.4352,0.0372,0.1453,1.4895,False,0.1541,0.0389,3443.341,3152.9,3642.0
2516,hillside_incremental,520375.0,4258375.0,40.5081,0.3552,0.0309,0.1405,1.4895,False,0.1419,0.0329,3564.7805,3400.8,3723.0
2517,hillside_incremental,521875.0,4258375.0,39.0339,0.3024,0.0261,0.1176,2.3014,False,0.1806,0.0283,3192.756,2133.4,3716.0
2518,hillside_incremental,522125.0,4258375.0,41.2023,0.664,0.0309,0.1145,2.3014,False,0.2137,0.034,2771.3085,1947.0,3361.1
2519,hillside_incremental,508875.0,4258625.0,45.1683,0.9712,0.004,0.3225,2.0636,False,0.2729,0.047,1575.822,930.9,2344.1
2520,hillside_incremental,512125.0,4258625.0,43.3387,0.9904,0.0058,0.4476,2.2471,False,0.3081,0.0642,1137.287,600.0,1802.4
2521,hillside_incremental,512375.0,4258625.0,43.5249,0.7216,0.0088,0.4466,2.2471,False,0.2845,0.0632,1665.624,794.0,2609.1
2522,hillside_incremental,513625.0,4258625.0,44.2514,0.4144,0.0123,0.5205,2.0008,False,0.2782,0.073,2043.214,660.9,3392.1
2523,hillside_incremental,513875.0,4258625.0,44.3872,0.8624,0.0083,0.5094,2.0489,False,0.3075,0.0722,1406.0465,601.0,2391.1
2524,hillside_incremental,514125.0,4258625.0,42.9493,0.9296,0.0068,0.4974,2.0489,False,0.3094,0.0707,1333.3535,620.0,2346.0
2525,hillside_incremental,514375.0,4258625.0,42.684,0.896,0.0054,0.4756,2.0489,False,0.3004,0.0674,1464.122,681.0,2441.5
2526,hillside_incremental,515625.0,4258625.0,43.3515,0.992,0.0039,0.3334,1.3795,False,0.2575,0.0481,2031.982,986.0,3503.2
2527,hillside_incremental,515875.0,4258625.0,43.4065,0.9664,0.005,0.3124,1.3795,False,0.2498,0.0451,2156.089,1166.8,3519.0
2528,hillside_incremental,516125.0,4258625.0,43.2542,0.9328,0.0081,0.2936,2.1205,False,0.2642,0.0433,1756.615,1181.0,2377.0
2529,hillside_incremental,516375.0,4258625.0,44.2178,0.8224,0.0073,0.2767,2.1205,False,0.2486,0.0401,2058.7685,1470.0,2577.1
2530,hillside_incremental,516625.0,4258625.0,44.4521,0.912,0.0091,0.2612,2.2818,False,0.2618,0.0393,1706.3405,1263.6,2132.1
2531,hillside_incremental,516875.0,4258625.0,44.0919,0.968,0.0109,0.2471,2.2818,False,0.2657,0.0384,1602.5135,1002.9,2098.1
2532,hillside_incremental,517125.0,4258625.0,42.9853,0.9408,0.0086,0.2343,2.2818,False,0.2596,0.0361,1771.0305,1226.7,2258.1
2533,hillside_incremental,517375.0,4258625.0,41.8448,0.936,0.0071,0.2225,2.2818,False,0.2564,0.0344,1870.8285,1310.8,2399.2
2534,hillside_incremental,517625.0,4258625.0,42.254,0.936,0.0061,0.2118,2.2818,False,0.2547,0.033,1898.1375,1320.0,2432.1
2535,hillside_incremental,517875.0,4258625.0,42.2611,0.9648,0.0059,0.2021,2.2818,False,0.2566,0.0321,1849.226,1163.7,2437.6
2536,hillside_incremental,518125.0,4258625.0,41.9782,0.8672,0.0057,0.1932,2.2818,False,0.2435,0.03,2164.949,1673.9,2696.0
2537,hillside_incremental,518375.0,4258625.0,42.1225,0.8704,0.0059,0.1855,2.2082,False,0.24,0.0291,2261.3145,1779.6,2777.1
2538,hillside_incremental,518625.0,4258625.0,42.1301,0.9488,0.0064,0.1783,2.063,False,0.2434,0.029,2231.169,1436.9,2857.1
2539,hillside_incremental,519875.0,4258625.0,41.565,0.3312,0.0379,0.1484,1.4895,False,0.1432,0.0394,3522.024,3278.1,3712.0
2540,hillside_incremental,520125.0,4258625.0,42.5553,0.216,0.2231,0.1435,1.4895,False,0.2103,0.2189,2589.803,577.9,3662.0
2541,hillside_incremental,521125.0,4258625.0,40.6408,0.6208,0.0773,0.1264,1.4895,False,0.182,0.0761,3151.526,2640.0,3538.0
2542,hillside_incremental,508375.0,4258875.0,43.4532,0.904,0.0056,0.3452,2.4446,False,0.2827,0.05,1423.275,990.6,1879.1
2543,hillside_incremental,511375.0,4258875.0,42.6089,0.9968,0.0043,0.401,1.9412,False,0.2885,0.0576,1508.228,748.6,2703.4
2544,hillside_incremental,511875.0,4258875.0,44.4775,0.9312,0.0063,0.407,2.2471,False,0.2934,0.0585,1315.6875,822.0,1886.1
2545,hillside_incremental,512375.0,4258875.0,44.3206,0.792,0.0111,0.4019,2.2471,False,0.2797,0.0577,1616.6445,913.9,2342.1
2546,hillside_incremental,514875.0,4258875.0,45.343,0.4784,0.0062,0.3862,2.0489,False,0.2419,0.0535,2292.0185,1095.4,3338.1
2547,hillside_incremental,515875.0,4258875.0,44.0054,0.7888,0.0073,0.2984,1.3795,False,0.2245,0.0422,2554.7815,1509.8,3541.0
2548,hillside_incremental,516125.0,4258875.0,44.7454,0.8384,0.0091,0.2817,2.1205,False,0.252,0.0412,1976.884,1406.0,2488.1
2549,hillside_incremental,516375.0,4258875.0,45.1611,0.496,0.4013,0.2663,2.2818,False,0.3763,0.3961,1129.011,321.0,2660.1
2550,hillside_incremental,517625.0,4258875.0,41.9544,0.888,0.0062,0.2071,2.2818,False,0.2482,0.0319,2055.9285,1570.0,2579.4
2551,hillside_incremental,517875.0,4258875.0,42.2341,0.9696,0.0056,0.1979,2.2818,False,0.2564,0.0317,1852.014,1134.8,2459.2
2552,hillside_incremental,518125.0,4258875.0,42.05,0.9392,0.0051,0.1894,2.2082,False,0.2488,0.0302,2055.504,1395.9,2638.0
2553,hillside_incremental,518375.0,4258875.0,42.1219,0.8304,0.0052,0.1816,2.2082,False,0.2346,0.0281,2384.937,1916.0,2884.0
2554,hillside_incremental,518625.0,4258875.0,41.991,0.9808,0.0067,0.1744,2.2082,False,0.2519,0.0293,1977.023,1141.6,2660.3
2555,hillside_incremental,518875.0,4258875.0,42.5505,0.9024,0.0073,0.1681,2.2082,False,0.2418,0.0277,2220.6065,1648.0,2770.4
2556,hillside_incremental,519875.0,4258875.0,44.0637,0.416,0.0773,0.1462,1.4895,False,0.1625,0.0762,3234.1105,2559.0,3593.0
2557,hillside_incremental,508125.0,4259125.0,44.1729,0.8128,0.0061,0.3425,2.4446,False,0.2735,0.0492,1607.926,1098.0,2229.4
2558,hillside_incremental,511875.0,4259125.0,44.0923,0.8592,0.0067,0.3696,2.2471,False,0.2775,0.053,1577.8965,990.0,2143.0
2559,hillside_incremental,512125.0,4259125.0,47.0319,0.4528,0.0107,0.3661,2.2471,False,0.244,0.0514,2157.717,1118.0,3299.1
2560,hillside_incremental,514625.0,4259125.0,45.9292,0.632,0.0359,0.3757,2.0489,False,0.2566,0.0624,2003.077,1089.8,2887.1
2561,hillside_incremental,517875.0,4259125.0,42.3286,0.8608,0.0054,0.1936,2.2082,False,0.2401,0.0298,2249.593,1787.9,2742.1
2562,hillside_incremental,518125.0,4259125.0,41.724,0.9008,0.0059,0.1857,2.2082,False,0.2435,0.0294,2189.834,1632.8,2740.0
2563,hillside_incremental,518375.0,4259125.0,41.4463,0.9152,0.0059,0.1782,2.2082,False,0.2441,0.0288,2186.775,1571.9,2772.2
2564,hillside_incremental,504875.0,4259375.0,46.6556,0.8528,0.0874,0.5,2.2827,False,0.3298,0.1104,942.01,594.0,1401.0
2565,hillside_incremental,508375.0,4259375.0,43.8543,0.8688,0.0074,0.3056,2.4446,False,0.2712,0.0447,1591.4655,1200.9,2061.0
2566,hillside_incremental,508625.0,4259375.0,43.5449,0.9248,0.0062,0.291,2.4446,False,0.2738,0.043,1510.979,1070.0,1963.0
2567,hillside_incremental,511125.0,4259375.0,43.9464,0.9968,0.0064,0.3287,1.9647,False,0.2739,0.0481,1618.5805,820.8,2640.7
2568,hillside_incremental,511375.0,4259375.0,43.6572,0.936,0.0063,0.3353,1.9647,False,0.2683,0.0485,1777.5605,1092.0,2709.3
2569,hillside_incremental,511625.0,4259375.0,42.9473,0.92,0.006,0.3386,1.9647,False,0.2669,0.0489,1835.4305,1109.0,2770.3
2570,hillside_incremental,512625.0,4259375.0,42.6528,0.3616,1.0,0.3433,2.2471,False,0.6414,0.9033,673.9245,30.0,2287.0
2571,hillside_incremental,517125.0,4259375.0,42.1112,0.8448,0.0118,0.2148,2.2818,False,0.2453,0.0336,2113.6395,1687.9,2621.0
2572,hillside_incremental,517375.0,4259375.0,42.1469,0.872,0.0098,0.2057,2.2818,False,0.2467,0.0322,2083.6695,1629.0,2590.4
2573,hillside_incremental,517625.0,4259375.0,42.6501,0.888,0.0074,0.1972,2.2818,False,0.2471,0.0309,2064.983,1577.0,2573.1
2574,hillside_incremental,521375.0,4259375.0,38.9659,0.2096,0.3345,0.1189,1.4895,False,0.2684,0.3279,2249.862,400.0,3694.0
2575,hillside_incremental,507625.0,4259625.0,44.4426,0.9056,0.0245,0.3244,2.4446,False,0.282,0.0523,1373.378,1013.9,1734.2
2576,hillside_incremental,507875.0,4259625.0,44.7101,0.6896,0.03,0.3136,2.4446,False,0.2596,0.0523,1828.643,1247.9,2640.0
2577,hillside_incremental,508625.0,4259625.0,43.7937,0.9712,0.0098,0.2758,1.7493,False,0.2539,0.0413,2035.3155,1141.9,3187.1
2578,hillside_incremental,509125.0,4259625.0,45.4203,0.6864,0.0115,0.2527,1.9664,False,0.2238,0.0366,2516.128,1773.9,3088.1
2579,hillside_incremental,510375.0,4259625.0,44.0781,0.6304,0.0118,0.2806,2.1772,False,0.2321,0.0403,2342.946,1585.8,3054.5
2580,hillside_incremental,511625.0,4259625.0,44.1324,0.8784,0.0083,0.3122,1.9647,False,0.2572,0.0453,1970.4265,1243.0,2781.1
2581,hillside_incremental,511875.0,4259625.0,44.0374,0.8096,0.0079,0.3121,1.9647,False,0.2494,0.0447,2133.508,1334.9,2900.5
2582,hillside_incremental,517375.0,4259625.0,42.405,0.6992,0.0115,0.1998,2.2818,False,0.2265,0.0304,2480.4045,1922.0,3067.0
2583,hillside_incremental,517625.0,4259625.0,41.8207,0.912,0.009,0.192,2.2818,False,0.249,0.0309,2040.926,1491.0,2599.1
2584,hillside_incremental,517875.0,4259625.0,41.9981,0.8656,0.0075,0.1846,2.2082,False,0.2395,0.0292,2277.209,1794.0,2785.1
2585,hillside_incremental,518125.0,4259625.0,42.0166,0.864,0.0073,0.1777,2.2082,False,0.2382,0.0283,2310.7115,1821.9,2826.3
2586,hillside_incremental,518625.0,4259625.0,42.508,0.9728,0.0077,0.165,2.2082,False,0.25,0.0284,2014.067,1205.7,2704.0
2587,hillside_incremental,518875.0,4259625.0,41.8912,0.8288,0.0104,0.1592,2.2082,False,0.2318,0.0267,2469.7685,1944.0,2988.1
2588,hillside_incremental,521375.0,4259625.0,39.2176,0.3744,0.1058,0.1174,1.4895,False,0.1592,0.1031,3257.2575,2194.3,3668.0
2589,hillside_incremental,507125.0,4259875.0,45.4601,0.8144,0.0191,0.3162,4.1855,True,0.3369,0.051,986.0745,172.9,1812.2
2590,hillside_incremental,507375.0,4259875.0,45.1163,0.6384,0.2868,0.3085,4.1855,True,0.4066,0.2853,674.7745,138.0,1350.6
2591,hillside_incremental,507625.0,4259875.0,44.1826,0.5584,0.049,0.3016,1.7493,False,0.2192,0.062,2570.866,1518.9,3292.1
2592,hillside_incremental,507875.0,4259875.0,44.2736,0.752,0.0221,0.2931,1.7493,False,0.2332,0.0457,2416.221,1535.0,3226.0
2593,hillside_incremental,508125.0,4259875.0,44.9585,0.6096,0.0168,0.2834,1.7493,False,0.2144,0.0416,2674.821,1648.9,3362.1
2594,hillside_incremental,508375.0,4259875.0,45.5625,0.5968,0.0118,0.2729,1.7493,False,0.2102,0.0387,2723.8515,1709.9,3383.0
2595,hillside_incremental,508625.0,4259875.0,44.1708,0.9952,0.0184,0.2621,1.7493,False,0.2558,0.0422,1956.211,943.6,3173.0
2596,hillside_incremental,510125.0,4259875.0,45.1382,0.4848,0.1005,0.256,1.9452,False,0.2222,0.103,2372.009,1484.9,3176.0
2597,hillside_incremental,516125.0,4259875.0,44.2329,0.6256,0.2868,0.2397,2.2818,False,0.32,0.2834,1262.7825,423.0,2343.2
2598,hillside_incremental,516375.0,4259875.0,44.6043,0.5824,0.2231,0.2296,2.2818,False,0.2851,0.2208,1519.6195,512.0,2621.1
2599,hillside_incremental,516625.0,4259875.0,45.2058,0.7968,0.251,0.22,2.2818,False,0.3149,0.2481,1125.197,457.0,1741.0
2600,hillside_incremental,517625.0,4259875.0,41.8343,0.8576,0.0129,0.1869,2.2082,False,0.2395,0.0307,2272.812,1816.0,2765.3
2601,hillside_incremental,517875.0,4259875.0,41.3163,0.8144,0.0109,0.18,2.2082,False,0.2328,0.0289,2434.341,1961.9,2945.3
2602,hillside_incremental,518125.0,4259875.0,41.5325,0.8128,0.0091,0.1736,2.2082,False,0.2315,0.0276,2465.518,1974.0,2978.3
2603,hillside_incremental,518625.0,4259875.0,42.2093,0.872,0.0091,0.1617,2.2082,False,0.2373,0.0271,2339.8235,1809.8,2881.3
2604,hillside_incremental,522625.0,4259875.0,38.9701,0.3216,1.0,0.1025,1.4895,False,0.5661,0.8724,1275.1655,135.0,3494.0
2605,hillside_incremental,507875.0,4260125.0,45.1168,0.5456,0.0913,0.2747,1.7493,False,0.2216,0.0956,2426.4095,1438.0,3199.2
2606,hillside_incremental,509125.0,4260125.0,45.7908,0.6928,0.0169,0.2308,2.2009,False,0.2307,0.0359,2310.5555,1811.9,2892.0
2607,hillside_incremental,510125.0,4260125.0,43.6109,0.7072,0.0365,0.2426,1.9452,False,0.226,0.0481,2493.606,1861.9,2961.1
2608,hillside_incremental,518625.0,4260125.0,43.431,0.8064,0.0146,0.1583,1.7674,False,0.213,0.0271,2882.003,2302.0,3334.0
2609,hillside_incremental,506625.0,4260375.0,44.4987,0.896,0.0093,0.3014,2.5169,False,0.2763,0.0447,1468.327,1075.9,1905.1
2610,hillside_incremental,506875.0,4260375.0,43.8275,0.7584,0.0223,0.2917,4.1855,True,0.3293,0.0489,1136.8945,209.6,2143.0
2611,hillside_incremental,507125.0,4260375.0,43.5554,0.688,0.0148,0.281,4.1855,False,0.3217,0.0446,1285.1195,246.0,2506.1
2612,hillside_incremental,507375.0,4260375.0,44.4405,0.7152,0.0141,0.2698,4.1855,False,0.3218,0.0432,1255.731,239.8,2386.6
2613,hillside_incremental,507625.0,4260375.0,43.7184,0.7424,0.0123,0.2638,4.1855,False,0.322,0.0422,1246.6175,234.0,2337.3
2614,hillside_incremental,507875.0,4260375.0,44.4837,0.7776,0.0144,0.2583,2.2214,False,0.2449,0.0391,2077.1255,1615.0,2586.0
2615,hillside_incremental,508125.0,4260375.0,45.1827,0.616,0.0209,0.2518,2.2214,False,0.2282,0.0397,2351.22,1726.0,3050.3
2616,hillside_incremental,509375.0,4260375.0,43.4107,0.5808,0.0126,0.2135,2.2009,False,0.2137,0.0314,2665.5645,2011.0,3275.1
2617,hillside_incremental,509625.0,4260375.0,44.4969,0.6464,0.0111,0.2176,2.2009,False,0.2216,0.0319,2512.47,1948.7,3097.1
2618,hillside_incremental,510125.0,4260375.0,43.4311,0.8336,0.0199,0.2302,1.9452,False,0.2358,0.0379,2373.629,1770.0,2941.1
2619,hillside_incremental,518625.0,4260375.0,43.1568,0.7776,0.0191,0.1549,1.7674,False,0.2091,0.0288,2943.401,2404.0,3342.0
2620,hillside_incremental,506625.0,4260625.0,44.9418,0.8176,0.0096,0.2818,2.5169,False,0.2647,0.0416,1683.836,1228.7,2244.1
2621,hillside_incremental,506875.0,4260625.0,45.7111,0.4304,0.0146,0.274,2.5169,False,0.2308,0.0397,2285.5925,1370.9,3354.2
2622,hillside_incremental,507125.0,4260625.0,44.229,0.52,0.0157,0.2652,2.5169,False,0.2346,0.0393,2252.7495,1404.8,3234.2
2623,hillside_incremental,507625.0,4260625.0,43.0334,0.5584,0.0121,0.2481,3.5087,False,0.2789,0.0378,1753.982,512.7,3063.2
2624,hillside_incremental,508375.0,4260625.0,44.2457,0.7824,0.0223,0.2322,2.2214,False,0.2415,0.0392,2132.2095,1770.0,2573.0
2625,hillside_incremental,508625.0,4260625.0,46.9472,0.5216,0.0365,0.2258,2.2214,False,0.2177,0.0458,2456.1735,1778.7,3232.1
2626,hillside_incremental,509375.0,4260625.0,44.2679,0.5328,0.016,0.2053,2.2009,False,0.2085,0.0313,2718.62,2045.8,3350.0
2627,hillside_incremental,509625.0,4260625.0,44.7411,0.6624,0.0124,0.2081,2.2009,False,0.2219,0.0312,2508.6385,1982.0,3059.1
2628,hillside_incremental,509875.0,4260625.0,44.153,0.8144,0.0126,0.2136,2.2009,False,0.2395,0.0333,2197.743,1819.0,2612.0
2629,hillside_incremental,510125.0,4260625.0,45.1952,0.72,0.0125,0.2189,1.9452,False,0.2199,0.0327,2619.1245,2037.8,3098.0
2630,hillside_incremental,518625.0,4260625.0,42.928,0.8016,0.0287,0.1515,1.7674,False,0.2131,0.035,2875.0285,2284.9,3307.1
2631,hillside_incremental,507625.0,4260875.0,42.5576,0.6096,0.0104,0.235,3.5087,False,0.2797,0.036,1736.0875,508.7,2983.1
2632,hillside_incremental,507875.0,4260875.0,43.1164,0.6912,0.0135,0.2303,3.5087,False,0.2854,0.0368,1604.3125,482.9,2717.0
2633,hillside_incremental,509625.0,4260875.0,44.5553,0.7776,0.0172,0.1992,2.2009,False,0.2337,0.033,2303.8265,1940.0,2719.1
2634,hillside_incremental,509875.0,4260875.0,43.2552,0.968,0.0148,0.204,2.2009,False,0.2561,0.0344,1829.3815,1109.0,2378.2
2635,hillside_incremental,510125.0,4260875.0,45.0849,0.76,0.0139,0.2085,2.2009,False,0.2331,0.0326,2298.72,1907.9,2767.0
2636,hillside_incremental,513125.0,4260875.0,43.8779,0.328,0.0437,0.2379,2.4083,False,0.2147,0.052,2520.174,1593.0,3506.0
2637,hillside_incremental,513375.0,4260875.0,42.3507,0.3504,0.0275,0.2394,2.4083,False,0.2126,0.0409,2607.0695,1623.9,3534.0
2638,hillside_incremental,513625.0,4260875.0,41.6559,0.9248,0.0283,0.2398,2.4083,False,0.2659,0.0445,1645.9115,1191.7,2092.1
2639,hillside_incremental,507375.0,4261125.0,45.0051,0.576,0.0094,0.2311,2.8363,False,0.2467,0.0338,2060.835,1049.1,3100.0
2640,hillside_incremental,507625.0,4261125.0,44.1447,0.68,0.0092,0.2242,3.5087,False,0.2833,0.0349,1624.424,483.9,2750.1
2641,hillside_incremental,509875.0,4261125.0,44.4993,0.4,0.0209,0.195,2.2009,False,0.1962,0.0319,2868.564,2102.9,3522.0
2642,hillside_incremental,510125.0,4261125.0,44.9927,0.7392,0.0251,0.1989,2.2009,False,0.2308,0.0368,2331.859,1955.9,2778.1
2643,hillside_incremental,512375.0,4261125.0,42.1411,0.6736,0.0319,0.2162,2.4083,False,0.2353,0.0426,2269.7535,1649.9,2950.1
2644,hillside_incremental,512625.0,4261125.0,41.0928,0.8912,0.5013,0.2197,2.4083,False,0.4455,0.4929,712.4355,263.9,1524.0
2645,hillside_incremental,512875.0,4261125.0,42.0494,0.512,0.5013,0.2226,2.4083,False,0.424,0.4928,1055.2675,279.0,2558.3
2646,hillside_incremental,513625.0,4261125.0,41.5918,0.6592,0.0319,0.2262,2.4083,False,0.2355,0.0435,2273.749,1638.9,2984.0
2647,hillside_incremental,513875.0,4261125.0,41.8173,0.2176,0.0558,0.2256,2.4083,False,0.2081,0.0608,2629.651,1611.0,3642.0
2648,hillside_incremental,504875.0,4261375.0,44.5901,0.9728,0.0191,0.2521,1.6597,False,0.2486,0.041,2097.036,1139.9,3252.1
2649,hillside_incremental,506125.0,4261375.0,44.2331,0.6864,0.0083,0.2442,1.699,False,0.2102,0.0345,2780.104,1953.8,3382.0
2650,hillside_incremental,512625.0,4261375.0,42.4521,0.3216,0.5013,0.2086,2.4083,False,0.4114,0.4924,1223.9105,282.0,3126.3
2651,hillside_incremental,512875.0,4261375.0,41.1133,0.8016,0.4013,0.211,2.4083,False,0.3877,0.3952,893.7005,308.0,1735.1
2652,hillside_incremental,513125.0,4261375.0,40.5958,0.32,0.251,0.2128,2.4083,False,0.2804,0.2476,1755.2585,484.0,3334.2
2653,hillside_incremental,524875.0,4261375.0,40.9459,0.4192,0.1545,0.0805,2.8408,False,0.2472,0.151,2103.353,707.9,3412.1
2654,hillside_incremental,507875.0,4261625.0,45.1456,0.5888,0.0248,0.1994,2.1057,False,0.2103,0.0355,2698.374,2196.8,3220.0
2655,hillside_incremental,510125.0,4261625.0,44.148,0.4064,0.4013,0.182,1.9452,False,0.3424,0.3944,1580.035,335.0,3183.1
2656,hillside_incremental,512875.0,4261625.0,42.9681,0.6864,0.3345,0.2006,2.4083,False,0.3444,0.3296,1132.5985,371.0,2112.2
2657,hillside_incremental,504375.0,4261875.0,45.4851,0.9808,0.0254,0.22,1.6597,False,0.2454,0.0406,2122.0315,1050.9,3251.0
2658,hillside_incremental,505375.0,4261875.0,44.1999,0.5632,0.0242,0.2245,3.0154,False,0.2549,0.039,1976.9525,851.0,3071.1
2659,hillside_incremental,513375.0,4261875.0,41.0705,0.5648,0.4013,0.1932,2.4083,False,0.3679,0.3947,1201.046,322.0,2602.5
2660,hillside_incremental,519125.0,4261875.0,42.0362,0.2368,0.2868,0.1291,2.0958,False,0.2676,0.2813,2061.288,448.0,3569.1
2661,hillside_incremental,504125.0,4262125.0,45.3721,0.76,0.0151,0.2062,0.7902,False,0.1853,0.0313,3027.8855,2177.0,3718.0
2662,hillside_incremental,528625.0,4262125.0,39.2914,0.4048,0.1256,0.0619,2.4428,False,0.2138,0.1223,2570.7415,1201.0,3568.1
2663,hillside_incremental,504125.0,4262375.0,43.8641,0.7008,0.0155,0.1964,1.5616,False,0.1977,0.0304,2994.964,2387.7,3469.0
2664,hillside_incremental,504625.0,4262375.0,48.4163,0.5856,0.0457,0.2004,1.5616,False,0.1925,0.0506,2874.858,2021.9,3413.1
2665,hillside_incremental,502875.0,4262625.0,47.4634,0.8016,0.0195,0.1807,0.7902,False,0.1893,0.0309,2962.2725,2128.0,3711.0
2666,hillside_incremental,504625.0,4263125.0,44.144,0.7984,0.033,0.1744,1.7763,False,0.2178,0.0398,2719.852,2175.9,3226.0
2667,hillside_incremental,505625.0,4263125.0,45.1679,0.6352,0.0457,0.1748,1.582,False,0.1916,0.049,2996.294,2454.4,3406.0
2668,hillside_incremental,503875.0,4263375.0,45.7677,0.5552,0.0143,0.1634,0.7902,False,0.1445,0.024,3413.194,2879.7,3755.0
2669,hillside_incremental,504625.0,4263375.0,44.0112,0.8288,0.0347,0.1672,1.7763,False,0.221,0.0408,2677.6735,2079.7,3222.0
2670,hillside_incremental,504875.0,4263375.0,44.2877,0.8624,0.0319,0.1678,1.7763,False,0.2253,0.0391,2596.202,1911.8,3217.0
2671,hillside_incremental,523625.0,4263375.0,41.4829,0.6704,0.1339,0.0814,2.8408,False,0.2604,0.1312,1855.719,751.0,3069.4
2672,hillside_incremental,503875.0,4263625.0,45.158,0.6432,0.0118,0.1572,0.7902,False,0.1564,0.023,3366.1225,2763.0,3752.0
2673,hillside_incremental,504125.0,4263625.0,45.7859,0.728,0.0136,0.1585,1.6569,False,0.1996,0.0257,2988.155,2435.8,3412.0
2674,hillside_incremental,504125.0,4263875.0,44.6444,0.8016,0.011,0.1526,1.6569,False,0.2077,0.025,2929.6695,2314.0,3414.0
2675,hillside_incremental,503625.0,4264125.0,45.5938,0.4016,0.0228,0.1447,1.6569,False,0.1595,0.0272,3377.686,3040.4,3636.0
2676,hillside_incremental,504375.0,4264125.0,44.4171,0.7648,0.0203,0.148,1.6569,False,0.203,0.0286,2994.5515,2451.9,3408.1
2677,hillside_incremental,504375.0,4264375.0,43.4928,0.9616,0.01,0.1427,1.4432,False,0.2215,0.0255,2735.0535,1589.9,3557.1
2678,hillside_incremental,503625.0,4264625.0,45.9405,0.5728,0.0359,0.1352,1.4432,False,0.1699,0.0377,3280.46,2849.9,3581.0
2679,hillside_incremental,504375.0,4264625.0,44.9471,0.6656,0.0118,0.1379,1.4432,False,0.1788,0.0218,3275.312,2781.8,3605.0
2680,hillside_incremental,503875.0,4264875.0,47.2352,0.4304,0.0503,0.1319,1.4432,False,0.1561,0.05,3311.288,2781.0,3624.1
2681,hillside_incremental,504625.0,4264875.0,44.962,0.936,0.0137,0.1338,2.0845,False,0.2391,0.0267,2265.6455,1465.9,2862.1
2682,hillside_incremental,504625.0,4265125.0,45.2105,0.8432,0.0226,0.1295,2.0845,False,0.2283,0.03,2501.161,1958.8,2948.1
2683,hillside_incremental,504125.0,4265375.0,47.3466,0.3792,0.0693,0.1245,2.0845,False,0.1883,0.0681,2892.9065,1982.6,3502.0
2684,hillside_incremental,504875.0,4265375.0,45.7686,0.464,0.0628,0.1257,1.6619,False,0.1708,0.0618,3197.7585,2684.6,3521.0
2685,hillside_incremental,504625.0,4265625.0,45.2891,0.792,0.0335,0.1216,1.6619,False,0.2062,0.0367,2933.5585,2253.6,3390.2
2686,hillside_incremental,504875.0,4265625.0,46.0703,0.504,0.0718,0.1218,1.6619,False,0.1772,0.0704,3109.8405,2399.5,3472.0
2687,hillside_incremental,522125.0,4266375.0,37.9102,0.4512,0.6678,0.0768,2.8408,False,0.4821,0.6463,1065.1565,216.9,3008.3
2688,industrial_logistics,514125.0,4236125.0,43.6376,0.3808,1.0,0.0611,2.1975,False,0.5746,0.8677,1051.6795,125.0,3109.2
2689,industrial_logistics,513875.0,4236375.0,43.4192,0.5424,1.0,0.0624,2.1975,False,0.5808,0.868,946.0935,91.0,2782.1
2690,industrial_logistics,514125.0,4236375.0,47.2415,0.336,1.0,0.062,2.1975,True,0.5738,0.8677,1043.037,124.0,3111.7
2691,industrial_logistics,513625.0,4236625.0,43.1166,0.96,0.2868,0.0637,2.1975,False,0.319,0.281,1267.5945,382.9,2604.2
2692,industrial_logistics,513875.0,4236625.0,44.9782,0.8608,1.0,0.0633,2.1975,False,0.5913,0.8684,698.201,39.0,2055.2
2693,industrial_logistics,514125.0,4236625.0,46.9429,0.6256,1.0,0.0629,2.1975,True,0.5845,0.8682,851.6385,64.0,2520.2
2694,industrial_logistics,513375.0,4236875.0,42.8224,0.8304,1.0,0.065,2.1975,False,0.5904,0.8686,737.299,46.0,2148.2
2695,industrial_logistics,513625.0,4236875.0,43.5035,0.9968,0.2868,0.0646,2.1975,False,0.3228,0.2811,1222.5305,369.9,2544.2
2696,industrial_logistics,513875.0,4236875.0,45.3851,0.9152,1.0,0.0642,2.1975,False,0.593,0.8685,658.1375,29.0,1953.7
2697,industrial_logistics,514125.0,4236875.0,46.6819,0.776,1.0,0.0638,2.1975,True,0.5894,0.8684,743.3005,47.0,2205.2
2698,industrial_logistics,514375.0,4236875.0,46.9054,0.4944,0.1435,0.0633,2.1975,False,0.2189,0.1399,2401.796,969.8,3376.0
2699,industrial_logistics,513375.0,4237125.0,42.5495,0.9824,1.0,0.066,2.1975,False,0.5944,0.8687,645.816,29.9,1912.3
2700,industrial_logistics,513625.0,4237125.0,44.515,0.9488,1.0,0.0656,2.1975,False,0.594,0.8687,644.89,28.0,1910.2
2701,industrial_logistics,513875.0,4237125.0,45.8661,0.8768,1.0,0.0651,2.1975,True,0.5923,0.8686,675.067,32.9,2002.8
2702,industrial_logistics,514125.0,4237125.0,45.5721,0.8656,1.0,0.0647,2.1975,False,0.5919,0.8685,686.461,36.0,2034.9
2703,industrial_logistics,514375.0,4237125.0,44.0329,0.4672,0.1435,0.0642,2.1975,False,0.2146,0.1399,2510.968,1078.4,3436.0
2704,industrial_logistics,513125.0,4237375.0,43.4705,0.5184,1.0,0.0675,2.1975,False,0.5811,0.8686,955.661,96.0,2826.6
2705,industrial_logistics,513375.0,4237375.0,45.8392,1.0,1.0,0.067,2.1975,True,0.5957,0.8688,607.8355,20.0,1807.2
2706,industrial_logistics,513625.0,4237375.0,45.1198,0.8784,1.0,0.0666,2.1975,False,0.5925,0.8688,677.9265,34.0,2015.2
2707,industrial_logistics,513875.0,4237375.0,46.5607,0.6208,1.0,0.0661,2.1975,True,0.585,0.8685,853.237,67.0,2531.2
2708,industrial_logistics,514125.0,4237375.0,44.9805,0.4336,0.0181,0.0656,2.1975,False,0.1816,0.02,3196.016,2372.0,3652.2
2709,industrial_logistics,514375.0,4237375.0,43.0015,0.3424,0.0181,0.0652,2.1975,False,0.1731,0.0194,3327.0895,2486.9,3717.0
2710,industrial_logistics,513125.0,4237625.0,42.0565,0.7408,0.1339,0.0686,2.1975,False,0.2382,0.131,2190.027,1048.9,3176.2
2711,industrial_logistics,513625.0,4237625.0,44.8502,0.9664,0.1435,0.0676,1.552,False,0.2478,0.1406,2064.306,653.9,3370.1
2712,industrial_logistics,513875.0,4237625.0,45.7074,0.6752,0.1435,0.0671,1.552,False,0.2095,0.14,2612.0305,1055.0,3487.0
2713,industrial_logistics,514125.0,4237625.0,44.0923,0.1584,0.0181,0.0666,1.552,False,0.1251,0.0173,3677.2475,3505.0,3770.1
2714,industrial_logistics,514625.0,4237625.0,40.6533,0.1568,0.0181,0.0656,1.552,False,0.1215,0.0173,3712.235,3565.9,3775.0
2715,industrial_logistics,513125.0,4237875.0,43.4118,0.9664,0.1435,0.0697,1.552,False,0.2472,0.1406,2098.509,663.8,3396.1
2716,industrial_logistics,513375.0,4237875.0,43.69,1.0,0.1435,0.0692,1.552,False,0.2518,0.1407,2033.5285,624.0,3373.0
2717,industrial_logistics,513625.0,4237875.0,45.4724,0.7584,0.1435,0.0687,1.552,False,0.2203,0.1402,2470.262,964.9,3441.1
2718,industrial_logistics,513875.0,4237875.0,45.4743,0.7888,0.0181,0.0681,1.552,False,0.1946,0.0226,3145.421,2389.8,3639.0
2719,industrial_logistics,514375.0,4237875.0,41.3312,0.1872,0.0181,0.0671,1.552,False,0.1232,0.0174,3703.938,3558.9,3770.0
2720,industrial_logistics,514625.0,4237875.0,40.2237,0.1728,0.018,0.0666,1.552,False,0.1217,0.0172,3711.651,3567.0,3774.0
2721,industrial_logistics,512875.0,4238125.0,43.6037,0.9152,0.1545,0.0713,1.552,False,0.244,0.1513,2133.562,664.0,3393.4
2722,industrial_logistics,513125.0,4238125.0,46.485,1.0,0.1435,0.0708,1.552,True,0.2535,0.1407,1962.4375,581.8,3328.0
2723,industrial_logistics,513375.0,4238125.0,44.8132,0.9168,0.1435,0.0703,1.552,False,0.2412,0.1405,2155.47,698.0,3378.1
2724,industrial_logistics,513625.0,4238125.0,45.8312,0.616,0.1435,0.0697,1.552,False,0.2025,0.14,2695.0445,1085.0,3511.1
2725,industrial_logistics,513875.0,4238125.0,45.6793,0.4928,0.0195,0.0692,1.552,False,0.1547,0.0203,3486.248,3222.8,3709.0
2726,industrial_logistics,512875.0,4238375.0,45.1689,0.9216,0.1339,0.0725,1.552,False,0.2393,0.1312,2180.766,730.9,3377.1
2727,industrial_logistics,513125.0,4238375.0,46.6626,1.0,0.1058,0.0719,1.552,False,0.2432,0.104,2126.6055,702.7,3365.1
2728,industrial_logistics,513375.0,4238375.0,45.3002,0.8224,0.1058,0.0714,1.552,False,0.2174,0.1034,2575.5565,1388.1,3450.2
2729,industrial_logistics,513625.0,4238375.0,46.0932,0.848,0.1058,0.0708,1.552,False,0.2215,0.1035,2491.8785,1243.5,3428.0
2730,industrial_logistics,513875.0,4238375.0,46.0651,0.5408,0.0195,0.0703,1.552,False,0.1611,0.0208,3431.4355,3106.0,3690.1
2731,industrial_logistics,514375.0,4238375.0,42.0061,0.1856,0.012,0.0691,1.552,False,0.1233,0.0124,3704.6155,3560.9,3771.0
2732,industrial_logistics,512875.0,4238625.0,45.2115,0.8768,0.2008,0.0737,1.552,False,0.2568,0.1967,1960.132,538.0,3338.1
2733,industrial_logistics,513125.0,4238625.0,45.6059,1.0,0.2231,0.0731,1.552,True,0.2807,0.2187,1697.674,447.9,3293.1
2734,industrial_logistics,513375.0,4238625.0,45.8767,0.704,0.1058,0.0726,1.552,False,0.2016,0.1031,2784.45,1530.9,3509.1
2735,industrial_logistics,513625.0,4238625.0,45.9509,0.7424,0.0195,0.072,1.552,False,0.1887,0.0231,3194.436,2533.0,3634.1
2736,industrial_logistics,513875.0,4238625.0,46.0468,0.4672,0.0195,0.0714,1.552,False,0.1522,0.0202,3491.985,3250.0,3712.0
2737,industrial_logistics,514125.0,4238625.0,45.2424,0.5088,0.0195,0.0708,1.552,False,0.1563,0.0205,3486.597,3218.8,3706.0
2738,industrial_logistics,512875.0,4238875.0,44.9604,0.5232,0.1435,0.075,1.552,False,0.1914,0.1399,2831.238,1155.5,3556.1
2739,industrial_logistics,513125.0,4238875.0,45.0191,0.9936,0.1545,0.0744,1.552,False,0.2555,0.1515,1954.31,583.9,3336.2
2740,industrial_logistics,513375.0,4238875.0,45.4033,0.6,0.1435,0.0738,1.552,False,0.2006,0.14,2724.6795,1110.6,3516.1
2741,industrial_logistics,513625.0,4238875.0,44.9947,0.4848,0.0195,0.0732,1.552,False,0.1533,0.0204,3510.7925,3266.9,3710.0
2742,industrial_logistics,514125.0,4238875.0,44.7346,0.416,0.0195,0.0719,1.552,False,0.145,0.0198,3569.559,3402.9,3729.0
2743,industrial_logistics,514375.0,4238875.0,42.5556,0.6736,0.0146,0.0713,2.2019,False,0.2045,0.0202,3001.636,2354.9,3576.0
2744,industrial_logistics,486375.0,4239125.0,43.0012,0.5648,0.1674,0.1269,2.3594,False,0.2457,0.1642,2033.1425,782.8,3020.0
2745,industrial_logistics,512875.0,4239125.0,44.7955,0.456,0.1435,0.0762,1.552,False,0.1843,0.1398,2904.038,1193.6,3589.0
2746,industrial_logistics,513125.0,4239125.0,45.8834,0.6576,0.1435,0.0756,1.552,False,0.2082,0.1401,2623.8575,1052.0,3468.0
2747,industrial_logistics,513375.0,4239125.0,44.9558,0.696,0.1545,0.075,1.552,False,0.2163,0.151,2522.4435,942.6,3460.0
2748,industrial_logistics,513625.0,4239125.0,47.2686,0.3168,0.0314,0.0744,1.552,False,0.1406,0.0301,3513.212,3318.9,3732.0
2749,industrial_logistics,513875.0,4239125.0,46.347,0.3536,0.0228,0.0737,1.552,False,0.1412,0.0224,3548.671,3388.9,3733.0
2750,industrial_logistics,514375.0,4239125.0,43.1936,0.536,0.0112,0.0724,1.552,False,0.1571,0.0151,3525.491,3250.9,3720.0
2751,industrial_logistics,512875.0,4239375.0,43.2119,0.3744,0.1256,0.0776,1.552,False,0.1681,0.1221,3114.5985,1623.9,3656.0
2752,industrial_logistics,513125.0,4239375.0,46.712,0.2064,0.1256,0.0769,1.552,False,0.1606,0.122,3106.0815,1450.2,3721.1
2753,industrial_logistics,513375.0,4239375.0,45.4771,0.5936,0.0457,0.0763,1.552,False,0.172,0.0447,3295.9725,2877.9,3624.0
2754,industrial_logistics,514375.0,4239375.0,43.6104,0.7952,0.0114,0.0735,1.9354,False,0.2084,0.0198,3040.271,2392.7,3542.1
2755,industrial_logistics,515375.0,4239375.0,44.0053,0.9264,0.0117,0.0713,1.9354,False,0.2259,0.0219,2734.787,1779.3,3481.1
2756,industrial_logistics,512875.0,4239625.0,43.6047,0.2064,0.1256,0.079,1.552,False,0.1574,0.122,3187.56,1637.9,3728.0
2757,industrial_logistics,513125.0,4239625.0,45.2256,0.3616,0.1256,0.0783,1.552,False,0.1689,0.1221,3070.4655,1510.8,3649.0
2758,industrial_logistics,513375.0,4239625.0,45.2729,0.5312,0.0591,0.0776,1.552,False,0.1665,0.0573,3300.031,2916.9,3627.0
2759,industrial_logistics,513875.0,4239625.0,44.9181,0.448,0.0347,0.0761,1.552,False,0.1513,0.0337,3494.314,3275.0,3694.1
2760,industrial_logistics,514375.0,4239625.0,44.1664,0.88,0.0162,0.0747,1.9354,False,0.2206,0.0235,2822.4135,1998.0,3459.1
2761,industrial_logistics,514625.0,4239625.0,44.7544,0.9808,0.0142,0.074,1.9354,False,0.234,0.024,2504.336,1320.7,3395.2
2762,industrial_logistics,514875.0,4239625.0,44.4465,0.976,0.0136,0.0735,1.9354,False,0.2331,0.0236,2541.3755,1377.0,3409.0
2763,industrial_logistics,515125.0,4239625.0,44.4243,0.9504,0.0128,0.073,1.9354,False,0.2296,0.0229,2633.3745,1592.5,3430.7
2764,industrial_logistics,515375.0,4239625.0,43.9099,0.96,0.0178,0.0725,1.9354,False,0.2312,0.0255,2600.2355,1519.6,3438.3
2765,industrial_logistics,512875.0,4239875.0,45.0105,0.6304,0.1256,0.0804,1.552,False,0.1982,0.1225,2792.6865,1309.7,3503.0
2766,industrial_logistics,513125.0,4239875.0,45.268,0.4224,0.1256,0.0797,1.552,False,0.1746,0.1222,3018.939,1455.8,3609.1
2767,industrial_logistics,513375.0,4239875.0,46.0881,0.5632,0.0648,0.0789,1.552,False,0.1728,0.0629,3205.4405,2669.6,3594.0
2768,industrial_logistics,513625.0,4239875.0,43.6656,0.3408,0.0591,0.0782,1.552,False,0.1441,0.0568,3493.2475,3347.9,3710.0
2769,industrial_logistics,514125.0,4239875.0,44.4562,0.7648,0.0186,0.0766,1.9354,False,0.2061,0.0235,3034.369,2452.0,3505.1
2770,industrial_logistics,514375.0,4239875.0,43.1525,0.9776,0.0175,0.0759,1.9354,False,0.2334,0.0257,2567.455,1405.7,3447.0
2771,industrial_logistics,514625.0,4239875.0,44.0431,0.9408,0.0161,0.0753,1.9354,False,0.2287,0.0244,2659.7085,1658.6,3437.1
2772,industrial_logistics,514875.0,4239875.0,43.9053,0.864,0.0205,0.0748,1.9354,False,0.219,0.026,2850.544,2074.0,3467.1
2773,industrial_logistics,515125.0,4239875.0,44.8632,0.9296,0.0283,0.0743,1.9354,False,0.2293,0.0324,2583.011,1584.6,3362.2
2774,industrial_logistics,515375.0,4239875.0,40.9686,0.576,0.0335,0.0737,1.9354,False,0.1824,0.0337,3321.6735,3002.8,3662.0
2775,industrial_logistics,512875.0,4240125.0,45.9089,0.8016,0.0609,0.0819,1.552,False,0.2049,0.0602,2869.4825,2029.9,3493.1
2776,industrial_logistics,513125.0,4240125.0,46.6801,0.6976,0.0773,0.0811,1.552,False,0.1944,0.0755,2930.9915,2090.6,3509.1
2777,industrial_logistics,513375.0,4240125.0,45.9173,0.648,0.067,0.0803,1.552,False,0.1845,0.0653,3093.5475,2482.4,3552.1
2778,industrial_logistics,513625.0,4240125.0,45.0739,0.576,0.0591,0.0795,1.552,False,0.1723,0.0575,3256.2435,2822.9,3604.0
2779,industrial_logistics,513875.0,4240125.0,44.5993,0.624,1.0,0.0787,1.9354,False,0.5823,0.87,954.1905,76.0,2842.0
2780,industrial_logistics,514125.0,4240125.0,45.0366,0.7184,0.0205,0.0779,1.9354,False,0.2009,0.0243,3080.3445,2577.0,3507.1
2781,industrial_logistics,514375.0,4240125.0,43.4344,0.9776,0.0197,0.0772,1.9354,False,0.234,0.0271,2537.007,1363.5,3423.3
2782,industrial_logistics,514625.0,4240125.0,44.0508,0.9264,0.0197,0.0767,1.9354,False,0.2274,0.0263,2680.7185,1735.3,3418.5
2783,industrial_logistics,514875.0,4240125.0,43.2062,0.9776,0.0265,0.0761,1.9354,False,0.2348,0.0316,2502.796,1314.8,3396.0
2784,industrial_logistics,515125.0,4240125.0,46.9153,0.9856,0.0467,0.0756,1.9354,False,0.241,0.0485,2186.527,948.5,3216.0
2785,industrial_logistics,487625.0,4240375.0,41.9977,0.7408,0.0574,0.1335,2.3594,False,0.2324,0.0586,2339.6065,1630.7,2935.1
2786,industrial_logistics,512875.0,4240375.0,45.0136,0.76,0.0467,0.0834,1.552,False,0.1957,0.0467,3061.8275,2362.0,3548.0
2787,industrial_logistics,513125.0,4240375.0,44.8438,0.6704,0.1182,0.0826,1.552,False,0.201,0.1153,2779.845,1411.9,3487.0
2788,industrial_logistics,513375.0,4240375.0,43.9893,0.7952,0.0957,0.0817,1.552,False,0.2108,0.0937,2725.816,1724.6,3479.0
2789,industrial_logistics,513625.0,4240375.0,46.1661,0.192,1.0,0.0809,1.552,False,0.5595,0.8695,1282.5465,159.0,3476.0
2790,industrial_logistics,514125.0,4240375.0,45.7985,0.4576,1.0,0.0792,1.9354,False,0.5768,0.8699,1059.0975,108.0,3069.1
2791,industrial_logistics,514375.0,4240375.0,44.0459,0.9184,0.0268,0.0786,1.9354,False,0.2275,0.0312,2656.8065,1722.8,3381.0
2792,industrial_logistics,514625.0,4240375.0,45.0094,0.808,0.0272,0.0781,1.9354,False,0.2134,0.0303,2885.472,2214.9,3418.3
2793,industrial_logistics,514875.0,4240375.0,44.5787,1.0,0.0319,0.0775,1.9354,False,0.2393,0.0361,2322.681,1046.8,3304.1
2794,industrial_logistics,515125.0,4240375.0,43.6645,0.9744,0.041,0.0769,1.9354,False,0.2369,0.0434,2384.674,1201.6,3308.1
2795,industrial_logistics,515375.0,4240375.0,41.4178,0.72,0.1339,0.0763,1.9354,False,0.2252,0.1309,2471.701,1168.3,3344.1
2796,industrial_logistics,513125.0,4240625.0,42.6332,0.4896,0.1826,0.0841,1.552,False,0.2038,0.1784,2684.098,814.8,3557.0
2797,industrial_logistics,513375.0,4240625.0,43.347,0.5056,0.1256,0.0832,1.552,False,0.1821,0.1223,2989.578,1527.0,3574.1
2798,industrial_logistics,513625.0,4240625.0,45.9081,0.176,0.0957,0.0823,1.552,False,0.1476,0.0926,3295.319,2124.6,3739.0
2799,industrial_logistics,514125.0,4240625.0,47.683,0.2112,1.0,0.0806,1.552,False,0.5605,0.8695,1263.512,151.9,3444.1
2800,industrial_logistics,514375.0,4240625.0,46.2453,0.5504,1.0,0.0801,1.9354,False,0.5804,0.8701,990.7295,86.0,2936.2
2801,industrial_logistics,514625.0,4240625.0,43.5314,1.0,0.0365,0.0795,1.9354,False,0.2397,0.0399,2331.759,1049.7,3314.1
2802,industrial_logistics,514875.0,4240625.0,43.9371,1.0,0.0387,0.0789,1.9354,False,0.2402,0.0416,2301.6965,1011.8,3289.0
2803,industrial_logistics,515125.0,4240625.0,45.0564,1.0,0.0591,0.0783,1.9354,False,0.2444,0.0599,2132.425,863.9,3198.0
2804,industrial_logistics,513125.0,4240875.0,42.203,0.4384,0.6678,0.0856,1.552,False,0.4538,0.6465,1502.2535,246.0,3413.2
2805,industrial_logistics,513375.0,4240875.0,41.7128,0.2896,0.2231,0.0847,1.552,False,0.2081,0.2182,2644.744,578.9,3675.0
2806,industrial_logistics,513625.0,4240875.0,44.9627,0.4496,0.1826,0.0838,1.552,False,0.2016,0.1784,2670.6795,780.9,3550.0
2807,industrial_logistics,514125.0,4240875.0,48.054,0.1232,1.0,0.0822,1.552,False,0.5574,0.8695,1284.335,163.0,3481.2
2808,industrial_logistics,514625.0,4240875.0,45.0155,0.5104,1.0,0.081,1.552,False,0.5714,0.87,1137.3925,109.0,3231.0
2809,industrial_logistics,514875.0,4240875.0,43.5292,0.9984,0.0591,0.0804,1.9354,False,0.2436,0.0599,2187.932,923.5,3245.0
2810,industrial_logistics,515125.0,4240875.0,42.5197,0.936,0.0718,0.0797,1.9354,False,0.2373,0.0714,2324.739,1151.6,3277.1
2811,industrial_logistics,512875.0,4241125.0,42.8761,0.592,0.4013,0.0882,1.552,False,0.3267,0.3928,1781.53,341.0,3373.0
2812,industrial_logistics,513125.0,4241125.0,40.8843,0.1952,0.6678,0.0873,1.552,False,0.4438,0.6464,1626.748,257.0,3623.1
2813,industrial_logistics,513375.0,4241125.0,43.0115,0.3584,0.6678,0.0863,1.552,False,0.4507,0.6465,1541.631,249.0,3485.0
2814,industrial_logistics,513625.0,4241125.0,45.1595,0.5216,0.6678,0.0853,1.552,False,0.4583,0.6465,1414.88,235.0,3311.1
2815,industrial_logistics,513875.0,4241125.0,48.558,0.2368,1.0,0.0844,1.552,False,0.5624,0.87,1242.0905,140.9,3415.1
2816,industrial_logistics,514875.0,4241125.0,44.4591,0.6416,0.3345,0.0819,1.552,False,0.2948,0.3276,1871.5595,389.0,3362.0
2817,industrial_logistics,512875.0,4241375.0,42.5538,0.368,0.0957,0.0899,1.552,False,0.1573,0.0928,3290.6625,2399.5,3661.0
2818,industrial_logistics,513125.0,4241375.0,41.5563,0.4112,0.0503,0.0889,1.552,False,0.1482,0.0486,3515.5935,3383.9,3693.0
2819,industrial_logistics,513375.0,4241375.0,43.5889,0.3968,0.0503,0.0879,1.552,False,0.1484,0.0485,3491.562,3358.0,3680.0
2820,industrial_logistics,513625.0,4241375.0,47.6437,0.4208,0.6678,0.0868,1.552,True,0.4549,0.6465,1453.7765,240.0,3351.0
2821,industrial_logistics,513875.0,4241375.0,48.7653,0.2416,1.0,0.0861,1.552,True,0.5629,0.8702,1235.726,136.0,3406.4
2822,industrial_logistics,514125.0,4241375.0,47.9515,0.2672,1.0,0.0855,1.552,True,0.5637,0.8702,1233.111,134.0,3396.3
2823,industrial_logistics,514375.0,4241375.0,44.9475,0.9248,0.1826,0.0848,1.552,False,0.257,0.179,1937.0735,565.0,3318.0
2824,industrial_logistics,514625.0,4241375.0,46.0937,0.3616,0.1826,0.0841,1.552,False,0.1953,0.1783,2717.472,763.6,3604.0
2825,industrial_logistics,512875.0,4241625.0,40.3223,0.2912,0.0503,0.0917,1.552,False,0.1364,0.0484,3588.449,3438.0,3738.0
2826,industrial_logistics,513125.0,4241625.0,41.1705,0.3728,0.0503,0.0906,1.552,False,0.1441,0.0485,3543.109,3412.9,3708.1
2827,industrial_logistics,513375.0,4241625.0,45.3744,0.5552,0.0503,0.0895,1.552,False,0.1689,0.0491,3300.9395,2937.8,3597.0
2828,industrial_logistics,513625.0,4241625.0,48.4925,0.512,0.0503,0.0885,1.552,False,0.1668,0.0489,3238.8425,2737.8,3599.1
2829,industrial_logistics,513875.0,4241625.0,49.1776,0.1968,1.0,0.0879,1.552,True,0.5616,0.8704,1247.49,146.0,3425.2
2830,industrial_logistics,514125.0,4241625.0,47.8074,0.2976,0.1826,0.0872,1.552,False,0.1931,0.1783,2714.617,730.9,3639.0
2831,industrial_logistics,514375.0,4241625.0,45.2136,0.744,0.1826,0.0865,1.552,False,0.2344,0.1787,2259.8995,639.7,3374.1
2832,industrial_logistics,514625.0,4241625.0,45.3443,0.3184,0.1826,0.0858,1.552,False,0.1918,0.1783,2764.4565,794.9,3638.0
2833,industrial_logistics,512875.0,4241875.0,41.8896,0.1696,0.1674,0.0936,1.552,False,0.1751,0.1633,2976.715,1046.9,3730.0
2834,industrial_logistics,513125.0,4241875.0,41.8074,0.4096,0.049,0.0924,1.552,False,0.1484,0.0475,3514.1145,3386.0,3685.0
2835,industrial_logistics,513375.0,4241875.0,45.4627,0.3312,0.0503,0.0912,1.552,False,0.1445,0.0485,3472.654,3298.4,3699.0
2836,industrial_logistics,513875.0,4241875.0,49.1489,0.3648,0.0503,0.0897,1.552,False,0.1522,0.0485,3332.5935,2773.5,3676.0
2837,industrial_logistics,514125.0,4241875.0,46.865,0.5888,0.1826,0.089,1.552,False,0.2178,0.1785,2456.701,691.4,3428.0
2838,industrial_logistics,514375.0,4241875.0,43.9229,0.6208,0.1826,0.0883,1.552,False,0.2191,0.1786,2487.3475,740.0,3446.1
2839,industrial_logistics,512875.0,4242125.0,42.4727,0.2608,0.0428,0.0954,1.552,False,0.1348,0.0413,3598.4265,3446.0,3736.0
2840,industrial_logistics,513125.0,4242125.0,45.0933,0.4048,0.0773,0.0942,1.552,False,0.158,0.0749,3294.4085,2634.4,3629.0
2841,industrial_logistics,513375.0,4242125.0,44.9388,0.2256,0.0773,0.0931,1.552,False,0.1438,0.0747,3395.9315,2758.6,3725.0
2842,industrial_logistics,514125.0,4242125.0,44.2282,0.4608,0.1826,0.0909,1.552,False,0.2028,0.1784,2667.3045,789.4,3534.1
2843,industrial_logistics,514375.0,4242125.0,42.1392,0.168,0.1826,0.0901,1.552,False,0.1825,0.1783,2892.888,873.6,3729.0
2844,industrial_logistics,510375.0,4242375.0,44.5454,0.784,0.0212,0.1091,1.862,False,0.209,0.0268,2969.9145,2363.9,3360.1
2845,industrial_logistics,513625.0,4242375.0,46.0802,0.52,0.0372,0.0945,1.552,False,0.1632,0.0369,3362.6265,3058.8,3617.0
2846,industrial_logistics,510125.0,4242625.0,46.5749,0.5408,0.0447,0.113,1.8687,False,0.1849,0.0448,3117.6435,2768.9,3439.1
2847,industrial_logistics,510375.0,4242625.0,45.8785,0.9872,0.2868,0.112,1.862,True,0.3186,0.2816,1318.1965,371.0,2862.0
2848,industrial_logistics,510625.0,4242625.0,45.3402,1.0,0.2231,0.111,1.862,False,0.2937,0.2192,1460.1275,429.8,2937.2
2849,industrial_logistics,510875.0,4242625.0,43.5217,0.9296,0.2231,0.1098,1.862,False,0.2847,0.2191,1595.091,480.0,3022.2
2850,industrial_logistics,511375.0,4242625.0,44.2062,0.8928,0.0128,0.1074,1.862,False,0.2222,0.0234,2785.4325,1925.8,3354.0
2851,industrial_logistics,510125.0,4242875.0,46.1225,0.6768,0.0957,0.1161,1.8687,False,0.2127,0.094,2622.418,1580.0,3183.0
2852,industrial_logistics,510375.0,4242875.0,46.1083,0.912,0.1826,0.1151,1.8687,False,0.2694,0.1793,1681.211,557.0,2991.0
2853,industrial_logistics,510625.0,4242875.0,45.6957,0.9616,0.1674,0.1139,1.862,False,0.2696,0.1645,1668.471,546.9,3001.1
2854,industrial_logistics,510875.0,4242875.0,45.1647,0.8976,0.2008,0.1127,1.862,False,0.2734,0.1972,1674.5315,526.0,3016.0
2855,industrial_logistics,511125.0,4242875.0,45.091,1.0,0.2231,0.1114,1.862,False,0.2937,0.2192,1463.8655,433.0,2941.2
2856,industrial_logistics,511375.0,4242875.0,46.9527,0.8992,0.0837,0.1101,1.862,False,0.2379,0.083,2190.433,1089.8,3106.1
2857,industrial_logistics,511625.0,4242875.0,44.9374,0.9984,0.0193,0.1087,1.9172,False,0.2396,0.0284,2321.2875,1100.0,3210.0
2858,industrial_logistics,510125.0,4243125.0,44.8156,0.8304,0.251,0.1194,1.8687,False,0.2873,0.2464,1617.374,465.0,2952.1
2859,industrial_logistics,510375.0,4243125.0,43.8086,0.728,0.2008,0.1183,1.8687,False,0.2542,0.197,2003.3045,573.0,3084.0
2860,industrial_logistics,510625.0,4243125.0,43.4485,0.7088,0.2008,0.117,1.862,False,0.2515,0.197,2054.6835,579.0,3112.0
2861,industrial_logistics,510875.0,4243125.0,43.8607,0.8208,0.2008,0.1157,1.862,False,0.2642,0.1971,1839.264,553.9,3054.1
2862,industrial_logistics,511125.0,4243125.0,45.0012,0.8736,0.0693,0.1143,1.862,False,0.2305,0.0693,2419.0675,1508.9,3135.0
2863,industrial_logistics,511375.0,4243125.0,45.0003,0.9632,0.0437,0.1128,1.8687,False,0.2376,0.0465,2316.015,1195.6,3163.1
2864,industrial_logistics,511625.0,4243125.0,45.0178,0.9792,0.0287,0.1114,1.8687,False,0.2371,0.0345,2368.0195,1212.8,3222.0
2865,industrial_logistics,510375.0,4243375.0,44.6301,0.8784,0.251,0.1216,1.8687,False,0.2927,0.2465,1537.758,450.0,2912.2
2866,industrial_logistics,510625.0,4243375.0,44.194,0.912,0.251,0.1202,1.8687,False,0.2959,0.2465,1499.3205,442.0,2902.1
2867,industrial_logistics,510875.0,4243375.0,45.573,0.7808,0.3345,0.1188,1.862,False,0.3216,0.3282,1473.481,369.0,2918.1
2868,industrial_logistics,511125.0,4243375.0,44.7716,0.8608,0.2231,0.1173,1.8687,False,0.2786,0.2191,1656.0145,492.0,2981.0
2869,industrial_logistics,511375.0,4243375.0,45.2991,0.8656,0.0718,0.1157,1.8687,False,0.2305,0.0717,2401.1465,1519.8,3111.1
2870,industrial_logistics,511625.0,4243375.0,46.1175,0.9824,0.0419,0.1141,1.8687,False,0.2406,0.0452,2215.0335,1006.8,3140.0
2871,industrial_logistics,510375.0,4243625.0,46.8308,0.9024,0.3345,0.1252,1.8687,True,0.3343,0.3284,1274.5485,351.0,2723.1
2872,industrial_logistics,510625.0,4243625.0,45.6963,0.952,0.251,0.1237,1.8687,True,0.3015,0.2466,1405.68,414.0,2810.4
2873,industrial_logistics,510875.0,4243625.0,45.0688,0.9984,0.251,0.1221,1.8687,False,0.306,0.2466,1367.082,398.9,2814.2
2874,industrial_logistics,511125.0,4243625.0,44.7355,0.9392,0.251,0.1204,1.8687,False,0.2992,0.2465,1448.667,425.0,2869.3
2875,industrial_logistics,511375.0,4243625.0,45.7227,0.9296,0.0874,0.1188,1.8687,False,0.2432,0.0868,2081.5435,920.0,3059.1
2876,industrial_logistics,511625.0,4243625.0,43.7049,0.8944,0.0324,0.117,1.8687,False,0.2262,0.0367,2662.4015,1815.9,3234.1
2877,industrial_logistics,510375.0,4243875.0,47.2919,0.84,0.3345,0.1289,1.8687,True,0.3294,0.3284,1339.1655,360.0,2735.4
2878,industrial_logistics,510625.0,4243875.0,45.7494,0.8208,0.3345,0.1272,1.8687,False,0.3267,0.3284,1391.3015,364.0,2785.5
2879,industrial_logistics,510875.0,4243875.0,44.003,0.8832,0.251,0.1255,1.8687,False,0.2934,0.2465,1532.3085,450.0,2886.0
2880,industrial_logistics,511125.0,4243875.0,44.7484,1.0,0.4013,0.1237,1.8687,False,0.3732,0.3936,1108.539,296.0,2625.3
2881,industrial_logistics,511375.0,4243875.0,44.5724,0.7248,0.2868,0.1219,1.8687,False,0.2934,0.2815,1674.8735,425.9,3001.2
2882,industrial_logistics,511625.0,4243875.0,44.2312,0.7376,0.1545,0.12,1.8687,False,0.2379,0.1516,2199.8815,864.5,3091.0
2883,industrial_logistics,510375.0,4244125.0,45.4715,0.9696,0.251,0.1328,1.8687,True,0.3045,0.2467,1364.882,407.9,2713.1
2884,industrial_logistics,510625.0,4244125.0,45.6524,0.5216,0.1182,0.131,1.8687,False,0.2035,0.1159,2687.049,1351.8,3283.0
2885,industrial_logistics,510875.0,4244125.0,44.1775,0.4672,0.3345,0.1291,1.8687,False,0.298,0.3282,1845.9685,389.0,3235.0
2886,industrial_logistics,511125.0,4244125.0,44.9248,0.8704,0.4013,0.1272,1.8687,False,0.3632,0.3936,1224.124,307.0,2700.0
2887,industrial_logistics,511375.0,4244125.0,45.5423,0.552,0.5013,0.1252,1.8687,False,0.393,0.4905,1421.196,285.0,3047.3
2888,industrial_logistics,512125.0,4244125.0,45.3154,0.4192,0.0137,0.1191,2.2231,False,0.1865,0.0201,3075.9545,2234.7,3579.1
2889,industrial_logistics,512375.0,4244125.0,45.782,0.8608,0.0137,0.1172,2.2231,False,0.2335,0.0246,2349.025,1749.9,2985.1
2890,industrial_logistics,512625.0,4244125.0,42.989,0.8528,0.0148,0.1162,2.2231,False,0.2312,0.025,2493.9905,1870.0,3129.0
2891,industrial_logistics,510125.0,4244375.0,44.5461,0.3904,0.4013,0.1389,1.8687,False,0.3318,0.3936,1720.0645,341.0,3306.0
2892,industrial_logistics,512125.0,4244375.0,47.1813,0.6592,0.019,0.122,1.98,False,0.2013,0.025,2950.503,2544.0,3318.1
2893,industrial_logistics,512375.0,4244375.0,46.9516,0.9104,0.0146,0.1206,1.98,False,0.2319,0.0255,2444.7035,1589.0,3090.0
2894,industrial_logistics,508875.0,4244625.0,45.1617,0.6464,0.0287,0.152,1.763,False,0.194,0.0338,3060.9405,2637.9,3363.0
2895,industrial_logistics,509125.0,4244625.0,44.7827,0.4064,0.0804,0.1505,1.763,False,0.1778,0.0794,3065.5355,2295.6,3498.0
2896,industrial_logistics,512125.0,4244625.0,46.2837,0.8832,0.0127,0.1252,1.98,False,0.2282,0.0247,2545.5135,1770.9,3104.0
2897,industrial_logistics,512375.0,4244625.0,46.9252,1.0,0.0129,0.1242,1.98,False,0.2437,0.0264,2137.0,974.8,3023.0
2898,industrial_logistics,512625.0,4244625.0,45.1251,0.8832,0.0305,0.123,1.7343,False,0.221,0.0352,2712.844,1850.9,3326.0
2899,industrial_logistics,509125.0,4244875.0,45.392,0.4208,0.033,0.1562,1.763,False,0.1702,0.0362,3258.15,2785.7,3572.1
2900,industrial_logistics,512125.0,4246375.0,44.1296,0.9424,0.0221,0.1584,2.1937,False,0.2477,0.0331,2006.9495,1323.8,2561.2
2901,industrial_logistics,512125.0,4246625.0,45.5623,0.9664,0.0095,0.1645,2.2283,False,0.2515,0.0287,1879.9905,1114.9,2500.0
2902,industrial_logistics,519375.0,4246625.0,44.0758,0.712,0.1826,0.0965,0.9049,False,0.2109,0.1787,2542.688,728.8,3665.0
2903,industrial_logistics,519625.0,4246625.0,44.3611,0.7728,0.2008,0.0953,0.9049,False,0.2271,0.1967,2345.978,581.8,3650.0
2904,industrial_logistics,512125.0,4246875.0,45.3867,0.904,0.0084,0.171,2.2283,False,0.2446,0.0283,2054.8415,1511.9,2552.0
2905,industrial_logistics,512375.0,4246875.0,44.823,0.976,0.0054,0.1682,2.2283,False,0.2522,0.0285,1881.879,1090.9,2512.1
2906,industrial_logistics,519125.0,4246875.0,43.7459,0.2736,0.0837,0.0998,0.9049,False,0.1136,0.0809,3496.1185,2983.5,3764.0
2907,industrial_logistics,519375.0,4246875.0,45.1128,0.8368,0.1674,0.0985,0.9049,False,0.2232,0.1639,2373.4315,681.0,3644.0
2908,industrial_logistics,519625.0,4246875.0,45.263,0.8896,0.2008,0.0972,0.9049,False,0.2437,0.1968,2127.0495,541.9,3632.1
2909,industrial_logistics,519875.0,4246875.0,46.0221,0.704,0.4013,0.0959,0.9049,False,0.3218,0.3929,1787.5745,327.0,3620.0
2910,industrial_logistics,511875.0,4247125.0,44.531,0.9728,0.0146,0.181,2.4608,False,0.263,0.0324,1634.0965,927.7,2274.0
2911,industrial_logistics,512125.0,4247125.0,45.8723,1.0,0.0081,0.1781,2.2283,False,0.2574,0.0302,1730.5485,861.0,2395.4
2912,industrial_logistics,512375.0,4247125.0,45.3528,1.0,0.0091,0.1749,2.2283,False,0.2568,0.0301,1753.616,876.9,2425.0
2913,industrial_logistics,519625.0,4247125.0,43.2532,0.36,0.6678,0.0992,0.9049,False,0.4392,0.6469,1661.598,249.0,3654.0
2914,industrial_logistics,511875.0,4247375.0,45.7572,1.0,0.0059,0.189,2.4608,False,0.2665,0.0314,1536.2885,737.8,2203.1
2915,industrial_logistics,512125.0,4247375.0,46.0032,0.9984,0.0068,0.1856,2.2283,False,0.2581,0.0307,1711.538,858.7,2364.0
2916,industrial_logistics,512375.0,4247375.0,45.2498,0.9744,0.0072,0.182,2.2283,False,0.2544,0.0301,1816.7415,1054.7,2418.3
2917,industrial_logistics,511875.0,4247625.0,45.9216,0.9904,0.0044,0.1977,2.4608,False,0.2666,0.0321,1534.9825,808.8,2166.1
2918,industrial_logistics,512125.0,4247625.0,45.0129,0.9648,0.0061,0.1938,2.2283,False,0.2547,0.0311,1819.5675,1122.5,2373.2
2919,industrial_logistics,512375.0,4247625.0,45.2162,1.0,0.0061,0.1897,2.2283,False,0.2584,0.0311,1720.8685,873.0,2360.1
2920,industrial_logistics,512625.0,4247625.0,44.8116,1.0,0.006,0.1854,2.2283,False,0.2576,0.0306,1750.0345,891.8,2399.0
2921,industrial_logistics,520375.0,4247625.0,41.874,0.392,0.1545,0.0987,0.9049,False,0.156,0.1507,3103.99,1252.9,3746.0
2922,industrial_logistics,520625.0,4247625.0,42.6253,0.5552,0.1545,0.0972,0.9049,False,0.1762,0.1509,2946.4845,1191.5,3718.0
2923,industrial_logistics,511875.0,4247875.0,45.009,0.984,0.0039,0.2071,2.4608,False,0.2667,0.033,1549.673,868.0,2141.1
2924,industrial_logistics,516625.0,4247875.0,42.5493,0.7872,1.0,0.1238,0.9049,False,0.5751,0.8753,1054.9255,63.0,3276.1
2925,industrial_logistics,520625.0,4247875.0,42.8571,0.488,0.2008,0.099,2.1684,False,0.2404,0.1966,2187.607,612.9,3285.1
2926,industrial_logistics,511875.0,4248125.0,45.2995,0.9904,0.0053,0.2174,2.4608,False,0.2693,0.0344,1488.3135,796.0,2073.0
2927,industrial_logistics,512125.0,4248125.0,45.0159,0.9616,0.0077,0.2122,2.4608,False,0.2655,0.0338,1580.0485,978.8,2127.2
2928,industrial_logistics,512375.0,4248125.0,43.7471,0.7904,0.0075,0.2067,2.4608,False,0.2452,0.0314,2073.4505,1484.6,2661.1
2929,industrial_logistics,511875.0,4248375.0,45.2876,1.0,0.0055,0.2285,2.4608,False,0.2722,0.0358,1432.551,706.9,2014.1
2930,industrial_logistics,512125.0,4248375.0,44.6177,0.9696,0.006,0.2225,2.4608,False,0.2676,0.0348,1545.4225,946.8,2087.1
2931,industrial_logistics,512375.0,4248375.0,43.2579,0.9568,0.0081,0.2162,2.4608,False,0.2649,0.0343,1639.399,1059.9,2198.1
2932,industrial_logistics,516625.0,4248375.0,41.7851,0.9088,0.0172,0.1316,0.9049,False,0.1977,0.0263,3067.083,2006.0,3719.1
2933,industrial_logistics,516875.0,4248375.0,41.3783,0.2192,0.0287,0.1301,0.9049,False,0.0953,0.0294,3698.129,3627.9,3772.0
2934,industrial_logistics,511875.0,4248625.0,45.0845,0.9616,0.0053,0.2407,2.4608,False,0.2698,0.0369,1499.76,943.8,2003.3
2935,industrial_logistics,512125.0,4248625.0,43.7844,0.9984,0.0067,0.2336,2.4608,False,0.2723,0.0366,1459.952,746.6,2037.2
2936,industrial_logistics,511875.0,4248875.0,44.9486,0.9936,0.0062,0.254,2.5656,False,0.2792,0.0391,1327.8505,691.9,1876.1
2937,industrial_logistics,512125.0,4248875.0,43.2529,0.9664,0.0091,0.2456,2.4608,False,0.2709,0.0381,1517.987,956.9,2045.0
2938,industrial_logistics,511875.0,4249125.0,44.8769,0.9776,0.0076,0.2685,2.5656,False,0.2802,0.0409,1325.653,761.6,1830.1
2939,industrial_logistics,518625.0,4249625.0,39.7177,0.1952,0.3345,0.1338,0.9049,False,0.2538,0.3281,2354.551,403.0,3749.0
2940,industrial_logistics,520625.0,4250875.0,43.732,0.7024,0.251,0.1232,2.0306,False,0.2799,0.2463,1716.8025,478.0,2858.0
2941,industrial_logistics,520625.0,4251625.0,45.0548,0.808,0.1182,0.1292,2.1774,False,0.2485,0.1165,1907.241,1041.7,2639.0
2942,industrial_logistics,520625.0,4251875.0,44.9434,0.936,0.1116,0.1312,2.1774,False,0.2622,0.1105,1618.833,739.0,2495.1
2943,industrial_logistics,520875.0,4251875.0,45.7578,0.872,0.0628,0.1274,2.0306,False,0.2371,0.0637,2203.0465,1490.9,2805.2
2944,industrial_logistics,521125.0,4251875.0,45.1024,0.7552,0.0515,0.1238,2.0306,False,0.2193,0.0526,2614.5795,2157.0,3007.0
2945,industrial_logistics,520625.0,4252125.0,44.8409,0.9472,0.0773,0.133,2.1774,False,0.2553,0.0779,1747.2275,869.9,2551.1
2946,industrial_logistics,520875.0,4252125.0,45.5233,0.7648,0.0543,0.1291,2.0306,False,0.2219,0.0554,2538.403,2081.8,2937.0
2947,industrial_logistics,516375.0,4252375.0,44.5619,0.7152,0.0095,0.2552,2.2604,False,0.2385,0.037,2192.6975,1662.9,2820.2
2948,industrial_logistics,520625.0,4252375.0,45.1673,0.8544,0.0609,0.1348,2.1774,False,0.2407,0.0622,2099.172,1552.0,2642.1
2949,industrial_logistics,521625.0,4252375.0,46.0977,0.4688,0.0261,0.1197,2.1684,False,0.1902,0.0289,3011.483,2279.8,3497.1
2950,industrial_logistics,520625.0,4252625.0,45.5644,0.7088,0.0176,0.1364,2.1774,False,0.2162,0.0262,2671.4295,2212.9,3117.2
2951,industrial_logistics,521375.0,4252625.0,45.1723,0.7936,0.033,0.1246,2.0306,False,0.2209,0.0368,2643.8955,2148.0,3034.0
2952,industrial_logistics,521625.0,4252625.0,45.6392,0.8384,0.0359,0.1211,2.1684,False,0.2324,0.0396,2343.8815,1830.8,2883.4
2953,industrial_logistics,519625.0,4252875.0,45.7372,0.5536,0.0265,0.1585,2.1774,False,0.2039,0.0326,2790.448,2196.9,3314.0
2954,industrial_logistics,521125.0,4252875.0,45.1155,0.9792,0.0216,0.1299,2.0306,False,0.2435,0.0309,2139.545,1126.8,2894.1
2955,industrial_logistics,521375.0,4252875.0,44.8499,0.736,0.0228,0.1261,2.1684,False,0.218,0.029,2674.227,2210.0,3108.1
2956,industrial_logistics,515125.0,4253125.0,42.9262,0.8464,0.0078,0.3812,2.6278,False,0.2917,0.055,1355.1385,889.0,1982.3
2957,industrial_logistics,515375.0,4253125.0,43.0741,0.7536,0.0112,0.3662,2.6278,False,0.2807,0.053,1560.6885,988.0,2408.3
2958,industrial_logistics,518875.0,4253125.0,45.2667,1.0,0.251,0.1812,2.1774,False,0.3246,0.2476,1039.507,379.0,1943.0
2959,industrial_logistics,519125.0,4253125.0,47.4347,0.8224,0.1058,0.1739,2.1774,False,0.2544,0.1056,1733.6985,1027.7,2225.0
2960,industrial_logistics,515125.0,4253375.0,43.8783,0.9344,0.0088,0.4178,2.6278,False,0.3084,0.0605,1073.099,660.0,1509.0
2961,industrial_logistics,515375.0,4253375.0,43.9052,0.9184,0.0099,0.3971,2.6278,False,0.3026,0.0578,1144.0065,740.9,1583.1
2962,industrial_logistics,518875.0,4253375.0,44.7738,0.7616,0.0258,0.1841,2.1774,False,0.2299,0.0359,2374.7595,2051.0,2746.0
2963,industrial_logistics,519125.0,4253375.0,46.0936,0.6544,0.0574,0.1764,2.1774,False,0.2231,0.06,2392.316,1909.3,2902.1
2964,industrial_logistics,519375.0,4253375.0,47.9439,0.6848,0.0319,0.1696,2.1774,False,0.222,0.0383,2437.9865,1983.0,2944.0
2965,industrial_logistics,519625.0,4253375.0,48.2071,0.9696,0.0173,0.1633,2.1774,False,0.2526,0.0314,1812.5365,982.8,2469.2
2966,industrial_logistics,515125.0,4253625.0,45.4955,0.84,0.0094,0.4602,2.6278,False,0.3112,0.0659,1136.838,674.9,1757.0
2967,industrial_logistics,515375.0,4253625.0,45.3844,1.0,0.0106,0.4314,2.6278,False,0.3182,0.063,914.9385,451.0,1371.2
2968,industrial_logistics,515625.0,4253625.0,45.0351,0.9712,0.0089,0.4026,2.6278,False,0.3088,0.0587,1013.6095,575.9,1450.0
2969,industrial_logistics,519125.0,4253625.0,45.1477,0.8096,0.0419,0.1797,1.9553,False,0.2291,0.0474,2424.661,1988.9,2820.0
2970,industrial_logistics,519375.0,4253625.0,44.9443,0.7952,0.0272,0.1726,1.9553,False,0.2235,0.0357,2585.924,2151.0,2940.0
2971,industrial_logistics,519625.0,4253625.0,45.5318,0.8768,0.0186,0.1659,2.0306,False,0.2348,0.0309,2328.982,1771.7,2756.0
2972,industrial_logistics,514625.0,4253875.0,43.7693,0.8912,0.0148,0.5666,1.1312,False,0.305,0.0808,1725.7635,500.0,3560.2
2973,industrial_logistics,515625.0,4253875.0,44.452,0.8304,0.0083,0.4332,2.6278,False,0.3032,0.062,1232.787,753.9,1903.9
2974,industrial_logistics,519125.0,4253875.0,44.8773,0.9856,0.0359,0.1828,1.9553,False,0.2509,0.0444,1937.593,969.9,2755.0
2975,industrial_logistics,519375.0,4253875.0,45.7564,0.9552,0.0272,0.1752,1.9553,False,0.2449,0.0374,2085.9175,1212.0,2813.0
2976,industrial_logistics,519625.0,4253875.0,45.7802,0.9936,0.0296,0.1683,1.9553,False,0.2493,0.0388,1972.158,917.8,2805.0
2977,industrial_logistics,519875.0,4253875.0,44.7919,0.9472,0.0207,0.1618,1.9553,False,0.2405,0.0324,2247.7335,1404.0,2920.0
2978,industrial_logistics,520375.0,4253875.0,45.5852,0.968,0.0219,0.1502,2.0306,False,0.2448,0.0324,2077.484,1157.0,2744.2
2979,industrial_logistics,514875.0,4254125.0,45.9007,0.9792,0.03,0.6186,2.6278,True,0.3649,0.0925,665.5205,292.0,1127.1
2980,industrial_logistics,519125.0,4254125.0,45.7638,0.7312,0.0437,0.1855,1.9553,False,0.221,0.0489,2538.3985,2132.9,2896.1
2981,industrial_logistics,519375.0,4254125.0,46.2664,0.9424,0.0314,0.1776,1.9553,False,0.2446,0.0404,2073.4595,1256.9,2785.0
2982,industrial_logistics,519625.0,4254125.0,45.8688,0.84,0.0319,0.1704,1.9553,False,0.2302,0.0393,2417.3215,1887.6,2862.0
2983,industrial_logistics,519875.0,4254125.0,45.5888,0.8944,0.0296,0.1637,1.9553,False,0.2357,0.0375,2317.2595,1633.6,2864.1
2984,industrial_logistics,520125.0,4254125.0,45.927,0.848,0.0437,0.1574,1.9553,False,0.2315,0.0478,2369.902,1797.0,2827.0
2985,industrial_logistics,520375.0,4254125.0,46.3494,0.9648,0.041,0.1516,2.1761,False,0.2532,0.0463,1787.7065,921.0,2481.0
2986,industrial_logistics,520625.0,4254125.0,46.0745,0.8752,0.0467,0.1462,2.0306,False,0.2369,0.0501,2215.4625,1603.6,2690.1
2987,industrial_logistics,520875.0,4254125.0,46.6893,0.992,0.0574,0.1412,2.0306,False,0.2536,0.06,1809.276,773.9,2624.1
2988,industrial_logistics,521125.0,4254125.0,45.8405,0.8224,0.0365,0.1365,2.0306,False,0.227,0.0406,2476.538,1956.8,2873.1
2989,industrial_logistics,522875.0,4254125.0,45.4635,0.816,0.0226,0.1105,2.0061,False,0.2198,0.0284,2720.19,2118.5,3185.0
2990,industrial_logistics,524625.0,4254125.0,43.485,0.7936,0.0341,0.0928,2.0061,False,0.2158,0.0364,2836.2225,2284.0,3342.1
2991,industrial_logistics,524875.0,4254125.0,43.95,0.96,0.1435,0.0907,2.0061,False,0.2632,0.1409,1738.102,625.6,2935.3
2992,industrial_logistics,519125.0,4254375.0,44.5215,0.5488,0.0467,0.1879,1.9553,False,0.2003,0.0507,2860.245,2295.8,3286.0
2993,industrial_logistics,519375.0,4254375.0,45.3034,0.9856,0.0353,0.1797,1.9553,False,0.2505,0.0437,1937.0115,944.7,2755.1
2994,industrial_logistics,519625.0,4254375.0,46.8838,0.992,0.0447,0.1722,1.9553,False,0.2528,0.0505,1849.104,830.9,2692.0
2995,industrial_logistics,519875.0,4254375.0,46.5586,0.9248,0.0437,0.1652,1.9553,False,0.2428,0.0488,2086.691,1292.0,2754.1
2996,industrial_logistics,520375.0,4254375.0,45.7131,0.8896,0.1545,0.1529,2.1761,False,0.2727,0.1525,1466.0685,636.0,2265.0
2997,industrial_logistics,520625.0,4254375.0,45.0829,0.8304,0.0558,0.1473,2.1761,False,0.2382,0.058,2155.835,1706.8,2586.0
2998,industrial_logistics,521125.0,4254375.0,45.8546,0.9664,0.0467,0.1374,2.0306,False,0.2473,0.0503,1963.7875,990.8,2712.0
2999,industrial_logistics,521375.0,4254375.0,45.5937,0.9296,0.0648,0.1329,2.0061,False,0.2446,0.066,2023.8225,1090.8,2748.0
3000,industrial_logistics,522125.0,4254375.0,45.7857,0.9872,0.041,0.121,2.0061,False,0.2462,0.0449,2030.4805,930.0,2902.1
3001,industrial_logistics,522375.0,4254375.0,46.1979,0.9872,0.0197,0.1175,2.0061,False,0.2427,0.0291,2157.0785,1053.9,3020.0
3002,industrial_logistics,523875.0,4254375.0,45.7156,0.8928,0.0178,0.1,2.0061,False,0.2282,0.0257,2571.988,1770.0,3215.5
3003,industrial_logistics,524125.0,4254375.0,45.7935,0.9968,0.0175,0.0976,2.0061,False,0.2415,0.0269,2224.632,1045.8,3173.0
3004,industrial_logistics,524375.0,4254375.0,45.7851,0.8544,0.0188,0.0953,2.0061,False,0.2229,0.0256,2679.27,1950.5,3278.1
3005,industrial_logistics,524625.0,4254375.0,43.1754,0.2464,0.0176,0.0931,2.0061,False,0.1584,0.0193,3495.594,3060.9,3735.0
3006,industrial_logistics,524875.0,4254375.0,44.2847,0.744,0.0254,0.0909,2.0061,False,0.2084,0.0288,2954.642,2474.8,3398.1
3007,industrial_logistics,525125.0,4254375.0,44.7053,0.8176,0.0254,0.0889,2.0061,False,0.2179,0.0295,2794.2765,2166.7,3334.0
3008,industrial_logistics,519375.0,4254625.0,45.8463,0.7504,0.0558,0.1814,1.9553,False,0.2251,0.0591,2436.8695,2044.0,2818.0
3009,industrial_logistics,519625.0,4254625.0,46.7832,0.9408,0.0447,0.1737,1.9553,False,0.2464,0.0502,1990.941,1152.9,2713.1
3010,industrial_logistics,521125.0,4254625.0,45.6862,0.8752,0.0744,0.1381,2.1761,False,0.2468,0.075,1928.3995,1308.0,2542.0
3011,industrial_logistics,523625.0,4254625.0,45.2571,0.896,0.0181,0.1028,2.0061,False,0.2286,0.0261,2573.866,1768.9,3205.0
3012,industrial_logistics,523875.0,4254625.0,45.6725,0.9008,0.0186,0.1002,2.0061,False,0.2293,0.0263,2543.838,1722.9,3206.0
3013,industrial_logistics,524125.0,4254625.0,45.5753,0.9712,0.0166,0.0978,2.0061,False,0.2379,0.0261,2335.764,1270.8,3196.1
3014,industrial_logistics,524375.0,4254625.0,46.957,0.904,0.0193,0.0955,2.0061,False,0.2302,0.0266,2485.567,1620.0,3210.1
3015,industrial_logistics,524625.0,4254625.0,46.6057,0.9424,0.0212,0.0933,2.0061,False,0.235,0.0282,2374.7355,1393.8,3200.3
3016,industrial_logistics,524875.0,4254625.0,45.5006,0.7184,0.0283,0.0911,2.0061,False,0.2065,0.0309,2931.513,2465.0,3375.0
3017,industrial_logistics,525125.0,4254625.0,44.5167,0.5408,0.0359,0.0891,2.0061,False,0.1859,0.0361,3185.332,2777.9,3523.0
3018,industrial_logistics,513625.0,4254875.0,44.7472,0.9952,0.6678,0.895,1.1312,True,0.6509,0.6711,426.93,13.0,1309.1
3019,industrial_logistics,521125.0,4254875.0,45.3666,0.88,0.1005,0.1386,2.1761,False,0.2536,0.0998,1776.723,1002.9,2489.3
3020,industrial_logistics,521375.0,4254875.0,46.1417,0.864,0.0251,0.134,2.1761,False,0.2359,0.0323,2259.3805,1712.9,2782.1
3021,industrial_logistics,523875.0,4254875.0,43.9308,0.6432,0.0251,0.1004,2.0061,False,0.1966,0.0281,3112.5605,2737.0,3441.0
3022,industrial_logistics,524125.0,4254875.0,44.3382,0.7456,0.0205,0.098,2.0061,False,0.2086,0.0255,2958.3785,2490.0,3371.0
3023,industrial_logistics,524375.0,4254875.0,47.069,0.9328,0.0212,0.0956,2.0061,False,0.2343,0.0281,2378.885,1421.3,3183.0
3024,industrial_logistics,524625.0,4254875.0,48.1637,0.8848,0.0239,0.0934,2.0061,False,0.229,0.0293,2471.999,1656.9,3202.2
3025,industrial_logistics,524875.0,4254875.0,45.3465,0.6224,0.0365,0.0913,2.0061,False,0.1961,0.0372,3043.3275,2635.9,3436.1
3026,industrial_logistics,513375.0,4255125.0,42.0337,0.9984,1.0,0.9476,3.0766,False,0.8705,0.9894,25.5685,2.0,55.1
3027,industrial_logistics,513625.0,4255125.0,44.7636,1.0,0.6678,0.8533,1.1312,False,0.6443,0.6704,438.457,17.0,1357.2
3028,industrial_logistics,515875.0,4255125.0,44.939,0.784,0.0095,0.5025,1.948,False,0.2967,0.0711,1639.3585,640.9,2813.0
3029,industrial_logistics,516125.0,4255125.0,44.7465,0.8352,0.0075,0.4485,1.948,False,0.286,0.0636,1678.782,762.0,2770.2
3030,industrial_logistics,516375.0,4255125.0,45.4502,0.8384,0.0092,0.4045,1.948,False,0.2754,0.0578,1759.549,891.0,2777.1
3031,industrial_logistics,516625.0,4255125.0,46.2625,0.9312,0.012,0.368,1.948,False,0.2769,0.0538,1608.7185,943.0,2621.1
3032,industrial_logistics,516875.0,4255125.0,45.9322,0.992,0.0119,0.3374,1.948,False,0.2765,0.0501,1544.2825,761.0,2606.2
3033,industrial_logistics,517125.0,4255125.0,44.2908,0.9472,0.006,0.3115,1.948,False,0.2641,0.0454,1813.6735,1122.8,2771.2
3034,industrial_logistics,513625.0,4255375.0,38.6566,1.0,0.6678,0.9753,1.1312,True,0.6596,0.6722,434.2695,10.0,1489.1
3035,industrial_logistics,515875.0,4255375.0,46.7807,1.0,0.0097,0.5154,1.948,True,0.3195,0.0737,1149.3185,487.0,2329.2
3036,industrial_logistics,516125.0,4255375.0,45.7624,0.984,0.0143,0.4567,1.948,False,0.3038,0.0665,1284.0455,615.9,2430.0
3037,industrial_logistics,525625.0,4255375.0,44.9994,0.3904,0.0394,0.0856,2.0061,False,0.1721,0.0386,3292.9205,2743.9,3627.0
3038,industrial_logistics,516125.0,4255625.0,45.6423,1.0,0.013,0.455,1.948,False,0.3047,0.0661,1263.884,565.8,2429.2
3039,industrial_logistics,522375.0,4255625.0,45.2484,0.9504,0.0091,0.1185,2.0054,False,0.236,0.024,2393.361,1456.5,3087.0
3040,industrial_logistics,522625.0,4255625.0,45.6452,0.7472,0.0128,0.1151,2.0054,False,0.2104,0.0222,2884.4885,2398.7,3281.3
3041,industrial_logistics,525625.0,4255625.0,44.1396,0.936,0.0347,0.0855,1.9992,False,0.2339,0.0379,2449.1305,1475.9,3257.0
3042,industrial_logistics,522125.0,4255875.0,45.7839,0.8608,0.0072,0.122,2.0054,False,0.2249,0.0224,2630.6275,1927.9,3143.4
3043,industrial_logistics,522375.0,4255875.0,46.5052,1.0,0.0111,0.1183,2.0054,False,0.2434,0.0253,2146.634,999.9,3037.1
3044,industrial_logistics,522625.0,4255875.0,46.8531,0.9872,0.0184,0.115,2.0054,False,0.2426,0.0282,2150.4465,1034.0,3037.1
3045,industrial_logistics,522875.0,4255875.0,45.9701,0.8192,0.0479,0.1117,2.0054,False,0.2248,0.0492,2527.051,1923.8,3071.0
3046,industrial_logistics,523125.0,4255875.0,44.5452,0.9344,1.0,0.1087,2.0054,False,0.5996,0.8739,666.671,32.0,2059.5
3047,industrial_logistics,522375.0,4256125.0,46.1852,0.7872,0.0173,0.1181,2.0054,False,0.2167,0.0252,2752.459,2193.8,3181.0
3048,industrial_logistics,522625.0,4256125.0,46.485,0.8768,0.0228,0.1147,2.0054,False,0.2287,0.0295,2502.6105,1760.0,3088.1
3049,industrial_logistics,522875.0,4256125.0,45.8031,0.856,0.0275,0.1115,2.0054,False,0.226,0.0325,2573.012,1884.9,3119.0
3050,industrial_logistics,523125.0,4256125.0,44.6533,0.9728,0.0137,0.1085,1.9945,False,0.2379,0.0253,2373.0895,1336.8,3170.0
3051,industrial_logistics,522625.0,4256375.0,44.0804,0.6912,1.0,0.1144,1.9945,False,0.5936,0.8745,836.86,59.9,2537.3
3052,industrial_logistics,522875.0,4256375.0,45.134,0.8128,0.0347,0.1112,1.9945,False,0.2207,0.0377,2682.082,2090.0,3148.0
3053,industrial_logistics,523125.0,4256375.0,46.0527,0.9904,0.0109,0.1083,1.9945,False,0.2405,0.0244,2257.548,1119.0,3140.0
3054,industrial_logistics,522875.0,4256625.0,44.7227,0.9712,0.1545,0.1109,1.9945,False,0.2701,0.152,1614.764,572.6,2765.0
3055,industrial_logistics,523125.0,4256625.0,44.5753,0.9168,0.3345,0.1079,1.9945,False,0.3358,0.3282,1248.3095,356.0,2618.1
3056,industrial_logistics,521875.0,4256875.0,42.6624,0.864,0.014,0.1238,2.3014,False,0.2362,0.0254,2362.5845,1687.0,3044.0
3057,industrial_logistics,522125.0,4256875.0,45.807,0.968,0.0191,0.1202,2.3014,False,0.2506,0.0292,1904.815,1031.9,2768.2
3058,industrial_logistics,521875.0,4257125.0,44.2898,0.7776,0.0126,0.123,2.3014,False,0.2265,0.0237,2514.839,1865.9,3103.1
3059,industrial_logistics,522125.0,4257125.0,45.4668,1.0,0.0212,0.1194,2.3014,False,0.2545,0.0307,1814.335,827.9,2755.0
3060,industrial_logistics,522375.0,4257125.0,46.5852,0.7728,0.0347,0.116,2.3014,False,0.2298,0.0379,2344.962,1699.9,2971.0
3061,industrial_logistics,521875.0,4257375.0,43.8122,0.9088,0.0111,0.1221,2.3014,False,0.2415,0.0248,2208.053,1542.8,2931.2
3062,industrial_logistics,522125.0,4257375.0,43.902,1.0,0.0149,0.1186,2.3014,False,0.2528,0.0274,1905.9095,901.9,2858.3
3063,industrial_logistics,522375.0,4257375.0,43.3,0.8016,0.0216,0.1153,2.3014,False,0.2292,0.0284,2486.0835,1839.0,3107.1
3064,industrial_logistics,522125.0,4257625.0,41.554,0.776,0.018,0.1177,2.3014,False,0.2251,0.026,2611.4255,1905.7,3268.0
3065,industrial_logistics,522375.0,4257625.0,43.2376,0.2656,0.0467,0.1144,2.3014,False,0.184,0.0464,3049.7265,1906.9,3663.1
3066,industrial_logistics,503375.0,4258125.0,38.7402,0.7888,0.0628,0.7004,2.6955,False,0.3812,0.1161,805.644,282.0,1569.6
3067,industrial_logistics,503625.0,4258125.0,40.0441,0.736,0.0628,0.649,2.6955,False,0.365,0.11,924.6295,360.0,1940.1
3068,industrial_logistics,503875.0,4258125.0,41.2368,0.6448,0.1058,0.7418,2.6955,False,0.3968,0.1464,797.926,235.0,2014.0
3069,industrial_logistics,502625.0,4258375.0,41.8556,0.4992,0.1435,0.6744,2.6955,False,0.3834,0.1688,923.6745,321.0,2496.4
3070,industrial_logistics,502875.0,4258375.0,41.7509,0.7328,0.0744,0.6833,2.6955,False,0.3774,0.1204,826.5465,305.0,1719.2
3071,industrial_logistics,503125.0,4258375.0,44.1701,0.9632,0.0558,0.6657,2.6955,False,0.3828,0.1089,576.05,253.8,983.1
3072,industrial_logistics,503375.0,4258375.0,45.5115,0.9232,0.0558,0.6084,2.6955,False,0.3664,0.102,653.859,346.0,1029.0
3073,industrial_logistics,503625.0,4258375.0,45.6679,1.0,0.0558,0.6051,2.6955,True,0.371,0.1019,602.8475,256.0,997.1
3074,industrial_logistics,502625.0,4258625.0,45.2,0.9136,0.1005,0.594,2.6955,False,0.3741,0.1291,580.5845,340.9,830.1
3075,industrial_logistics,502875.0,4258625.0,45.5412,0.904,0.0574,0.5839,2.6955,False,0.3594,0.1,697.078,395.0,1060.1
3076,industrial_logistics,503125.0,4258625.0,45.1969,0.8272,0.0447,0.5753,2.6955,False,0.3486,0.0923,854.688,451.0,1317.2
3077,industrial_logistics,503375.0,4258625.0,45.8414,0.9984,0.049,0.5432,2.6955,False,0.3544,0.0911,676.333,312.9,1079.2
3078,industrial_logistics,503625.0,4258625.0,47.0437,0.9984,0.0609,0.5596,2.6955,True,0.3617,0.0994,630.267,285.0,1010.1
3079,industrial_logistics,503875.0,4258625.0,46.4899,0.9344,0.0837,0.6178,2.6955,False,0.3772,0.1197,568.2215,288.9,879.2
3080,industrial_logistics,504125.0,4258625.0,47.1919,0.9696,0.1545,0.6594,2.6955,True,0.412,0.1774,420.991,185.9,644.0
3081,industrial_logistics,504375.0,4258625.0,47.1554,0.7072,0.251,0.6988,2.6955,True,0.4435,0.2648,446.878,226.0,666.2
3082,industrial_logistics,504625.0,4258625.0,45.4481,0.4336,0.5013,0.7457,2.6955,True,0.5628,0.5054,450.315,59.0,944.3
3083,industrial_logistics,502625.0,4258875.0,45.2164,0.8624,0.0744,0.5307,2.6955,False,0.3471,0.1044,771.874,500.0,1045.0
3084,industrial_logistics,502875.0,4258875.0,43.8248,0.7568,0.0574,0.5097,2.6955,False,0.3291,0.091,1039.2215,584.0,1833.4
3085,industrial_logistics,503125.0,4258875.0,46.9097,0.8992,0.0574,0.5047,2.6955,False,0.3398,0.0909,782.5865,488.9,1109.1
3086,industrial_logistics,503375.0,4258875.0,47.5412,0.84,0.0837,0.4853,2.6955,False,0.3373,0.1065,816.017,565.0,1044.0
3087,industrial_logistics,503625.0,4258875.0,47.4095,0.9424,0.1435,0.5081,2.6955,True,0.3687,0.1576,566.772,315.8,770.0
3088,industrial_logistics,503875.0,4258875.0,47.7237,0.6608,0.2868,0.5443,2.6955,True,0.4154,0.2921,568.812,384.0,754.3
3089,industrial_logistics,504125.0,4258875.0,47.6083,0.7232,0.1826,0.5702,2.6955,True,0.3831,0.1958,636.7245,444.0,782.5
3090,industrial_logistics,504375.0,4258875.0,48.2646,0.6336,0.0913,0.6046,2.6955,True,0.3574,0.1229,924.4015,418.0,2088.4
3091,industrial_logistics,504625.0,4258875.0,46.739,0.6336,0.0837,0.6291,2.6955,False,0.3613,0.1202,929.6815,384.0,2138.1
3092,industrial_logistics,502625.0,4259125.0,44.9314,0.3664,0.1545,0.4769,2.6955,False,0.3245,0.1648,1251.948,649.0,2974.3
3093,industrial_logistics,502875.0,4259125.0,44.0147,0.4288,0.0837,0.4521,2.6955,False,0.2986,0.1026,1497.108,732.0,3051.2
3094,industrial_logistics,503125.0,4259125.0,47.3452,0.7664,0.4013,0.449,2.6955,True,0.4525,0.4005,459.3335,286.0,709.1
3095,industrial_logistics,503375.0,4259125.0,46.9328,0.9376,0.1339,0.4364,2.6955,False,0.3474,0.1447,666.4475,371.8,892.0
3096,industrial_logistics,503625.0,4259125.0,47.5486,0.984,0.0693,0.4598,2.6955,True,0.339,0.0941,727.7585,357.9,1055.0
3097,industrial_logistics,503875.0,4259125.0,49.4059,0.9472,0.0874,0.4832,2.6955,False,0.3471,0.1093,674.9865,352.7,959.1
3098,industrial_logistics,504125.0,4259125.0,48.9846,0.9712,0.1339,0.5029,2.6955,True,0.3672,0.149,571.158,286.9,796.0
3099,industrial_logistics,504375.0,4259125.0,49.5251,0.968,0.1339,0.5294,2.6955,True,0.3737,0.1508,544.4325,273.7,764.1
3100,industrial_logistics,504625.0,4259125.0,46.8176,0.8992,0.0957,0.5438,2.2827,False,0.3475,0.1208,788.522,474.0,1260.2
3101,industrial_logistics,505875.0,4259125.0,44.0854,0.9136,0.0457,0.5288,2.2827,False,0.331,0.0872,970.0525,532.0,1507.1
3102,industrial_logistics,506125.0,4259125.0,44.0913,0.8832,0.0591,0.5069,2.2827,False,0.3259,0.0919,1009.688,589.0,1479.0
3103,industrial_logistics,502625.0,4259375.0,44.6732,0.4224,0.2868,0.4305,2.6955,False,0.3688,0.2882,961.6905,415.0,2555.3
3104,industrial_logistics,502875.0,4259375.0,45.9956,0.8064,0.251,0.41,2.6955,True,0.3734,0.2532,623.4465,415.0,827.1
3105,industrial_logistics,503125.0,4259375.0,47.0121,0.9296,0.0387,0.4042,2.6955,False,0.3142,0.069,936.955,558.9,1278.1
3106,industrial_logistics,503375.0,4259375.0,47.9502,0.992,0.0574,0.3968,2.6955,False,0.3228,0.0797,827.42,395.0,1177.1
3107,industrial_logistics,503625.0,4259375.0,48.8768,0.9984,0.0693,0.4173,2.6955,True,0.3311,0.0901,764.8685,359.9,1094.0
3108,industrial_logistics,503875.0,4259375.0,48.4943,0.9872,0.0874,0.4335,2.2827,True,0.3255,0.105,863.5945,409.0,1329.3
3109,industrial_logistics,504125.0,4259375.0,48.3648,0.9904,0.0957,0.4521,2.2827,True,0.3325,0.1131,818.864,391.9,1285.1
3110,industrial_logistics,504375.0,4259375.0,47.9676,0.9968,0.0804,0.47,2.2827,True,0.3332,0.1029,827.297,392.0,1334.0
3111,industrial_logistics,504625.0,4259375.0,44.1365,0.8096,0.0957,0.4788,2.2827,False,0.3217,0.1148,1056.3065,669.0,1534.0
3112,industrial_logistics,502625.0,4259625.0,46.1048,0.5168,0.3345,0.3912,2.6955,False,0.3876,0.3336,841.748,365.0,1963.2
3113,industrial_logistics,502875.0,4259625.0,49.5015,0.9728,0.0574,0.3765,2.6955,True,0.3173,0.0776,861.7465,419.0,1220.0
3114,industrial_logistics,503125.0,4259625.0,47.6243,1.0,0.0437,0.3673,2.6955,True,0.314,0.0679,902.7475,423.9,1295.0
3115,industrial_logistics,503375.0,4259625.0,47.7985,0.9984,0.0457,0.3659,2.6955,False,0.314,0.069,900.3875,422.9,1291.1
3116,industrial_logistics,503625.0,4259625.0,49.1201,0.992,0.0529,0.3809,2.2827,False,0.3057,0.0748,1021.6745,475.9,1504.1
3117,industrial_logistics,503875.0,4259625.0,49.4996,1.0,0.0773,0.393,2.2827,True,0.3151,0.0937,932.356,428.0,1403.0
3118,industrial_logistics,504125.0,4259625.0,50.2327,1.0,0.0558,0.4092,2.2827,True,0.3142,0.0797,950.042,429.8,1449.1
3119,industrial_logistics,504375.0,4259625.0,47.583,0.9376,0.0515,0.4219,2.2827,False,0.3089,0.0781,1031.6615,644.0,1490.0
3120,industrial_logistics,502625.0,4259875.0,46.9373,0.8544,0.3345,0.3579,2.6955,True,0.4025,0.333,556.6615,311.0,937.1
3121,industrial_logistics,502875.0,4259875.0,49.2576,0.9968,0.0718,0.3471,2.6955,True,0.3166,0.0857,864.1935,388.9,1232.1
3122,industrial_logistics,503125.0,4259875.0,48.3255,0.9984,0.0428,0.3366,2.6955,False,0.3077,0.0641,954.9135,440.7,1382.0
3123,industrial_logistics,503375.0,4259875.0,47.2556,1.0,0.049,0.3384,2.6955,True,0.309,0.0683,945.074,435.9,1356.1
3124,industrial_logistics,503625.0,4259875.0,47.6837,0.976,0.0558,0.3496,2.2827,False,0.297,0.0736,1102.2115,554.9,1546.0
3125,industrial_logistics,503875.0,4259875.0,49.1518,0.9296,0.0543,0.361,2.2827,False,0.2953,0.0735,1134.952,721.9,1537.0
3126,industrial_logistics,504125.0,4259875.0,49.9758,0.656,0.2231,0.3732,2.2827,True,0.3282,0.2249,1041.7345,495.0,1887.3
3127,industrial_logistics,504375.0,4259875.0,48.0687,0.5072,0.1005,0.3824,2.2827,False,0.2742,0.1107,1652.8495,939.9,2883.0
3128,industrial_logistics,502625.0,4260125.0,48.9835,0.8752,0.0874,0.3295,2.6955,False,0.3051,0.0968,993.3755,685.9,1292.0
3129,industrial_logistics,502875.0,4260125.0,49.4969,0.984,0.0437,0.3213,2.6955,True,0.304,0.063,982.668,456.0,1415.1
3130,industrial_logistics,503125.0,4260125.0,48.3493,1.0,0.0402,0.3111,2.6955,True,0.3023,0.0598,1008.1515,451.9,1462.1
3131,industrial_logistics,503375.0,4260125.0,49.0873,1.0,0.0387,0.3142,2.6955,True,0.303,0.0592,998.3985,444.9,1456.1
3132,industrial_logistics,503625.0,4260125.0,48.8738,0.976,0.0591,0.3228,2.2827,False,0.2927,0.0735,1134.267,548.9,1579.0
3133,industrial_logistics,503875.0,4260125.0,48.952,0.5312,0.0837,0.3333,2.2827,False,0.2587,0.0929,1805.0785,1130.0,2886.2
3134,industrial_logistics,502625.0,4260375.0,47.8541,0.7232,0.0874,0.3051,2.6955,False,0.2854,0.0948,1337.027,876.8,2062.0
3135,industrial_logistics,502875.0,4260375.0,47.7466,0.9904,0.0543,0.2988,2.6955,False,0.3017,0.0682,1010.2165,461.8,1460.0
3136,industrial_logistics,503125.0,4260375.0,47.1851,0.9984,0.0341,0.2907,2.6955,False,0.2966,0.054,1076.328,492.0,1572.1
3137,industrial_logistics,503375.0,4260375.0,45.6366,0.8864,0.0324,0.2928,2.6955,False,0.2848,0.0526,1296.411,864.0,1704.2
3138,industrial_logistics,503625.0,4260375.0,46.2398,0.7616,0.0324,0.3004,2.2827,False,0.2585,0.0523,1792.779,1311.0,2357.0
3139,industrial_logistics,503875.0,4260375.0,50.9229,0.3968,0.0324,0.3092,2.2827,True,0.2332,0.0519,2197.164,1266.8,3347.1
3140,industrial_logistics,504125.0,4260375.0,47.3559,0.4912,0.0335,0.3166,2.2827,False,0.239,0.0537,2150.7645,1296.6,3190.0
3141,industrial_logistics,502625.0,4260625.0,47.7264,0.5216,0.0718,0.284,2.6955,False,0.2602,0.0793,1772.868,1002.0,2920.2
3142,industrial_logistics,502875.0,4260625.0,46.3238,0.6384,0.049,0.279,2.6955,False,0.2626,0.0609,1734.976,1046.0,2682.1
3143,industrial_logistics,503125.0,4260625.0,46.4826,0.6496,0.0394,0.2726,2.6955,False,0.2604,0.0535,1769.6465,1057.8,2695.2
3144,industrial_logistics,503375.0,4260625.0,46.2811,0.5344,0.0309,0.2739,2.6955,False,0.2496,0.0478,1978.0325,1112.9,3071.0
3145,industrial_logistics,503625.0,4260625.0,46.0832,0.6064,0.0296,0.2811,1.8225,False,0.2192,0.0473,2562.959,1601.8,3233.0
3146,industrial_logistics,503875.0,4260625.0,48.421,0.8144,0.0248,0.2882,1.8225,False,0.2449,0.0468,2120.6255,1350.9,3073.0
3147,industrial_logistics,504125.0,4260625.0,45.793,0.9136,0.016,0.294,1.8225,False,0.2548,0.0448,1984.7185,1257.9,3087.1
3148,industrial_logistics,495125.0,4260875.0,44.8788,0.8848,0.049,0.2398,2.1739,False,0.258,0.0582,1726.9015,1362.9,2011.1
3149,industrial_logistics,495375.0,4260875.0,43.2178,0.4528,0.0394,0.2276,2.1739,False,0.2078,0.0478,2686.0085,1978.0,3395.1
3150,industrial_logistics,500375.0,4260875.0,45.1299,0.4912,1.0,0.2463,2.6955,False,0.6335,0.8911,565.2595,34.0,1644.3
3151,industrial_logistics,500625.0,4260875.0,46.3235,0.1648,1.0,0.249,2.6955,True,0.6174,0.8908,735.5035,43.0,2675.4
3152,industrial_logistics,501375.0,4260875.0,48.4548,0.1504,0.6678,0.2621,2.6955,False,0.5077,0.6535,923.2085,191.0,2974.5
3153,industrial_logistics,501625.0,4260875.0,48.9895,0.1616,0.6678,0.2659,2.6955,True,0.5093,0.6536,909.6275,190.0,2942.4
3154,industrial_logistics,502625.0,4260875.0,47.6802,0.8672,0.1545,0.2655,2.6955,True,0.3101,0.1556,950.5155,543.0,1402.1
3155,industrial_logistics,502875.0,4260875.0,48.1844,0.9952,0.0693,0.2615,2.6955,False,0.2988,0.0773,1034.565,457.8,1547.0
3156,industrial_logistics,503125.0,4260875.0,49.0228,1.0,0.0558,0.2563,2.6955,True,0.2959,0.066,1066.986,455.0,1611.1
3157,industrial_logistics,503375.0,4260875.0,48.346,1.0,0.0744,0.2572,1.6597,False,0.2659,0.0809,1664.0815,647.6,3116.7
3158,industrial_logistics,503625.0,4260875.0,47.4721,0.8272,0.0197,0.2639,1.6597,False,0.2342,0.0415,2325.5925,1499.0,3256.1
3159,industrial_logistics,503875.0,4260875.0,47.7813,0.9296,0.0178,0.2697,1.8225,False,0.2532,0.0424,1952.864,1196.0,3062.3
3160,industrial_logistics,510375.0,4260875.0,42.8905,0.6032,0.0172,0.2126,1.9452,False,0.2045,0.0328,2902.032,2294.0,3339.0
3161,industrial_logistics,495125.0,4261125.0,44.3284,0.5952,0.2231,0.2333,2.1739,False,0.2825,0.2209,1563.7265,514.9,2613.2
3162,industrial_logistics,495375.0,4261125.0,43.2774,0.5952,0.0693,0.2219,2.1739,False,0.226,0.073,2358.1375,1819.9,2975.1
3163,industrial_logistics,495625.0,4261125.0,44.6542,0.64,0.0231,0.2115,2.1739,False,0.2204,0.0362,2523.6305,2028.7,3080.0
3164,industrial_logistics,500375.0,4261125.0,45.1668,0.4512,0.6678,0.2323,2.6955,False,0.5149,0.6525,816.777,196.0,2356.5
3165,industrial_logistics,500625.0,4261125.0,46.5394,0.2336,1.0,0.2345,2.6955,False,0.6177,0.8891,718.709,45.0,2577.0
3166,industrial_logistics,500875.0,4261125.0,47.5348,0.104,1.0,0.2373,2.6955,True,0.6114,0.8891,767.448,47.0,2784.0
3167,industrial_logistics,501125.0,4261125.0,46.739,0.4928,1.0,0.2423,2.6955,True,0.6329,0.8906,560.401,32.0,1626.4
3168,industrial_logistics,501375.0,4261125.0,46.5342,0.4496,0.6678,0.2465,2.6955,True,0.5187,0.6531,787.1355,191.0,2269.3
3169,industrial_logistics,502375.0,4261125.0,44.5045,0.5008,0.3345,0.2513,2.6955,False,0.3527,0.3305,1111.14,373.0,2576.2
3170,industrial_logistics,502625.0,4261125.0,47.513,0.9856,0.1674,0.2492,2.6955,True,0.3227,0.1677,854.0835,370.0,1428.1
3171,industrial_logistics,502875.0,4261125.0,49.9055,0.9472,0.0837,0.246,2.6955,True,0.2955,0.0888,1055.5565,499.9,1573.1
3172,industrial_logistics,503125.0,4261125.0,49.2442,0.9648,0.0837,0.2417,2.6955,False,0.2962,0.0886,1052.5415,476.9,1588.1
3173,industrial_logistics,503375.0,4261125.0,50.1529,1.0,0.1116,0.243,1.6597,True,0.2737,0.114,1529.5065,544.9,2990.5
3174,industrial_logistics,503625.0,4261125.0,49.6511,1.0,0.0169,0.2485,1.6597,False,0.2541,0.04,1905.9055,801.8,3220.0
3175,industrial_logistics,503875.0,4261125.0,47.9846,0.9904,0.0115,0.2533,1.6597,False,0.2519,0.0389,1973.7095,932.0,3235.0
3176,industrial_logistics,504125.0,4261125.0,45.9806,0.912,0.0087,0.2571,1.6597,False,0.241,0.0381,2238.973,1424.9,3263.1
3177,industrial_logistics,510375.0,4261125.0,43.4882,0.5696,0.0219,0.2024,1.9452,False,0.1999,0.0338,2951.545,2395.0,3363.0
3178,industrial_logistics,510625.0,4261125.0,44.1875,0.8416,0.0804,0.2057,1.9452,False,0.2447,0.0829,2035.969,1561.7,2621.0
3179,industrial_logistics,510875.0,4261125.0,43.9578,0.6192,0.2008,0.2084,1.9452,False,0.2606,0.1985,1860.264,580.0,2759.1
3180,industrial_logistics,494875.0,4261375.0,38.0244,0.7616,0.2231,0.2375,2.1739,False,0.2963,0.2211,1383.411,507.0,2016.1
3181,industrial_logistics,495125.0,4261375.0,43.1943,0.4384,0.4013,0.2264,2.1739,False,0.36,0.3953,1339.482,330.0,2997.1
3182,industrial_logistics,495375.0,4261375.0,42.9733,0.7984,0.1182,0.2161,2.1739,False,0.2597,0.1188,1706.04,1108.9,2001.1
3183,industrial_logistics,495625.0,4261375.0,44.2361,1.0,0.1005,0.2064,2.1739,False,0.2774,0.1023,1369.339,603.0,1975.0
3184,industrial_logistics,495875.0,4261375.0,42.8561,0.8688,0.0379,0.1975,2.1739,False,0.2457,0.0463,2059.453,1692.7,2365.0
3185,industrial_logistics,497625.0,4261375.0,42.0194,0.4928,0.4013,0.1703,2.6955,False,0.3693,0.3943,1194.268,320.0,2811.1
3186,industrial_logistics,500375.0,4261375.0,44.5009,0.384,0.6678,0.2198,2.6955,False,0.5083,0.652,889.7495,203.0,2640.1
3187,industrial_logistics,500625.0,4261375.0,46.4104,0.416,0.6678,0.2216,2.6955,False,0.5109,0.6521,849.967,199.0,2507.0
3188,industrial_logistics,500875.0,4261375.0,47.4646,0.2768,1.0,0.2249,2.6955,True,0.6179,0.888,704.469,45.0,2504.2
3189,industrial_logistics,501125.0,4261375.0,46.1099,0.6336,1.0,0.2291,2.6955,True,0.6353,0.8891,483.473,27.0,1498.2
3190,industrial_logistics,501375.0,4261375.0,46.5131,0.368,0.6678,0.2325,2.6955,False,0.5111,0.6525,864.603,196.0,2618.5
3191,industrial_logistics,502375.0,4261375.0,45.0066,0.3648,0.6678,0.2365,2.6955,False,0.5114,0.6526,871.629,197.0,2647.6
3192,industrial_logistics,502625.0,4261375.0,48.0547,0.864,0.1339,0.2348,2.6955,False,0.2978,0.1349,1072.1365,615.8,1582.0
3193,industrial_logistics,502875.0,4261375.0,52.2728,0.9888,0.2008,0.2321,2.6955,True,0.3339,0.1997,799.219,326.0,1441.0
3194,industrial_logistics,503125.0,4261375.0,49.4847,0.9968,0.0804,0.2286,1.6597,False,0.2623,0.0845,1703.7265,638.0,3134.0
3195,industrial_logistics,503375.0,4261375.0,49.0891,1.0,0.0479,0.2301,1.6597,False,0.2558,0.0569,1843.2155,736.6,3202.2
3196,industrial_logistics,503625.0,4261375.0,49.0338,0.9952,0.0296,0.2347,1.6597,False,0.2526,0.0446,1921.2875,814.7,3221.0
3197,industrial_logistics,503875.0,4261375.0,47.2022,0.9616,0.0096,0.2387,1.6597,False,0.2448,0.0364,2130.6845,1186.9,3255.0
3198,industrial_logistics,504125.0,4261375.0,45.0081,1.0,0.0088,0.2418,1.6597,False,0.249,0.037,2082.313,995.5,3261.0
3199,industrial_logistics,510625.0,4261375.0,44.2827,0.5968,0.2008,0.196,1.9452,False,0.2562,0.1982,1925.534,584.0,2848.1
3200,industrial_logistics,495125.0,4261625.0,43.2713,0.4464,0.1674,0.2193,2.1739,False,0.2434,0.166,2048.5255,830.9,3130.1
3201,industrial_logistics,497625.0,4261625.0,41.7949,0.7072,0.1674,0.1652,2.6955,False,0.2788,0.1652,1520.4685,661.9,2399.3
3202,industrial_logistics,497875.0,4261625.0,43.8909,0.4384,0.5013,0.1698,2.6955,False,0.4185,0.4915,1092.9325,276.0,2838.4
3203,industrial_logistics,498125.0,4261625.0,45.5767,0.2976,0.5013,0.1744,2.6955,False,0.4133,0.4916,1165.171,275.0,3125.0
3204,industrial_logistics,500375.0,4261625.0,46.0901,0.1648,0.6678,0.2085,2.6955,False,0.4955,0.6514,1013.4885,207.0,3082.4
3205,industrial_logistics,500875.0,4261625.0,47.6625,0.272,0.6678,0.2136,2.6955,False,0.5022,0.6517,943.9345,202.0,2874.2
3206,industrial_logistics,501125.0,4261625.0,46.8319,0.2128,1.0,0.2172,2.6955,False,0.6125,0.8868,748.8885,50.0,2681.2
3207,industrial_logistics,501375.0,4261625.0,47.7521,0.3328,0.6678,0.22,2.6955,True,0.5067,0.652,899.386,200.0,2731.7
3208,industrial_logistics,502375.0,4261625.0,45.5646,0.4992,0.6678,0.2233,2.6955,False,0.5152,0.6522,792.146,195.0,2168.8
3209,industrial_logistics,502625.0,4261625.0,48.5093,0.9632,0.1339,0.2219,2.6955,False,0.3057,0.1347,978.595,428.9,1598.1
3210,industrial_logistics,502875.0,4261625.0,49.1605,0.976,0.1116,0.2197,2.6955,False,0.3007,0.1134,1018.76,435.0,1649.0
3211,industrial_logistics,503125.0,4261625.0,47.6246,0.9904,0.0957,0.2167,0.7902,False,0.24,0.0978,2080.859,758.9,3637.0
3212,industrial_logistics,503375.0,4261625.0,47.9587,1.0,0.1058,0.2183,0.7902,False,0.2445,0.1073,2012.9735,695.9,3630.0
3213,industrial_logistics,503625.0,4261625.0,48.5513,0.9904,0.0099,0.2223,1.6597,False,0.2465,0.0347,2068.4225,978.5,3250.0
3214,industrial_logistics,504125.0,4261625.0,46.3185,0.9984,0.01,0.2287,1.6597,False,0.2473,0.0356,2084.696,975.0,3258.0
3215,industrial_logistics,495125.0,4261875.0,44.0748,0.5536,0.251,0.2123,2.1739,False,0.2874,0.2477,1593.5095,478.0,2762.0
3216,industrial_logistics,495375.0,4261875.0,43.2746,0.8528,0.2008,0.2037,2.1739,False,0.2921,0.1987,1291.753,533.0,1929.1
3217,industrial_logistics,497625.0,4261875.0,42.4613,0.488,0.1674,0.1602,2.6955,False,0.26,0.1648,1850.627,717.9,3052.1
3218,industrial_logistics,497875.0,4261875.0,44.7623,0.4336,0.5013,0.1644,2.6955,False,0.4175,0.4914,1097.531,276.0,2860.1
3219,industrial_logistics,498125.0,4261875.0,46.2125,0.2272,0.5013,0.1686,2.6955,False,0.4094,0.4914,1208.955,277.0,3215.3
3220,industrial_logistics,500375.0,4261875.0,45.6953,0.2416,0.6678,0.1983,2.6955,False,0.4967,0.6511,998.0565,209.0,3014.3
3221,industrial_logistics,500875.0,4261875.0,47.5822,0.232,0.6678,0.2034,2.6955,False,0.4979,0.6513,980.8015,205.0,2982.4
3222,industrial_logistics,501125.0,4261875.0,47.276,0.1904,1.0,0.2064,2.6955,False,0.6088,0.8854,771.5705,53.0,2727.9
3223,industrial_logistics,501375.0,4261875.0,47.5439,0.1504,1.0,0.2088,2.6955,True,0.6073,0.8856,784.9925,53.0,2786.8
3224,industrial_logistics,502375.0,4261875.0,46.2899,0.4608,1.0,0.2115,2.6955,False,0.6233,0.8866,621.3965,39.0,1929.0
3225,industrial_logistics,502625.0,4261875.0,47.8465,0.9872,0.1545,0.2104,2.6955,False,0.3121,0.1542,944.234,388.9,1621.1
3226,industrial_logistics,502875.0,4261875.0,47.2994,1.0,0.0574,0.2085,0.7902,False,0.2311,0.0629,2265.979,912.9,3659.0
3227,industrial_logistics,503125.0,4261875.0,49.2529,1.0,0.0184,0.206,0.7902,False,0.2256,0.0351,2387.5415,1006.8,3675.0
3228,industrial_logistics,503375.0,4261875.0,48.527,0.984,0.0628,0.2077,0.7902,False,0.2305,0.0674,2247.4115,894.8,3656.0
3229,industrial_logistics,503625.0,4261875.0,47.5761,0.8656,0.1674,0.2111,0.7902,False,0.2435,0.166,2002.9305,623.9,3632.1
3230,industrial_logistics,495375.0,4262125.0,41.8418,0.9488,1.0,0.1976,2.1739,False,0.6245,0.8851,500.646,23.0,1541.2
3231,industrial_logistics,497625.0,4262125.0,44.3334,0.3616,0.1058,0.1554,2.6955,False,0.2317,0.1045,2235.852,1001.0,3383.1
3232,industrial_logistics,497875.0,4262125.0,45.4109,0.2368,0.2868,0.1592,2.6955,False,0.2989,0.2819,1616.8365,427.0,3375.0
3233,industrial_logistics,498125.0,4262125.0,47.2873,0.248,0.2868,0.163,2.6955,False,0.301,0.2819,1574.4985,423.0,3331.0
3234,industrial_logistics,500375.0,4262125.0,45.5448,0.3024,0.0628,0.1891,2.6955,False,0.224,0.065,2357.695,1163.4,3499.0
3235,industrial_logistics,500875.0,4262125.0,47.6488,0.2576,1.0,0.194,2.6955,True,0.6094,0.884,753.2745,56.0,2632.6
3236,industrial_logistics,501125.0,4262125.0,47.1872,0.2912,1.0,0.1965,2.6955,True,0.6116,0.8844,735.026,53.0,2552.1
3237,industrial_logistics,501375.0,4262125.0,45.7835,0.4368,1.0,0.1986,2.6955,False,0.6188,0.8849,656.452,45.0,2095.4
3238,industrial_logistics,501875.0,4262125.0,47.9148,0.1008,1.0,0.201,2.6955,True,0.6029,0.8845,812.454,56.0,2876.1
3239,industrial_logistics,502375.0,4262125.0,47.0513,0.64,0.6678,0.2009,2.6955,True,0.5172,0.6514,698.28,187.0,1787.3
3240,industrial_logistics,502625.0,4262125.0,48.0273,0.672,0.1545,0.1999,0.7902,False,0.2105,0.1529,2439.457,890.9,3655.0
3241,industrial_logistics,502875.0,4262125.0,48.4341,0.856,0.049,0.1984,0.7902,False,0.2066,0.0542,2643.752,1671.0,3678.0
3242,industrial_logistics,503125.0,4262125.0,46.9329,0.6896,0.0153,0.1962,0.7902,False,0.1737,0.0296,3118.114,2330.9,3726.0
3243,industrial_logistics,497625.0,4262375.0,44.8772,0.5392,0.2868,0.1508,2.6955,False,0.3135,0.2819,1374.0035,420.0,2760.0
3244,industrial_logistics,497875.0,4262375.0,46.0456,0.1584,0.2868,0.1542,2.6955,False,0.2958,0.2818,1656.782,428.0,3448.2
3245,industrial_logistics,498125.0,4262375.0,46.6878,0.2432,0.2868,0.1576,2.6955,False,0.2996,0.2818,1597.446,425.0,3357.1
3246,industrial_logistics,500375.0,4262375.0,45.5729,0.2784,0.0628,0.1806,2.6955,False,0.2215,0.0645,2400.0785,1166.0,3535.1
3247,industrial_logistics,500875.0,4262375.0,47.5166,0.232,1.0,0.1854,2.6955,False,0.606,0.8829,778.8195,61.0,2709.7
3248,industrial_logistics,501125.0,4262375.0,47.3498,0.192,1.0,0.1876,2.6955,False,0.6045,0.8831,796.593,63.0,2788.0
3249,industrial_logistics,501375.0,4262375.0,45.4435,0.3424,1.0,0.1894,2.6955,False,0.612,0.8836,728.295,56.0,2465.3
3250,industrial_logistics,501625.0,4262375.0,45.1368,0.3184,1.0,0.1906,2.6955,False,0.6111,0.8837,742.275,58.0,2527.0
3251,industrial_logistics,501875.0,4262375.0,45.4623,0.12,1.0,0.1914,2.6955,False,0.6013,0.8834,833.601,65.0,2908.5
3252,industrial_logistics,503125.0,4262375.0,45.9087,0.6128,0.0131,0.1873,0.7902,False,0.1586,0.0269,3280.142,2607.8,3743.0
3253,industrial_logistics,497625.0,4262625.0,45.1631,0.408,0.2868,0.1463,2.6955,False,0.3048,0.2817,1518.4045,424.0,3132.1
3254,industrial_logistics,497875.0,4262625.0,46.5491,0.2544,0.2231,0.1495,2.6955,False,0.2697,0.2192,1796.0045,512.0,3402.1
3255,industrial_logistics,498125.0,4262625.0,47.2801,0.2368,0.2231,0.1525,2.6955,False,0.2699,0.2192,1788.05,510.9,3414.1
3256,industrial_logistics,500125.0,4262625.0,44.044,0.512,0.1435,0.1717,2.6955,False,0.256,0.1417,1860.0725,828.8,2991.1
3257,industrial_logistics,500375.0,4262625.0,46.1013,0.232,1.0,0.1729,2.6955,False,0.6028,0.8813,805.6915,69.0,2760.0
3258,industrial_logistics,500875.0,4262625.0,47.6534,0.3136,1.0,0.1775,2.6955,True,0.6082,0.8821,748.4955,59.0,2556.1
3259,industrial_logistics,501125.0,4262625.0,45.3767,0.4096,1.0,0.1794,2.6955,False,0.6127,0.8825,703.974,56.0,2275.3
3260,industrial_logistics,501375.0,4262625.0,43.7817,0.3392,1.0,0.1809,2.6955,False,0.6094,0.8825,755.693,65.0,2528.1
3261,industrial_logistics,501625.0,4262625.0,43.6383,0.2832,1.0,0.182,2.6955,False,0.6069,0.8826,785.603,68.0,2661.1
3262,industrial_logistics,501875.0,4262625.0,44.2718,0.1904,1.0,0.1827,2.6955,False,0.6026,0.8825,825.7765,70.0,2834.4
3263,industrial_logistics,502125.0,4262625.0,45.0691,0.4064,1.0,0.1829,2.6955,False,0.6133,0.8829,702.804,55.0,2287.0
3264,industrial_logistics,497875.0,4262875.0,47.563,0.176,0.4013,0.1449,2.6955,False,0.3527,0.3937,1397.8785,322.0,3373.0
3265,industrial_logistics,498125.0,4262875.0,46.3869,0.2432,0.4013,0.1477,2.6955,False,0.355,0.3938,1372.079,322.0,3304.6
3266,industrial_logistics,500125.0,4262875.0,44.4194,0.4272,1.0,0.1647,2.6955,False,0.6096,0.8807,720.6465,64.0,2337.4
3267,industrial_logistics,500875.0,4262875.0,47.2297,0.3376,0.6678,0.1702,2.6955,True,0.4955,0.65,977.447,210.0,2886.6
3268,industrial_logistics,501125.0,4262875.0,44.5244,0.6736,1.0,0.1718,2.6955,False,0.6214,0.8818,538.9065,33.0,1756.0
3269,industrial_logistics,501375.0,4262875.0,44.6659,0.4736,1.0,0.1732,2.6955,False,0.6138,0.8818,675.6,53.0,2145.7
3270,industrial_logistics,497875.0,4263125.0,47.503,0.1472,1.0,0.1406,2.6955,False,0.5916,0.8771,876.0195,79.0,2960.0
3271,industrial_logistics,498125.0,4263125.0,45.9007,0.2192,1.0,0.1431,2.6955,False,0.5953,0.8776,850.667,79.0,2836.3
3272,industrial_logistics,500875.0,4263125.0,47.0569,0.3824,0.6678,0.1634,2.6955,True,0.496,0.6498,960.2105,211.0,2799.7
3273,industrial_logistics,501125.0,4263125.0,44.9994,0.704,0.6678,0.1649,2.6955,False,0.5111,0.65,713.454,187.0,1900.6
3274,industrial_logistics,501375.0,4263125.0,45.3223,0.7536,0.6678,0.1661,2.6955,False,0.5138,0.6501,667.5255,182.0,1783.8
3275,industrial_logistics,503125.0,4263125.0,47.583,0.7744,0.0309,0.1647,0.7902,False,0.184,0.0366,3020.4465,2231.9,3714.1
3276,industrial_logistics,497875.0,4263375.0,47.7324,0.2128,1.0,0.1364,2.6955,True,0.5939,0.8767,850.516,77.0,2854.0
3277,industrial_logistics,500875.0,4263375.0,47.2168,0.4176,1.0,0.1572,2.6955,True,0.608,0.8797,718.3225,55.0,2341.6
3278,industrial_logistics,501125.0,4263375.0,45.8217,0.5328,0.6678,0.1585,2.6955,False,0.5017,0.6497,867.6995,201.0,2322.1
3279,industrial_logistics,501375.0,4263375.0,44.5654,0.5504,0.6678,0.1595,2.6955,False,0.5024,0.6497,861.6495,202.0,2307.0
3280,industrial_logistics,503125.0,4263375.0,45.7286,0.7264,0.0372,0.1583,0.7902,False,0.1743,0.0408,3157.5495,2459.7,3723.1
3281,industrial_logistics,500875.0,4263625.0,46.5574,0.4752,1.0,0.1514,2.6955,False,0.6089,0.8791,691.5655,50.9,2254.1
3282,industrial_logistics,501125.0,4263625.0,45.141,0.4224,0.6678,0.1525,2.6955,False,0.495,0.6494,965.383,214.0,2718.1
3283,industrial_logistics,501375.0,4263625.0,45.5645,0.1296,0.6678,0.1534,2.6955,False,0.482,0.6492,1115.5,221.0,3230.2
3284,industrial_logistics,500875.0,4263875.0,46.3885,0.6704,0.6678,0.146,2.6955,True,0.5056,0.6492,762.9895,189.0,2080.1
3285,industrial_logistics,501125.0,4263875.0,45.4256,0.3664,0.6678,0.147,2.6955,False,0.4912,0.6491,1010.5775,218.0,2884.0
3286,industrial_logistics,500875.0,4264125.0,45.8609,0.4976,0.6678,0.141,2.6955,False,0.4962,0.6489,923.1735,207.0,2545.1
3287,industrial_logistics,501125.0,4264125.0,45.1109,0.4,0.6678,0.1419,2.6955,False,0.4916,0.6489,998.922,218.0,2811.4
3288,industrial_logistics,502625.0,4264125.0,47.1351,0.7728,0.1826,0.1431,0.7902,False,0.2247,0.1794,2301.387,622.0,3667.1
3289,industrial_logistics,500625.0,4264375.0,45.9354,0.1584,0.6678,0.1353,2.6955,False,0.4797,0.6485,1129.9735,226.0,3229.3
3290,industrial_logistics,501125.0,4264375.0,46.0733,0.2224,0.6678,0.1371,2.6955,False,0.4828,0.6486,1099.042,224.0,3164.7
3291,industrial_logistics,502625.0,4264375.0,43.8903,0.584,0.1182,0.1381,1.9066,False,0.2116,0.1161,2610.435,1415.4,3161.0
3292,peripheral_expansion,520375.0,4235875.0,44.3154,0.3728,0.1674,0.0514,3.5311,False,0.2817,0.1637,1755.05,447.9,3360.1
3293,peripheral_expansion,519875.0,4236125.0,42.846,0.5488,0.1826,0.0527,3.1537,False,0.2786,0.1786,1689.3745,540.9,3150.1
3294,peripheral_expansion,520125.0,4236125.0,41.9401,0.8416,0.1674,0.0523,3.1537,False,0.2969,0.1641,1318.7255,473.8,2641.6
3295,peripheral_expansion,513625.0,4236375.0,41.0865,0.1984,0.2868,0.0628,2.1975,False,0.262,0.2805,2134.793,450.9,3660.0
3296,peripheral_expansion,513375.0,4236625.0,42.1252,0.2752,0.2868,0.0641,2.1975,False,0.2654,0.2806,2080.795,448.0,3574.1
3297,peripheral_expansion,519125.0,4236625.0,43.4042,0.8096,0.3345,0.055,3.1537,False,0.3572,0.3276,990.203,314.9,2352.4
3298,peripheral_expansion,519375.0,4236625.0,41.1742,0.8912,0.4013,0.0546,3.1537,False,0.3908,0.3926,861.211,257.9,2164.1
3299,peripheral_expansion,519625.0,4236625.0,43.2275,0.6688,1.0,0.0543,3.1537,False,0.6003,0.8674,607.836,19.0,2058.3
3300,peripheral_expansion,519875.0,4236625.0,41.8497,0.9632,0.6678,0.0539,3.1537,False,0.5081,0.6456,622.482,94.8,1753.3
3301,peripheral_expansion,521875.0,4236625.0,41.9431,0.456,0.6678,0.0507,3.1537,False,0.4857,0.6452,979.1795,190.0,2906.2
3302,peripheral_expansion,523625.0,4236625.0,44.2923,0.2928,0.6678,0.048,3.1537,False,0.4789,0.645,1057.86,193.0,3144.0
3303,peripheral_expansion,519625.0,4236875.0,44.3922,0.52,1.0,0.0549,3.1537,False,0.5955,0.8673,695.1605,26.0,2397.8
3304,peripheral_expansion,519875.0,4236875.0,44.0355,0.8128,0.6678,0.0545,3.1537,False,0.5025,0.6455,685.9385,127.9,2004.1
3305,peripheral_expansion,520125.0,4236875.0,42.6958,0.784,0.6678,0.0541,3.1537,False,0.5008,0.6455,719.0295,142.0,2091.7
3306,peripheral_expansion,522875.0,4236875.0,44.2314,0.4384,0.5013,0.0496,3.1537,False,0.4112,0.4888,1120.721,268.0,3003.0
3307,peripheral_expansion,519625.0,4237125.0,43.4944,0.6416,1.0,0.0555,3.1537,False,0.5998,0.8675,621.627,19.0,2109.6
3308,peripheral_expansion,521125.0,4237125.0,41.3895,0.1552,0.6678,0.053,3.1537,False,0.4736,0.6451,1137.262,207.9,3297.0
3309,peripheral_expansion,521375.0,4237125.0,41.8718,0.5136,0.6678,0.0526,3.1537,False,0.4885,0.6453,938.388,187.0,2759.1
3310,peripheral_expansion,519875.0,4237625.0,40.2924,0.1424,1.0,0.0564,3.1537,False,0.5797,0.8669,918.935,70.0,3147.2
3311,peripheral_expansion,523375.0,4237625.0,44.0847,0.4352,0.5013,0.0502,3.1537,False,0.4111,0.4888,1124.5315,269.0,3013.0
3312,peripheral_expansion,524125.0,4237625.0,43.2529,0.1552,0.0773,0.0489,3.1537,False,0.2296,0.0753,2448.302,812.9,3707.0
3313,peripheral_expansion,524375.0,4237625.0,43.8222,0.528,0.0744,0.0485,3.1537,False,0.247,0.0731,2155.611,752.7,3374.0
3314,peripheral_expansion,524875.0,4237625.0,43.3658,0.2,0.067,0.0478,3.1537,False,0.2286,0.0654,2475.178,838.7,3693.0
3315,peripheral_expansion,525125.0,4237625.0,41.7477,0.3072,0.0913,0.0475,3.1537,False,0.237,0.089,2335.8565,770.9,3611.0
3316,peripheral_expansion,486625.0,4237875.0,43.2197,0.3616,1.0,0.1097,2.3594,False,0.5872,0.8736,942.8595,106.0,2915.6
3317,peripheral_expansion,523875.0,4237875.0,45.4396,0.3792,0.2868,0.0498,3.1537,True,0.3102,0.2806,1508.354,405.0,3244.1
3318,peripheral_expansion,524375.0,4237875.0,43.9949,0.464,0.0837,0.0489,3.1537,False,0.2448,0.0819,2180.255,747.0,3415.0
3319,peripheral_expansion,486875.0,4238125.0,44.6438,0.424,1.0,0.1111,3.098,False,0.604,0.8741,701.7805,27.0,2487.1
3320,peripheral_expansion,514625.0,4238125.0,41.8907,0.4512,0.0181,0.0675,1.552,False,0.1459,0.0188,3599.0265,3419.9,3744.0
3321,peripheral_expansion,515375.0,4238125.0,39.931,0.1344,0.0147,0.0659,2.038,False,0.1517,0.0156,3557.3965,3097.9,3774.0
3322,peripheral_expansion,519875.0,4238125.0,39.5714,0.1424,1.0,0.0577,3.1537,False,0.5798,0.8671,921.7705,72.0,3151.2
3323,peripheral_expansion,524625.0,4238125.0,43.3059,0.352,0.0837,0.0491,3.1537,False,0.2382,0.0817,2303.4465,775.0,3556.0
3324,peripheral_expansion,524875.0,4238125.0,42.3294,0.2192,0.0874,0.0488,3.1537,False,0.2331,0.0851,2395.4045,789.0,3671.0
3325,peripheral_expansion,485875.0,4238375.0,42.8084,0.2032,0.6678,0.1194,3.098,False,0.4873,0.6479,1048.983,197.9,3144.2
3326,peripheral_expansion,486625.0,4238375.0,43.7144,0.2496,1.0,0.1154,2.3594,False,0.5838,0.8741,988.34,107.0,3051.6
3327,peripheral_expansion,487125.0,4238375.0,42.6954,0.1584,0.3345,0.1125,3.098,False,0.3274,0.328,1508.6615,373.0,3449.1
3328,peripheral_expansion,511875.0,4238375.0,46.0347,0.4704,0.2008,0.0744,3.0125,True,0.277,0.1966,1689.8585,530.9,3171.4
3329,peripheral_expansion,512125.0,4238375.0,44.5766,0.6656,0.0609,0.074,2.6311,False,0.2327,0.0603,2303.4135,1218.0,3231.2
3330,peripheral_expansion,516125.0,4238375.0,37.1646,0.1584,0.0309,0.0656,2.8271,False,0.2015,0.0312,2913.7615,1264.8,3768.0
3331,peripheral_expansion,524875.0,4238375.0,43.0881,0.1104,0.3345,0.0493,3.1537,False,0.3208,0.3272,1579.75,371.0,3548.3
3332,peripheral_expansion,487125.0,4238625.0,42.2041,0.504,1.0,0.1153,2.3594,False,0.594,0.8745,851.1225,86.0,2656.1
3333,peripheral_expansion,511375.0,4238625.0,45.4938,0.1344,0.1545,0.0767,3.0125,True,0.2461,0.1509,2117.166,653.0,3624.1
3334,peripheral_expansion,511625.0,4238625.0,45.7602,0.2096,1.0,0.0762,2.6311,False,0.5791,0.8693,954.935,95.0,3088.1
3335,peripheral_expansion,515625.0,4238625.0,37.2612,0.1344,0.0122,0.0675,2.038,False,0.1504,0.0139,3568.878,3128.5,3777.0
3336,peripheral_expansion,516375.0,4238625.0,39.4824,0.1328,0.0314,0.0662,2.8271,False,0.2018,0.0316,2899.1535,1248.9,3766.0
3337,peripheral_expansion,487125.0,4238875.0,42.9921,0.728,1.0,0.1183,2.3594,False,0.6028,0.8751,676.059,47.0,2086.2
3338,peripheral_expansion,511375.0,4238875.0,43.5627,0.1456,0.1674,0.0781,3.0125,False,0.2498,0.1636,2098.6495,626.0,3627.0
3339,peripheral_expansion,511875.0,4238875.0,45.9901,0.336,0.0837,0.0771,2.6311,False,0.2128,0.0815,2539.322,1160.8,3550.0
3340,peripheral_expansion,512625.0,4238875.0,42.6601,0.1248,0.0609,0.0755,1.552,False,0.1315,0.0583,3566.0205,3393.9,3762.0
3341,peripheral_expansion,516125.0,4238875.0,39.5399,0.2144,0.0212,0.0677,2.8271,False,0.2025,0.023,2906.2525,1270.0,3756.0
3342,peripheral_expansion,487125.0,4239125.0,44.2421,0.5392,0.5013,0.1214,2.3594,False,0.4049,0.4904,1213.947,283.0,2782.1
3343,peripheral_expansion,512375.0,4239125.0,40.6904,0.2096,0.0957,0.0774,1.552,False,0.1434,0.0925,3401.135,2597.4,3745.0
3344,peripheral_expansion,515875.0,4239125.0,40.1141,0.2608,0.0136,0.0692,2.8271,False,0.2035,0.0179,2894.673,1283.7,3746.0
3345,peripheral_expansion,525125.0,4239125.0,43.9355,0.1088,0.6678,0.0505,3.1537,False,0.472,0.645,1133.1185,207.9,3302.2
3346,peripheral_expansion,527125.0,4239125.0,41.4252,0.1744,0.4013,0.0477,1.1835,False,0.2903,0.3919,2193.9605,354.0,3747.0
3347,peripheral_expansion,487125.0,4239375.0,43.6849,0.1744,0.251,0.1246,2.3594,False,0.2588,0.2461,2025.847,488.0,3585.0
3348,peripheral_expansion,487375.0,4239625.0,44.1718,0.1872,0.1674,0.1258,2.3594,False,0.2226,0.1639,2357.6445,827.9,3610.0
3349,peripheral_expansion,515625.0,4239625.0,41.8781,0.2336,0.0205,0.072,2.8271,False,0.2043,0.0227,2860.9495,1250.7,3732.0
3350,peripheral_expansion,526125.0,4239625.0,43.7738,0.568,0.6678,0.0501,1.1835,False,0.4459,0.645,1522.5865,241.0,3563.2
3351,peripheral_expansion,526375.0,4239625.0,43.3997,0.2624,0.2008,0.0497,1.1835,False,0.178,0.1959,2879.851,720.8,3744.0
3352,peripheral_expansion,526625.0,4239625.0,43.8638,0.4048,0.1826,0.0493,1.1835,False,0.1791,0.178,2884.683,839.9,3712.1
3353,peripheral_expansion,487375.0,4239875.0,44.2185,0.4048,0.1256,0.1291,2.3594,False,0.219,0.1231,2401.3165,1189.9,3346.0
3354,peripheral_expansion,487625.0,4239875.0,44.3544,0.208,0.0744,0.1268,2.3594,False,0.1933,0.0731,2818.376,1592.9,3663.0
3355,peripheral_expansion,519625.0,4239875.0,41.1677,0.1024,1.0,0.0634,2.5576,False,0.5697,0.8675,1070.9455,134.0,3277.1
3356,peripheral_expansion,519875.0,4239875.0,44.432,0.6432,1.0,0.0628,2.3317,False,0.5871,0.8682,809.502,64.0,2452.4
3357,peripheral_expansion,524625.0,4239875.0,42.7534,0.2144,0.0574,0.053,2.2627,False,0.1758,0.0553,3163.4005,1968.7,3727.1
3358,peripheral_expansion,526625.0,4239875.0,44.5403,0.552,0.1674,0.0498,1.1835,False,0.1882,0.1632,2815.6785,944.8,3672.0
3359,peripheral_expansion,526875.0,4239875.0,42.5476,0.1808,0.1674,0.0494,1.1835,False,0.1553,0.1629,3098.972,1107.9,3763.0
3360,peripheral_expansion,515375.0,4240125.0,41.2018,0.2224,0.0558,0.075,1.9354,False,0.1562,0.0537,3446.741,2997.9,3737.0
3361,peripheral_expansion,520375.0,4240125.0,44.4691,0.688,0.5013,0.0623,2.3317,False,0.4027,0.4891,1164.9805,277.0,2709.2
3362,peripheral_expansion,526625.0,4240125.0,43.5586,0.248,0.1435,0.0503,1.1835,False,0.1471,0.1394,3193.6255,1408.4,3753.0
3363,peripheral_expansion,487375.0,4240375.0,44.5909,0.8096,0.0543,0.1363,2.3594,False,0.2412,0.0562,2097.8275,1513.0,2675.1
3364,peripheral_expansion,520125.0,4240375.0,45.7355,0.4,1.0,0.0636,2.3317,False,0.5788,0.868,967.0345,106.0,2971.1
3365,peripheral_expansion,520375.0,4240375.0,45.3331,0.832,0.4013,0.063,2.3317,False,0.3643,0.3926,1119.359,307.0,2519.3
3366,peripheral_expansion,524875.0,4240375.0,42.714,0.3568,0.0515,0.0537,2.2627,False,0.1823,0.0498,3117.7735,1990.9,3665.1
3367,peripheral_expansion,525125.0,4240375.0,43.6863,0.2304,0.0744,0.0533,2.2627,False,0.181,0.0719,3039.7745,1797.9,3700.0
3368,peripheral_expansion,515375.0,4240625.0,44.7419,0.7008,0.0837,0.0777,1.9354,False,0.2105,0.0819,2733.3645,1896.9,3348.1
3369,peripheral_expansion,520125.0,4240625.0,46.1711,0.7936,1.0,0.0644,2.5576,True,0.5967,0.8686,618.3105,30.0,1933.0
3370,peripheral_expansion,524375.0,4240625.0,40.3899,0.1344,0.0503,0.0552,2.2627,False,0.1709,0.0483,3257.0115,2076.9,3762.0
3371,peripheral_expansion,524875.0,4240625.0,43.1467,0.2032,0.0574,0.0543,2.2627,False,0.1758,0.0553,3155.955,1953.9,3729.0
3372,peripheral_expansion,487625.0,4240875.0,43.3451,0.6528,0.067,0.1408,2.3594,False,0.2264,0.0673,2385.467,1590.9,2994.1
3373,peripheral_expansion,520375.0,4240875.0,46.0753,0.7936,1.0,0.0645,2.3317,True,0.5925,0.8685,685.135,40.0,2060.3
3374,peripheral_expansion,524125.0,4240875.0,40.9292,0.1104,0.1256,0.0563,2.2627,False,0.1911,0.122,2846.791,1335.9,3737.1
3375,peripheral_expansion,524375.0,4240875.0,40.9109,0.2752,0.0515,0.0558,2.2627,False,0.1764,0.0497,3201.8675,2044.8,3725.0
3376,peripheral_expansion,527625.0,4240875.0,45.7158,0.3152,0.0591,0.05,1.1835,False,0.1221,0.0563,3542.5425,3343.9,3757.0
3377,peripheral_expansion,527875.0,4240875.0,43.6257,0.1664,0.0543,0.0496,1.1835,False,0.1074,0.0515,3644.876,3587.0,3773.0
3378,peripheral_expansion,487625.0,4241125.0,42.9537,0.5584,0.0874,0.1445,2.3594,False,0.2221,0.0866,2417.3865,1490.0,3149.1
3379,peripheral_expansion,487875.0,4241125.0,43.8433,0.3968,0.0718,0.1414,2.3594,False,0.2046,0.0712,2677.119,1601.9,3439.0
3380,peripheral_expansion,510625.0,4241125.0,43.9885,0.2976,0.0234,0.0959,2.1769,False,0.1731,0.0246,3286.343,2453.0,3694.0
3381,peripheral_expansion,515375.0,4241125.0,45.024,0.1824,0.1826,0.0805,1.552,False,0.1843,0.1782,2840.925,819.9,3717.0
3382,peripheral_expansion,520625.0,4241125.0,44.7894,0.6096,0.4013,0.0645,2.3317,False,0.3487,0.3925,1378.6605,325.0,2957.5
3383,peripheral_expansion,523875.0,4241125.0,41.1315,0.224,0.1545,0.0574,2.2627,False,0.2048,0.1506,2658.6655,1024.8,3680.1
3384,peripheral_expansion,524125.0,4241125.0,41.2833,0.128,0.1256,0.0569,2.2627,False,0.1916,0.122,2837.079,1334.8,3733.0
3385,peripheral_expansion,527375.0,4241125.0,45.5805,0.1728,0.067,0.0509,1.1835,False,0.1143,0.0639,3548.586,3255.8,3768.0
3386,peripheral_expansion,528125.0,4241125.0,42.4558,0.176,0.0609,0.0496,1.1835,False,0.1081,0.0579,3635.5415,3579.7,3772.0
3387,peripheral_expansion,487625.0,4241375.0,42.6872,0.5568,0.251,0.1484,2.3594,False,0.2832,0.2466,1663.668,478.0,2856.1
3388,peripheral_expansion,487875.0,4241375.0,42.44,0.3568,0.1005,0.1465,2.3594,False,0.2093,0.0989,2580.7325,1452.0,3457.0
3389,peripheral_expansion,520375.0,4241375.0,41.2012,0.152,1.0,0.066,2.5576,False,0.5723,0.868,1052.405,130.0,3247.2
3390,peripheral_expansion,510375.0,4241625.0,45.0256,0.296,0.0129,0.1012,1.862,False,0.1545,0.0165,3501.5895,3197.0,3720.0
3391,peripheral_expansion,520625.0,4241625.0,41.909,0.2192,1.0,0.066,2.3317,False,0.5713,0.868,1091.6025,147.0,3247.8
3392,peripheral_expansion,528125.0,4241625.0,42.9197,0.2384,0.0628,0.0505,1.1835,False,0.1128,0.0599,3610.4965,3525.9,3767.0
3393,peripheral_expansion,487625.0,4241875.0,44.055,0.3296,0.1116,0.1591,2.4563,False,0.2192,0.1101,2391.535,1256.3,3446.0
3394,peripheral_expansion,487875.0,4241875.0,42.4803,0.3968,0.0913,0.1577,2.4563,False,0.2165,0.0905,2483.464,1356.7,3385.0
3395,peripheral_expansion,512625.0,4241875.0,43.0148,0.2656,0.0773,0.0947,1.552,False,0.1442,0.0747,3429.0135,3020.0,3714.0
3396,peripheral_expansion,514625.0,4241875.0,42.8384,0.144,0.1826,0.0875,1.552,False,0.1821,0.1782,2889.3435,864.9,3736.0
3397,peripheral_expansion,487625.0,4242125.0,43.8259,0.344,1.0,0.1656,2.4563,False,0.6013,0.8805,841.447,83.0,2724.3
3398,peripheral_expansion,487875.0,4242125.0,42.9892,0.3296,0.0913,0.1639,2.4563,False,0.2135,0.0906,2512.1855,1358.9,3484.0
3399,peripheral_expansion,484125.0,4242375.0,38.4561,0.1536,0.0913,0.2482,2.3594,False,0.2159,0.094,2494.9865,1492.9,3679.1
3400,peripheral_expansion,510125.0,4242375.0,44.9273,0.2288,0.0447,0.1101,1.862,False,0.1565,0.0438,3408.5995,3093.0,3711.0
3401,peripheral_expansion,512625.0,4242375.0,39.2235,0.1584,0.0372,0.0987,1.552,False,0.1265,0.036,3659.897,3487.0,3768.0
3402,peripheral_expansion,512875.0,4242375.0,40.8564,0.1552,0.0372,0.0974,1.552,False,0.1275,0.0359,3652.6655,3483.0,3762.0
3403,peripheral_expansion,521625.0,4242375.0,42.9803,0.3616,1.0,0.0659,2.3317,False,0.5772,0.8683,1012.035,118.0,3078.2
3404,peripheral_expansion,513875.0,4242625.0,42.7009,0.1232,0.0219,0.0958,1.552,False,0.1259,0.0218,3676.6695,3513.0,3769.0
3405,peripheral_expansion,514125.0,4242625.0,43.3998,0.1744,0.0219,0.0949,1.552,False,0.1278,0.0218,3661.567,3498.0,3760.0
3406,peripheral_expansion,513125.0,4242875.0,40.7832,0.1648,0.0163,0.1005,1.552,False,0.125,0.0176,3690.9385,3531.0,3769.0
3407,peripheral_expansion,487125.0,4243125.0,44.2088,0.6656,0.1674,0.2015,2.4563,False,0.2718,0.1658,1573.757,698.0,2375.5
3408,peripheral_expansion,520625.0,4243125.0,40.1127,0.2096,1.0,0.0713,3.3346,False,0.5886,0.8689,841.478,35.0,2993.0
3409,peripheral_expansion,522125.0,4243125.0,44.726,0.4032,0.5013,0.0676,3.3346,False,0.418,0.4892,1080.198,261.0,3014.1
3410,peripheral_expansion,512875.0,4243375.0,42.3747,0.1552,0.015,0.1064,2.2231,False,0.1689,0.0187,3333.17,2419.8,3749.0
3411,peripheral_expansion,520625.0,4243375.0,38.2551,0.168,1.0,0.0724,3.3346,False,0.5865,0.8689,868.4635,43.0,3049.1
3412,peripheral_expansion,519125.0,4243625.0,39.8471,0.1696,0.3345,0.0788,2.5576,False,0.301,0.3275,1807.743,392.0,3609.2
3413,peripheral_expansion,520375.0,4243625.0,38.3841,0.1904,1.0,0.0743,2.5576,False,0.575,0.869,1044.09,125.9,3235.3
3414,peripheral_expansion,522375.0,4243625.0,40.9083,0.1264,0.2868,0.0689,3.3346,False,0.309,0.2808,1636.075,397.0,3567.2
3415,peripheral_expansion,523375.0,4243625.0,44.1938,0.3824,0.1826,0.0661,2.3139,False,0.2293,0.1783,2294.712,724.0,3463.1
3416,peripheral_expansion,487625.0,4243875.0,42.4596,0.4992,0.1674,0.2302,2.4563,False,0.2622,0.1664,1781.244,765.0,2945.0
3417,peripheral_expansion,487875.0,4243875.0,41.3109,0.3856,0.2008,0.2294,2.4563,False,0.2671,0.1989,1793.2035,595.0,3207.1
3418,peripheral_expansion,519125.0,4243875.0,38.9907,0.1952,0.1435,0.0798,2.5576,False,0.2167,0.14,2523.9035,1011.9,3687.0
3419,peripheral_expansion,520375.0,4243875.0,40.8146,0.2112,1.0,0.0755,2.5576,False,0.5767,0.8692,1017.8975,119.0,3184.2
3420,peripheral_expansion,521875.0,4243875.0,43.035,0.4528,0.4013,0.0713,3.3346,False,0.3737,0.3926,1179.767,301.0,3017.0
3421,peripheral_expansion,522125.0,4243875.0,43.3432,0.2352,0.4013,0.0706,3.3346,False,0.3645,0.3925,1320.7765,303.0,3361.2
3422,peripheral_expansion,522375.0,4243875.0,41.9355,0.1392,0.6678,0.0698,3.3346,False,0.4804,0.6459,1081.956,186.0,3253.1
3423,peripheral_expansion,488375.0,4244125.0,43.2005,0.1872,0.0221,0.2395,2.4563,False,0.2075,0.0377,2661.4355,1583.8,3674.0
3424,peripheral_expansion,488625.0,4244125.0,43.622,0.2032,0.0158,0.2362,2.3251,False,0.1996,0.0342,2775.8995,1741.8,3678.0
3425,peripheral_expansion,518375.0,4244125.0,39.5618,0.1104,0.6678,0.0848,2.5576,False,0.4631,0.6464,1307.0635,244.0,3457.1
3426,peripheral_expansion,519875.0,4244125.0,40.7147,0.2352,0.0467,0.0782,2.5576,False,0.1927,0.0456,2977.9755,1527.0,3721.1
3427,peripheral_expansion,522125.0,4244125.0,43.0948,0.2,0.5013,0.0716,3.3346,False,0.4099,0.4892,1205.238,267.0,3332.3
3428,peripheral_expansion,486375.0,4244375.0,42.9961,0.3552,1.0,0.2796,2.4563,False,0.6296,0.8951,688.5845,40.0,2317.3
3429,peripheral_expansion,487875.0,4244375.0,41.8709,0.2912,1.0,0.259,2.4563,False,0.6207,0.8923,757.3425,49.0,2609.4
3430,peripheral_expansion,509125.0,4244375.0,42.8227,0.2768,0.1674,0.1453,1.8687,False,0.2032,0.1642,2662.1945,939.9,3577.0
3431,peripheral_expansion,520125.0,4244375.0,43.6385,0.5696,0.0574,0.0788,2.5576,False,0.2191,0.0566,2553.131,1370.8,3388.3
3432,peripheral_expansion,520375.0,4244375.0,44.8928,0.7904,1.0,0.0781,2.5576,False,0.5995,0.8702,611.795,32.0,1926.4
3433,peripheral_expansion,520625.0,4244375.0,43.886,0.5808,0.3345,0.0773,3.3346,False,0.3516,0.3277,1157.4455,331.0,2787.1
3434,peripheral_expansion,520875.0,4244375.0,42.3214,0.2656,0.2231,0.0765,3.3346,False,0.2888,0.2185,1719.341,446.0,3472.3
3435,peripheral_expansion,521125.0,4244375.0,39.9565,0.592,0.251,0.0758,3.3346,False,0.316,0.246,1377.81,396.0,2966.4
3436,peripheral_expansion,521375.0,4244375.0,43.6544,0.48,0.2008,0.075,3.3346,False,0.2913,0.1967,1592.653,457.9,3152.1
3437,peripheral_expansion,522125.0,4244375.0,43.3339,0.1776,0.3345,0.0726,3.3346,False,0.3324,0.3275,1470.736,356.0,3458.2
3438,peripheral_expansion,523625.0,4244375.0,42.9806,0.144,0.1435,0.068,2.3139,False,0.2029,0.1398,2657.3145,1109.9,3704.0
3439,peripheral_expansion,486375.0,4244625.0,42.9174,0.1776,1.0,0.2979,2.4563,False,0.6242,0.897,756.7775,39.0,2690.2
3440,peripheral_expansion,520875.0,4244625.0,42.0475,0.3088,0.1545,0.0778,3.3346,False,0.2666,0.1511,1943.052,549.0,3483.0
3441,peripheral_expansion,521125.0,4244625.0,42.6449,0.2256,0.2008,0.077,3.3346,False,0.2793,0.1966,1811.672,477.0,3524.1
3442,peripheral_expansion,522375.0,4244625.0,43.0735,0.1664,0.1826,0.0729,3.3346,False,0.271,0.1786,1904.289,507.0,3587.0
3443,peripheral_expansion,519375.0,4244875.0,39.0969,0.2688,0.0324,0.0841,2.5576,False,0.1916,0.0326,3035.9335,1613.7,3733.0
3444,peripheral_expansion,520375.0,4244875.0,45.3368,0.5136,0.6678,0.0808,2.5576,False,0.4809,0.6465,1044.365,216.0,2793.3
3445,peripheral_expansion,521375.0,4244875.0,43.1118,0.2096,0.1674,0.0774,3.3346,False,0.2675,0.1637,1935.037,523.9,3562.0
3446,peripheral_expansion,522875.0,4244875.0,44.5522,0.1616,0.1674,0.0722,3.3346,False,0.2664,0.1637,1936.8785,525.0,3589.0
3447,peripheral_expansion,487125.0,4245125.0,39.8693,0.112,1.0,0.3324,2.4563,False,0.6277,0.9013,761.5865,36.0,2774.4
3448,peripheral_expansion,487625.0,4245125.0,41.7269,0.5824,1.0,0.3219,2.4563,False,0.6519,0.901,501.1165,29.0,1319.3
3449,peripheral_expansion,487875.0,4245125.0,40.4711,0.2416,0.0558,0.3213,2.4563,False,0.2344,0.0689,2305.907,1277.0,3592.2
3450,peripheral_expansion,488375.0,4245125.0,41.6579,0.2288,0.0744,0.3122,2.4563,False,0.2363,0.0831,2236.0405,1275.9,3566.0
3451,peripheral_expansion,509875.0,4245125.0,45.5395,0.144,0.4013,0.1559,1.8687,False,0.3249,0.3938,1796.4805,347.0,3544.1
3452,peripheral_expansion,520875.0,4245125.0,43.3135,0.2256,0.0628,0.0804,3.3346,False,0.2406,0.0618,2347.3945,691.5,3659.0
3453,peripheral_expansion,521375.0,4245125.0,43.4387,0.6608,0.1058,0.0786,3.3346,False,0.2751,0.104,1721.321,538.0,3006.1
3454,peripheral_expansion,522625.0,4245125.0,42.7493,0.2512,0.1545,0.0741,3.3346,False,0.2643,0.1511,1974.3025,550.0,3543.4
3455,peripheral_expansion,522875.0,4245125.0,43.3521,0.1808,0.1545,0.0732,3.3346,False,0.2623,0.151,2001.3765,551.8,3599.1
3456,peripheral_expansion,523125.0,4245125.0,43.7841,0.1312,0.1826,0.0724,3.3346,False,0.2704,0.1786,1905.197,508.0,3592.0
3457,peripheral_expansion,487375.0,4245375.0,38.0804,0.1216,0.0837,0.353,2.4563,False,0.2456,0.094,2167.148,1135.0,3641.0
3458,peripheral_expansion,487875.0,4245375.0,40.4823,0.1968,0.0628,0.3493,2.4563,False,0.2422,0.0768,2214.534,1180.9,3613.0
3459,peripheral_expansion,520875.0,4245375.0,40.9328,0.3344,0.0718,0.0818,3.3346,False,0.2458,0.0706,2284.643,672.8,3592.0
3460,peripheral_expansion,521125.0,4245375.0,38.1274,0.1696,0.0804,0.0808,3.3346,False,0.241,0.0787,2377.9435,701.8,3716.1
3461,peripheral_expansion,522875.0,4245375.0,42.8681,0.1824,0.2008,0.0743,3.3346,False,0.2778,0.1965,1833.535,480.9,3556.1
3462,peripheral_expansion,523125.0,4245375.0,42.8363,0.224,0.2231,0.0734,3.3346,False,0.2872,0.2184,1740.0365,449.9,3507.0
3463,peripheral_expansion,490625.0,4245625.0,40.5965,0.2064,0.0153,0.315,2.8408,False,0.243,0.0455,2242.048,1078.0,3631.1
3464,peripheral_expansion,511625.0,4245625.0,48.3171,0.296,0.0197,0.1451,2.128,False,0.1799,0.0254,3056.79,2309.9,3643.1
3465,peripheral_expansion,520875.0,4245625.0,39.6263,0.2544,0.0773,0.0832,3.3346,False,0.2434,0.0758,2331.234,682.9,3659.0
3466,peripheral_expansion,521125.0,4245625.0,38.3723,0.1376,0.2231,0.0822,3.3346,False,0.2843,0.2185,1821.502,461.0,3614.1
3467,peripheral_expansion,523125.0,4245625.0,42.8041,0.2112,0.2868,0.0744,3.3346,False,0.3126,0.2809,1568.893,390.0,3464.1
3468,peripheral_expansion,523625.0,4245625.0,42.6693,0.1712,0.2008,0.0725,3.3346,False,0.2773,0.1965,1845.0855,483.0,3573.1
3469,peripheral_expansion,487625.0,4245875.0,39.44,0.1136,0.0957,0.4242,2.4563,False,0.2699,0.1096,1922.2325,873.8,3585.0
3470,peripheral_expansion,487875.0,4245875.0,41.3574,0.3232,0.0693,0.4227,2.9979,False,0.2929,0.0891,1618.732,711.9,3299.4
3471,peripheral_expansion,488125.0,4245875.0,40.0627,0.4592,0.6678,0.4142,2.1912,False,0.5469,0.659,756.025,188.0,2220.5
3472,peripheral_expansion,490625.0,4245875.0,40.1202,0.1328,0.0203,0.3409,2.8408,False,0.2481,0.0506,2188.403,1028.7,3660.1
3473,peripheral_expansion,518125.0,4245875.0,40.6673,0.1792,0.3345,0.0955,2.5576,False,0.3036,0.3277,1770.3935,390.0,3567.1
3474,peripheral_expansion,518375.0,4245875.0,42.1022,0.2464,0.2231,0.0946,2.5576,False,0.2531,0.2184,2066.0965,533.0,3553.1
3475,peripheral_expansion,518625.0,4245875.0,42.478,0.1104,0.2008,0.0937,2.5576,False,0.2397,0.1965,2206.648,613.9,3659.1
3476,peripheral_expansion,518875.0,4245875.0,41.2321,0.2896,0.2008,0.0928,2.5576,False,0.2447,0.1965,2148.291,614.4,3521.1
3477,peripheral_expansion,519125.0,4245875.0,38.0736,0.1408,0.1826,0.0918,2.5576,False,0.2309,0.1785,2346.743,714.0,3694.0
3478,peripheral_expansion,520125.0,4245875.0,39.8515,0.2976,0.1826,0.0878,2.5576,False,0.2366,0.1785,2255.6595,703.0,3556.1
3479,peripheral_expansion,520625.0,4245875.0,36.7286,0.1424,0.0804,0.0857,3.3346,False,0.2405,0.0787,2390.639,706.0,3729.1
3480,peripheral_expansion,523625.0,4245875.0,42.6421,0.3856,0.0379,0.0734,3.3346,False,0.2418,0.039,2362.9215,712.9,3593.0
3481,peripheral_expansion,523875.0,4245875.0,42.5078,0.328,0.0324,0.0725,3.3346,False,0.2381,0.034,2434.278,734.6,3655.0
3482,peripheral_expansion,488375.0,4246125.0,38.8524,0.2848,0.1545,0.448,2.1912,False,0.2906,0.1629,1712.5285,744.0,3398.1
3483,peripheral_expansion,488875.0,4246125.0,41.4413,0.424,0.251,0.4331,2.1912,False,0.3337,0.2536,1279.468,476.0,2923.0
3484,peripheral_expansion,490625.0,4246125.0,41.5938,0.1936,0.0296,0.3711,2.8408,False,0.2594,0.0584,2033.129,935.0,3588.0
3485,peripheral_expansion,520375.0,4246125.0,41.6113,0.2992,0.6678,0.0883,3.3346,False,0.4905,0.6467,997.593,182.0,3060.7
3486,peripheral_expansion,523375.0,4246125.0,42.9664,0.1584,0.0428,0.0754,3.3346,False,0.2346,0.0429,2473.03,744.9,3718.0
3487,peripheral_expansion,524125.0,4246125.0,41.03,0.2912,0.0261,0.0724,3.3346,False,0.235,0.0286,2509.781,750.9,3705.0
3488,peripheral_expansion,488625.0,4246375.0,39.3567,0.2576,0.0437,0.498,2.1912,False,0.2745,0.0808,2059.7095,714.9,3592.0
3489,peripheral_expansion,490375.0,4246375.0,41.5987,0.144,0.0347,0.4191,3.4996,False,0.2999,0.0675,1642.564,520.0,3509.3
3490,peripheral_expansion,490625.0,4246375.0,41.4834,0.1664,0.0379,0.4079,2.8408,False,0.2701,0.0671,1924.713,834.9,3573.1
3491,peripheral_expansion,490875.0,4246375.0,41.6884,0.208,0.0447,0.4055,2.8408,False,0.272,0.0706,1886.0835,837.9,3531.1
3492,peripheral_expansion,491125.0,4246375.0,41.7005,0.1984,0.0503,0.4044,2.8408,False,0.2726,0.0738,1874.8235,839.0,3525.2
3493,peripheral_expansion,509625.0,4246375.0,44.8729,0.488,0.0175,0.1934,2.031,False,0.1943,0.0301,2957.438,2377.0,3452.0
3494,peripheral_expansion,518625.0,4246375.0,41.4968,0.2448,0.2868,0.0979,2.5576,False,0.2827,0.281,1857.5085,437.0,3529.0
3495,peripheral_expansion,518875.0,4246375.0,40.7704,0.1456,0.2008,0.0968,2.5576,False,0.24,0.1965,2220.236,625.9,3659.0
3496,peripheral_expansion,520375.0,4246375.0,42.609,0.1936,1.0,0.0899,3.3346,False,0.5925,0.8711,811.515,31.9,2942.3
3497,peripheral_expansion,523625.0,4246375.0,44.1925,0.264,0.033,0.0753,3.3346,False,0.2366,0.0343,2429.3595,727.0,3670.1
3498,peripheral_expansion,487375.0,4246625.0,40.1078,0.4064,0.0419,0.6127,2.8014,False,0.3357,0.0949,1387.1225,428.0,3154.1
3499,peripheral_expansion,487875.0,4246625.0,37.4799,0.1632,0.1182,0.615,2.9979,False,0.3533,0.1437,1258.4055,401.0,3328.1
3500,peripheral_expansion,488375.0,4246625.0,39.0458,0.1488,0.4013,0.5773,2.9979,False,0.4592,0.4036,776.5395,285.0,2794.3
3501,peripheral_expansion,490125.0,4246625.0,40.948,0.1008,0.0467,0.4769,3.4996,False,0.3154,0.0807,1521.502,480.8,3471.1
3502,peripheral_expansion,509875.0,4246625.0,47.6883,0.3584,0.0161,0.1972,2.031,False,0.1867,0.0292,2958.6915,2167.0,3571.1
3503,peripheral_expansion,518625.0,4246625.0,40.5974,0.1648,0.0503,0.1,0.9049,False,0.09,0.0481,3692.812,3670.0,3776.0
3504,peripheral_expansion,518875.0,4246625.0,39.9945,0.1264,0.067,0.0989,0.9049,False,0.0935,0.0644,3640.8865,3532.6,3777.0
3505,peripheral_expansion,520375.0,4246625.0,41.788,0.1712,1.0,0.0916,3.3346,False,0.5917,0.8713,825.2275,34.0,2972.7
3506,peripheral_expansion,487875.0,4246875.0,39.5781,0.4896,1.0,0.7228,2.9979,False,0.7787,0.9561,225.2415,11.0,409.0
3507,peripheral_expansion,488625.0,4246875.0,39.7378,0.2288,0.251,0.6573,2.9979,False,0.4153,0.2627,860.465,316.9,2858.3
3508,peripheral_expansion,490875.0,4246875.0,41.0092,0.3184,0.1256,0.5086,2.8408,False,0.326,0.1413,1330.697,586.9,3154.5
3509,peripheral_expansion,491125.0,4246875.0,42.116,0.4432,0.1256,0.5067,2.8408,False,0.3318,0.1413,1205.335,587.0,2842.0
3510,peripheral_expansion,491375.0,4246875.0,42.9066,0.32,0.1435,0.5031,2.8408,False,0.3309,0.1565,1253.106,595.9,3066.0
3511,peripheral_expansion,491625.0,4246875.0,44.6339,0.2672,0.1545,0.4919,2.8408,False,0.3299,0.1656,1252.1595,609.0,3131.5
3512,peripheral_expansion,492125.0,4246875.0,44.9066,0.2448,0.2231,0.4651,2.8408,False,0.3473,0.2281,1126.584,493.0,3072.4
3513,peripheral_expansion,518625.0,4246875.0,39.1224,0.1728,0.0543,0.1023,0.9049,False,0.0904,0.0521,3683.363,3654.9,3776.0
3514,peripheral_expansion,520875.0,4246875.0,38.5974,0.1792,0.4013,0.0907,3.3346,False,0.3639,0.3929,1366.8515,306.0,3442.0
3515,peripheral_expansion,488875.0,4247125.0,39.2728,0.3392,0.0309,0.7532,2.9979,False,0.3742,0.109,1209.312,247.0,3208.1
3516,peripheral_expansion,489625.0,4247125.0,40.1451,0.3904,0.0135,0.6591,3.1198,False,0.3513,0.0927,1279.7625,347.0,3159.0
3517,peripheral_expansion,491125.0,4247125.0,40.0262,0.2304,0.1435,0.58,3.1198,False,0.3583,0.1618,1142.3755,433.0,3141.4
3518,peripheral_expansion,520625.0,4247125.0,38.8421,0.1488,0.2868,0.0937,0.9049,False,0.2173,0.2807,2593.237,465.9,3770.0
3519,peripheral_expansion,491125.0,4247375.0,39.668,0.2976,0.019,0.6779,3.1198,False,0.3539,0.0962,1314.344,324.0,3295.3
3520,peripheral_expansion,493375.0,4247375.0,40.8925,0.1696,1.0,0.483,3.1228,False,0.686,0.9216,479.9155,17.0,1627.1
3521,peripheral_expansion,491375.0,4247625.0,39.7516,0.5296,0.0184,0.8019,2.8055,False,0.3862,0.1123,1084.304,201.0,2832.2
3522,peripheral_expansion,491625.0,4247625.0,38.4015,0.3776,0.0197,0.7683,2.8055,False,0.3717,0.1081,1270.0395,241.0,3223.1
3523,peripheral_expansion,491875.0,4247625.0,38.539,0.1984,0.0237,0.7355,2.8055,False,0.3582,0.1046,1411.0555,281.9,3478.2
3524,peripheral_expansion,513375.0,4247625.0,42.3704,0.304,0.0055,0.1718,2.0171,False,0.1717,0.0224,3292.2085,2676.9,3687.0
3525,peripheral_expansion,493375.0,4247875.0,39.7604,0.2128,0.0207,0.6263,3.1228,False,0.338,0.0897,1431.066,391.0,3411.2
3526,peripheral_expansion,513125.0,4248125.0,42.4296,0.2896,0.0091,0.1897,2.1463,False,0.182,0.0257,3121.2275,2328.0,3673.0
3527,peripheral_expansion,516875.0,4248125.0,42.4951,0.2096,0.0223,0.1263,0.9049,False,0.0942,0.0237,3707.318,3630.0,3773.0
3528,peripheral_expansion,519625.0,4248125.0,39.5766,0.1424,1.0,0.1079,0.9049,False,0.5489,0.8724,1423.5365,172.0,3690.2
3529,peripheral_expansion,513125.0,4248375.0,43.3137,0.3056,0.0132,0.1968,2.1463,False,0.1854,0.028,3052.928,2270.9,3642.0
3530,peripheral_expansion,513875.0,4248375.0,45.5641,0.4976,0.013,0.1783,2.5646,False,0.2192,0.0273,2500.064,1463.9,3357.0
3531,peripheral_expansion,514125.0,4248375.0,42.5736,0.2112,0.0209,0.1724,1.9391,False,0.1646,0.0284,3350.7935,2831.6,3723.0
3532,peripheral_expansion,515625.0,4248375.0,38.9226,0.1664,0.0076,0.1424,0.9049,False,0.0899,0.0165,3713.545,3649.0,3777.0
3533,peripheral_expansion,495375.0,4248625.0,39.1646,0.2976,0.0957,0.8409,4.6924,False,0.4525,0.1505,698.2995,38.0,2618.2
3534,peripheral_expansion,496125.0,4248625.0,39.2528,0.1152,0.251,0.6463,4.6924,False,0.4578,0.2626,706.709,87.0,2681.1
3535,peripheral_expansion,496625.0,4248625.0,38.3762,0.2752,0.251,0.5821,4.6924,False,0.4497,0.2598,698.377,92.8,2535.3
3536,peripheral_expansion,498125.0,4249375.0,39.0572,0.176,0.3345,0.7267,4.6924,True,0.511,0.3443,551.2645,31.0,2192.2
3537,peripheral_expansion,501875.0,4249875.0,42.0565,0.4064,0.033,0.3811,2.8867,False,0.2736,0.0616,1812.027,861.0,3272.3
3538,peripheral_expansion,504375.0,4249875.0,41.6372,0.2512,0.0428,0.5068,2.6245,False,0.2933,0.0817,1757.8165,639.0,3473.1
3539,peripheral_expansion,499375.0,4250125.0,38.9852,0.2672,0.0773,0.733,2.5901,False,0.3667,0.127,1317.051,276.9,3326.1
3540,peripheral_expansion,499875.0,4250125.0,41.5597,0.2224,0.0242,0.5738,2.5901,False,0.3073,0.0832,1715.3595,517.0,3523.2
3541,peripheral_expansion,500125.0,4250125.0,41.5904,0.2608,0.0394,0.5376,2.5901,False,0.3009,0.084,1717.728,575.9,3468.1
3542,peripheral_expansion,500375.0,4250125.0,40.8577,0.3712,0.041,0.5076,2.8867,False,0.3074,0.0813,1556.244,594.0,3259.1
3543,peripheral_expansion,500625.0,4250125.0,40.8779,0.2384,0.0628,0.5005,2.8867,False,0.3051,0.0925,1596.171,615.0,3423.2
3544,peripheral_expansion,500875.0,4250125.0,40.7841,0.2448,0.0773,0.4995,2.8867,False,0.3086,0.1022,1545.6465,617.0,3385.0
3545,peripheral_expansion,501125.0,4250125.0,41.002,0.2128,0.0874,0.487,2.8867,False,0.3066,0.1085,1550.239,640.0,3408.5
3546,peripheral_expansion,501375.0,4250125.0,40.8021,0.2976,0.0913,0.4654,2.8867,False,0.3045,0.1097,1527.2465,678.0,3303.2
3547,peripheral_expansion,502125.0,4250125.0,41.1603,0.24,0.0515,0.3871,0.0,False,0.1784,0.0717,2926.3105,1262.8,3777.0
3548,peripheral_expansion,503125.0,4250125.0,44.026,0.4192,0.0628,0.4401,0.0,False,0.2147,0.0853,2601.509,995.0,3768.0
3549,peripheral_expansion,503375.0,4250125.0,43.7729,0.4176,0.0628,0.4524,0.0,False,0.2192,0.0866,2573.71,949.9,3768.0
3550,peripheral_expansion,504375.0,4250125.0,39.8599,0.3024,0.0609,0.5764,2.6245,False,0.3195,0.0998,1556.3505,500.9,3373.0
3551,peripheral_expansion,505125.0,4250125.0,43.3596,0.2256,0.0648,0.5667,2.6245,False,0.316,0.101,1555.63,512.0,3418.2
3552,peripheral_expansion,505375.0,4250125.0,42.615,0.2992,0.251,0.5428,2.6245,False,0.3749,0.2577,1019.5535,457.0,2900.1
3553,peripheral_expansion,500125.0,4250375.0,40.6359,0.1984,0.1826,0.6136,2.5901,False,0.3628,0.1979,1178.116,421.0,3204.2
3554,peripheral_expansion,500375.0,4250375.0,41.2344,0.2928,0.1005,0.5647,2.8867,False,0.3354,0.1256,1315.5985,488.0,3209.5
3555,peripheral_expansion,500625.0,4250375.0,39.8811,0.2112,0.1674,0.5718,2.8867,False,0.3553,0.182,1170.344,467.0,3200.1
3556,peripheral_expansion,500875.0,4250375.0,40.797,0.4416,0.0693,0.5701,2.8867,False,0.3349,0.1044,1289.651,478.0,2997.3
3557,peripheral_expansion,501125.0,4250375.0,41.9457,0.456,0.0773,0.5497,2.8867,False,0.3323,0.1075,1264.558,511.0,2926.1
3558,peripheral_expansion,501375.0,4250375.0,41.0818,0.328,0.1435,0.5186,2.8867,False,0.3367,0.1575,1229.036,559.0,3074.1
3559,peripheral_expansion,501875.0,4250375.0,40.1544,0.264,0.251,0.4445,2.8867,False,0.3541,0.254,1124.8285,461.0,3089.4
3560,peripheral_expansion,502125.0,4250375.0,41.2202,0.2752,0.4013,0.4223,0.0,False,0.3447,0.3993,1646.827,335.9,3743.0
3561,peripheral_expansion,502375.0,4250375.0,43.0981,0.7264,0.4013,0.4471,0.0,False,0.378,0.4001,1267.6615,309.0,3615.1
3562,peripheral_expansion,503875.0,4250375.0,44.3188,0.808,0.1826,0.5768,2.6245,False,0.387,0.1963,571.664,426.0,766.1
3563,peripheral_expansion,504625.0,4250375.0,38.4577,0.2624,0.1435,0.6949,2.6245,False,0.376,0.1702,1158.028,312.0,3180.1
3564,peripheral_expansion,505125.0,4250375.0,40.9473,0.1584,0.2868,0.6581,2.6245,False,0.4171,0.2962,923.485,324.9,3025.0
3565,peripheral_expansion,505625.0,4250375.0,40.6971,0.1728,0.5013,0.6342,2.6245,False,0.5157,0.5026,706.7325,198.0,2678.5
3566,peripheral_expansion,515125.0,4250375.0,43.748,0.112,0.0119,0.1887,2.1544,False,0.1775,0.0261,3130.331,2305.5,3735.1
3567,peripheral_expansion,515625.0,4250375.0,41.5584,0.1888,0.0191,0.1853,2.1544,False,0.1779,0.0291,3162.073,2328.0,3724.0
3568,peripheral_expansion,515875.0,4250375.0,42.3667,0.1424,0.0203,0.1829,2.1544,False,0.1769,0.0295,3159.9695,2338.8,3733.0
3569,peripheral_expansion,517875.0,4250375.0,39.3521,0.1264,0.0248,0.1558,2.4076,False,0.1858,0.0301,3054.5035,1875.8,3748.0
3570,peripheral_expansion,518125.0,4250375.0,39.5415,0.144,0.1435,0.1521,2.4076,False,0.2163,0.1409,2479.335,1068.8,3669.1
3571,peripheral_expansion,499875.0,4250625.0,39.6628,0.4256,0.0457,0.7651,2.5901,False,0.3735,0.1155,1248.589,242.0,3097.0
3572,peripheral_expansion,500125.0,4250625.0,39.5628,0.2704,0.0718,0.7053,2.5901,False,0.3577,0.1207,1364.0325,313.9,3346.2
3573,peripheral_expansion,500375.0,4250625.0,40.3027,0.5184,0.4013,0.6491,2.8867,False,0.4946,0.4057,502.5565,213.0,876.0
3574,peripheral_expansion,501125.0,4250625.0,40.5791,0.3408,0.0837,0.629,2.8867,False,0.3508,0.1199,1245.65,392.0,3140.0
3575,peripheral_expansion,502375.0,4250625.0,42.9615,0.704,0.2231,0.4927,0.0,False,0.3073,0.2292,1584.897,512.0,3665.3
3576,peripheral_expansion,502875.0,4250625.0,44.0038,0.7408,0.1058,0.5543,0.0,False,0.2913,0.1286,1831.838,556.0,3706.0
3577,peripheral_expansion,503875.0,4250625.0,43.6902,0.792,0.1256,0.662,2.6245,False,0.389,0.1539,632.7115,320.0,925.1
3578,peripheral_expansion,504625.0,4250625.0,41.2584,0.1632,0.1826,0.8409,2.6245,False,0.4258,0.213,942.5095,137.0,3080.2
3579,peripheral_expansion,504875.0,4250625.0,41.7666,0.2416,0.1339,0.8138,2.6245,False,0.4057,0.1728,1033.398,173.0,3100.4
3580,peripheral_expansion,505125.0,4250625.0,43.4781,0.2944,0.1182,0.7793,2.6245,False,0.394,0.1583,1054.6725,208.0,3056.1
3581,peripheral_expansion,505375.0,4250625.0,41.053,0.512,0.0837,0.6891,2.6245,False,0.3676,0.1263,1107.4155,316.0,2745.2
3582,peripheral_expansion,505625.0,4250625.0,43.2771,0.3648,0.0467,0.713,2.6245,False,0.359,0.1094,1296.157,299.0,3165.1
3583,peripheral_expansion,500375.0,4250875.0,40.2313,0.6,1.0,0.7699,2.5901,False,0.7849,0.9629,198.037,11.0,497.0
3584,peripheral_expansion,501125.0,4250875.0,39.2548,0.3328,0.1339,0.7277,2.8867,False,0.3924,0.1655,999.186,255.0,2952.3
3585,peripheral_expansion,501375.0,4250875.0,39.2464,0.208,0.0744,0.6482,2.8867,False,0.3488,0.116,1346.8905,375.0,3373.0
3586,peripheral_expansion,501625.0,4250875.0,40.3298,0.3488,0.1182,0.5786,2.8867,False,0.3466,0.1407,1207.948,457.0,3067.0
3587,peripheral_expansion,502375.0,4250875.0,41.1226,0.7168,0.251,0.5441,0.0,False,0.3345,0.2577,1433.5345,456.0,3645.0
3588,peripheral_expansion,503125.0,4250875.0,44.3186,0.4048,0.0591,0.657,0.0,False,0.2926,0.1078,2137.274,435.0,3758.0
3589,peripheral_expansion,503375.0,4250875.0,43.4452,0.6512,0.0744,0.659,2.6245,False,0.3648,0.1175,968.216,348.9,2155.5
3590,peripheral_expansion,503625.0,4250875.0,43.2931,0.824,0.0804,0.6627,2.6245,False,0.3776,0.1219,708.925,328.0,1094.1
3591,peripheral_expansion,504125.0,4250875.0,42.7127,0.6048,0.1435,0.8471,2.6245,False,0.4321,0.1831,669.566,122.0,1795.2
3592,peripheral_expansion,504375.0,4250875.0,42.4801,0.4048,0.1826,0.8929,2.6245,True,0.4479,0.2169,748.5245,81.0,2477.0
3593,peripheral_expansion,504625.0,4250875.0,38.4153,0.656,0.2008,0.9718,2.6245,True,0.4811,0.2375,503.5705,31.0,1040.4
3594,peripheral_expansion,505125.0,4250875.0,40.5972,0.3712,0.1182,0.9094,2.6245,False,0.429,0.1708,915.708,89.0,2886.1
3595,peripheral_expansion,515125.0,4250875.0,41.9387,0.1232,0.0067,0.2081,2.1544,False,0.1799,0.0275,3114.6085,2222.0,3740.0
3596,peripheral_expansion,501375.0,4251125.0,39.4446,0.2128,0.0574,0.7256,2.8867,False,0.3661,0.1157,1288.141,280.9,3354.2
3597,peripheral_expansion,502625.0,4251125.0,40.914,0.3568,0.1005,0.6736,0.0,False,0.3046,0.1352,2046.2805,420.9,3756.0
3598,peripheral_expansion,503875.0,4251125.0,42.5291,0.272,0.1182,0.8625,2.6245,True,0.4146,0.1662,1000.82,130.0,3048.2
3599,peripheral_expansion,501125.0,4251375.0,36.0537,0.6976,0.0387,0.974,2.8867,False,0.4381,0.1392,709.643,57.0,2044.1
3600,peripheral_expansion,501625.0,4251375.0,40.5046,0.312,0.067,0.7046,0.0,False,0.3053,0.1175,2128.428,387.7,3765.1
3601,peripheral_expansion,502375.0,4251375.0,40.1606,0.2256,0.6678,0.7198,0.0,False,0.5417,0.6671,1036.4685,86.9,3606.2
3602,peripheral_expansion,503125.0,4251375.0,38.6895,0.6928,0.067,0.9752,0.0,True,0.3976,0.1494,1511.608,98.0,3669.3
3603,peripheral_expansion,503625.0,4251375.0,39.6157,0.3984,0.0957,0.9192,2.6245,False,0.4255,0.1579,952.5225,93.9,2903.4
3604,peripheral_expansion,501875.0,4251625.0,40.2107,0.6896,0.0773,0.8852,0.0,False,0.3778,0.144,1567.2885,145.0,3675.2
3605,peripheral_expansion,502125.0,4251625.0,39.9797,0.3904,0.2008,0.8918,0.0,False,0.4006,0.2314,1445.4995,143.0,3664.3
3606,peripheral_expansion,502625.0,4251625.0,38.083,0.3888,0.1256,0.9049,0.0,False,0.3821,0.1749,1653.846,152.0,3730.0
3607,peripheral_expansion,518875.0,4251625.0,41.218,0.9952,1.0,0.1599,2.1377,False,0.6152,0.8803,548.98,25.0,1674.3
3608,peripheral_expansion,515375.0,4252625.0,43.4326,0.3072,0.0091,0.3144,2.6361,False,0.2371,0.0438,2267.4625,1202.0,3521.1
3609,peripheral_expansion,519625.0,4253125.0,48.7152,0.4976,0.0265,0.1607,2.1774,False,0.2014,0.0324,2747.274,2061.8,3371.0
3610,peripheral_expansion,522125.0,4253125.0,43.7858,0.504,0.2868,0.1169,2.1684,False,0.2847,0.2813,1790.119,439.0,3095.0
3611,peripheral_expansion,522375.0,4253125.0,42.333,0.4656,0.4013,0.1138,2.1684,False,0.3407,0.3932,1569.2165,336.0,3144.0
3612,peripheral_expansion,522625.0,4253125.0,43.3524,0.4336,0.1116,0.1107,2.1684,False,0.2038,0.1091,2685.4675,1501.4,3399.1
3613,peripheral_expansion,512875.0,4253375.0,38.3114,0.1792,0.0127,0.4843,3.5134,False,0.3121,0.069,1584.9625,487.9,3510.1
3614,peripheral_expansion,521875.0,4253375.0,45.2163,0.7056,0.4013,0.1214,2.1684,False,0.3587,0.3934,1255.5705,315.0,2583.1
3615,peripheral_expansion,522375.0,4253375.0,41.8457,0.3616,0.2231,0.1147,2.0061,False,0.2356,0.2186,2319.9595,553.9,3467.0
3616,peripheral_expansion,522625.0,4253375.0,43.9838,0.4592,0.0291,0.1116,2.0061,False,0.1785,0.0306,3270.7935,2887.7,3559.0
3617,peripheral_expansion,522875.0,4253375.0,41.806,0.3152,0.0122,0.1087,2.1684,False,0.172,0.0176,3344.6965,2602.9,3710.0
3618,peripheral_expansion,512625.0,4253625.0,39.1599,0.2208,0.0106,0.5834,3.5134,False,0.3378,0.0822,1387.906,386.0,3411.1
3619,peripheral_expansion,521875.0,4253875.0,46.3687,0.8128,0.251,0.1233,2.0061,False,0.2915,0.2464,1502.8435,458.0,2663.1
3620,peripheral_expansion,518875.0,4254125.0,46.7756,0.4848,0.1256,0.1941,1.9553,False,0.2182,0.1246,2391.233,1174.9,3174.2
3621,peripheral_expansion,518625.0,4254875.0,44.118,0.6368,0.0121,0.2114,1.9553,False,0.2085,0.031,2823.69,2237.9,3266.0
3622,peripheral_expansion,520875.0,4254875.0,45.6734,0.8016,1.0,0.1436,2.1761,True,0.608,0.8782,627.2175,35.0,1919.1
3623,peripheral_expansion,514125.0,4255125.0,37.2291,0.9776,0.6678,0.9306,1.1312,False,0.6526,0.6716,456.365,13.0,1620.9
3624,peripheral_expansion,514875.0,4255125.0,40.8629,0.624,0.2008,0.8588,1.853,False,0.4373,0.2295,859.636,112.0,2475.3
3625,peripheral_expansion,519375.0,4255125.0,45.258,0.4944,0.5013,0.1835,1.948,False,0.4027,0.4918,1322.6355,283.0,2943.0
3626,peripheral_expansion,521875.0,4255125.0,46.7626,0.3728,0.0083,0.1259,2.0054,False,0.1725,0.0176,3263.965,2791.8,3635.0
3627,peripheral_expansion,522875.0,4255125.0,46.3469,0.5696,0.0234,0.1118,2.1667,False,0.1988,0.027,2922.8015,2275.7,3397.0
3628,peripheral_expansion,523375.0,4255125.0,44.1282,0.4,0.0353,0.1059,2.1667,False,0.1825,0.0357,3145.727,2346.0,3582.1
3629,peripheral_expansion,524625.0,4255125.0,43.3623,0.1552,0.0287,0.0935,2.1667,False,0.1666,0.0287,3347.8005,2484.8,3746.0
3630,peripheral_expansion,525875.0,4255125.0,44.8667,0.2448,0.3345,0.0837,2.0061,False,0.2854,0.3275,1998.481,393.0,3566.1
3631,peripheral_expansion,526125.0,4255125.0,43.2078,0.1696,0.4013,0.082,2.0061,False,0.3181,0.3925,1885.168,351.0,3614.2
3632,peripheral_expansion,514875.0,4255375.0,39.5752,0.5952,0.3345,0.9503,1.853,True,0.51,0.3528,648.165,30.9,2230.2
3633,peripheral_expansion,523375.0,4255375.0,44.4217,0.3904,0.0309,0.106,2.1667,False,0.1813,0.0318,3165.8535,2376.6,3602.1
3634,peripheral_expansion,523625.0,4255375.0,45.7167,0.1376,0.0314,0.1032,2.1667,False,0.1696,0.0315,3242.4595,2334.9,3739.1
3635,peripheral_expansion,517625.0,4255625.0,44.9923,0.6416,0.0324,0.2708,1.948,False,0.2253,0.048,2467.8175,1671.9,3067.1
3636,peripheral_expansion,519625.0,4255625.0,44.0632,0.6864,0.0106,0.1757,1.3968,False,0.1852,0.0258,3169.3365,2568.0,3599.0
3637,peripheral_expansion,523625.0,4255625.0,43.3171,0.1728,0.1256,0.1032,2.1667,False,0.1926,0.1224,2800.605,1347.0,3688.0
3638,peripheral_expansion,517375.0,4255875.0,41.7817,0.2976,0.0335,0.2881,1.948,False,0.1993,0.0495,2857.2075,1689.9,3631.0
3639,peripheral_expansion,519125.0,4255875.0,44.6975,0.6176,0.0242,0.192,1.4895,False,0.1848,0.0338,3108.8905,2518.8,3522.0
3640,peripheral_expansion,519625.0,4255875.0,44.7491,0.6576,0.016,0.1753,1.4895,False,0.1858,0.0277,3140.545,2578.7,3537.0
3641,peripheral_expansion,519125.0,4256125.0,45.012,0.656,0.1116,0.1909,1.4895,False,0.2104,0.1111,2580.468,1470.7,3375.1
3642,peripheral_expansion,523875.0,4256125.0,42.2164,0.1472,0.0197,0.1004,1.9945,False,0.1543,0.0211,3526.893,3109.0,3757.0
3643,peripheral_expansion,524125.0,4256125.0,42.0179,0.1088,0.0296,0.0979,1.9945,False,0.1546,0.0294,3507.732,3052.8,3758.0
3644,peripheral_expansion,519125.0,4256375.0,43.4926,0.1856,0.0437,0.1893,1.4895,False,0.1462,0.047,3387.668,2574.8,3739.0
3645,peripheral_expansion,519375.0,4256375.0,43.394,0.5824,0.0437,0.1809,1.4895,False,0.1803,0.0474,3153.845,2593.9,3502.0
3646,peripheral_expansion,519125.0,4256875.0,43.6358,0.3392,0.0212,0.1849,1.4895,False,0.151,0.0297,3416.356,2812.4,3703.0
3647,peripheral_expansion,522875.0,4256875.0,44.2171,0.7792,0.1545,0.1104,1.9945,False,0.2466,0.1516,2033.579,802.9,2982.1
3648,peripheral_expansion,523125.0,4256875.0,44.8572,0.6144,0.5013,0.1075,1.9945,False,0.3967,0.4901,1339.3065,282.0,2922.0
3649,peripheral_expansion,524375.0,4256875.0,41.2047,0.152,0.0447,0.0949,1.9945,False,0.157,0.0433,3454.5675,2937.9,3750.0
3650,peripheral_expansion,495875.0,4257125.0,42.2006,0.464,1.0,0.3634,2.1739,False,0.6503,0.9061,614.6395,27.0,1955.6
3651,peripheral_expansion,520125.0,4257125.0,42.3365,0.344,0.0402,0.1553,1.4895,False,0.1468,0.0418,3475.066,3089.0,3695.0
3652,peripheral_expansion,520875.0,4257125.0,43.2043,0.4304,0.0365,0.1396,1.4895,False,0.1527,0.0379,3459.7875,3192.8,3645.1
3653,peripheral_expansion,523125.0,4257125.0,44.3904,0.24,0.0186,0.1069,1.9945,False,0.16,0.0209,3448.659,3010.9,3726.0
3654,peripheral_expansion,495875.0,4257375.0,43.4372,0.264,1.0,0.3398,2.1739,False,0.6333,0.9025,745.292,33.0,2602.0
3655,peripheral_expansion,512875.0,4257375.0,37.7429,0.6704,0.2008,0.9783,2.0789,False,0.4713,0.2379,674.469,38.0,2025.5
3656,peripheral_expansion,514875.0,4257375.0,43.7194,0.4336,0.0068,0.5872,2.0935,False,0.3017,0.0815,1839.1305,511.0,3319.1
3657,peripheral_expansion,520875.0,4257375.0,42.2553,0.3808,0.0203,0.1383,1.4895,False,0.1438,0.0245,3561.799,3394.9,3711.1
3658,peripheral_expansion,506125.0,4257625.0,38.6165,0.7744,0.0648,0.9726,3.9951,True,0.47,0.1492,381.399,20.0,849.3
3659,peripheral_expansion,516625.0,4257625.0,41.919,0.5552,0.0141,0.2963,2.1205,False,0.2256,0.0426,2512.836,1554.9,3303.2
3660,peripheral_expansion,518125.0,4257625.0,41.2564,0.2608,0.0153,0.2107,2.063,False,0.1804,0.0304,3137.3815,2351.5,3695.0
3661,peripheral_expansion,518375.0,4257625.0,40.1277,0.128,0.0083,0.2006,2.063,False,0.1723,0.0266,3236.48,2423.9,3754.0
3662,peripheral_expansion,523375.0,4257625.0,42.9,0.8144,0.0161,0.103,1.9945,False,0.216,0.0239,2902.277,2274.0,3376.1
3663,peripheral_expansion,505875.0,4258125.0,42.7646,0.3968,0.0394,0.8447,3.9951,True,0.4257,0.1238,778.948,97.0,2608.2
3664,peripheral_expansion,504375.0,4258375.0,43.4138,0.76,0.251,0.8328,2.6955,False,0.4779,0.2717,349.279,76.0,584.0
3665,peripheral_expansion,504875.0,4258375.0,40.1835,0.568,1.0,0.9079,2.6955,False,0.8133,0.9811,167.2475,7.0,390.3
3666,peripheral_expansion,505125.0,4258375.0,36.7193,0.6048,0.251,0.9899,2.6955,True,0.5026,0.2804,477.6565,26.0,1005.1
3667,peripheral_expansion,505625.0,4258375.0,39.5429,0.6752,0.0693,0.905,3.9951,True,0.4553,0.1433,481.615,46.0,1090.2
3668,peripheral_expansion,519875.0,4258375.0,40.9874,0.1024,0.0305,0.1504,1.4895,False,0.1304,0.0328,3597.8625,3379.0,3765.0
3669,peripheral_expansion,505625.0,4258625.0,40.312,0.6464,0.0479,0.7425,2.6955,False,0.3809,0.1139,975.2565,249.0,2365.1
3670,peripheral_expansion,520375.0,4258625.0,43.8279,0.2448,0.1339,0.1388,1.4895,False,0.1677,0.1311,3045.3475,1452.6,3683.0
3671,peripheral_expansion,522125.0,4258625.0,40.0147,0.1008,0.0341,0.1132,2.3014,False,0.1748,0.0346,3222.306,2091.9,3755.1
3672,peripheral_expansion,505625.0,4258875.0,42.0569,0.6752,0.0365,0.6278,2.2827,False,0.3381,0.0949,1303.8155,412.0,2515.1
3673,peripheral_expansion,514125.0,4258875.0,44.9196,0.2816,0.0086,0.4438,2.0489,False,0.2488,0.0616,2291.7655,886.9,3580.0
3674,peripheral_expansion,520125.0,4258875.0,43.0505,0.1696,0.6678,0.1415,1.4895,False,0.4517,0.6486,1562.4475,252.0,3569.0
3675,peripheral_expansion,520375.0,4258875.0,43.3699,0.1744,0.6678,0.137,1.4895,False,0.4511,0.6484,1565.1125,251.0,3567.0
3676,peripheral_expansion,526875.0,4258875.0,39.3386,0.5872,1.0,0.0746,2.4428,False,0.5887,0.8696,839.7195,74.9,2577.1
3677,peripheral_expansion,500375.0,4259125.0,42.6872,0.6608,1.0,0.4167,2.6955,False,0.6898,0.9138,309.793,20.0,803.0
3678,peripheral_expansion,500875.0,4259125.0,43.2993,0.416,1.0,0.4447,2.6955,False,0.6844,0.9171,435.013,22.0,1103.6
3679,peripheral_expansion,505375.0,4259125.0,44.7891,0.624,0.0744,0.5797,2.2827,False,0.3312,0.1088,1260.3945,484.9,2487.2
3680,peripheral_expansion,505625.0,4259125.0,46.2148,0.5264,0.0341,0.5477,2.2827,False,0.3068,0.0833,1560.285,555.0,2957.1
3681,peripheral_expansion,512375.0,4259125.0,43.5723,0.1104,0.0168,0.3654,2.2471,False,0.2281,0.0522,2448.8435,1209.0,3685.1
3682,peripheral_expansion,514375.0,4259125.0,46.0097,0.7248,0.1005,0.3903,2.0489,False,0.2845,0.1116,1499.2745,919.9,2260.1
3683,peripheral_expansion,519625.0,4259125.0,43.3023,0.1952,0.2231,0.1487,1.4895,False,0.2109,0.2189,2570.669,576.0,3672.0
3684,peripheral_expansion,519875.0,4259125.0,43.5398,0.1392,0.3345,0.1439,1.4895,False,0.2719,0.3283,2171.9555,396.0,3676.0
3685,peripheral_expansion,506875.0,4259375.0,46.1269,0.456,0.2008,0.3805,2.2827,False,0.3042,0.2035,1374.6875,554.0,2860.2
3686,peripheral_expansion,496375.0,4259875.0,41.5634,0.2944,0.0957,0.2091,2.1739,False,0.2051,0.0963,2634.8545,1735.9,3545.0
3687,peripheral_expansion,496625.0,4259875.0,39.9181,0.1184,0.1005,0.2114,2.1739,False,0.1999,0.1008,2700.949,1700.7,3694.1
3688,peripheral_expansion,516875.0,4259875.0,45.15,0.776,0.2008,0.2108,2.0958,False,0.2833,0.1987,1436.2855,545.0,2077.0
3689,peripheral_expansion,495125.0,4260125.0,40.7175,0.7488,0.0609,0.2576,2.1739,False,0.2466,0.0686,2063.3295,1625.0,2493.1
3690,peripheral_expansion,513125.0,4260125.0,43.3508,0.232,0.0957,0.2887,2.4083,False,0.2344,0.1003,2198.9695,1324.9,3532.1
3691,peripheral_expansion,496125.0,4260375.0,41.5543,0.2096,0.0178,0.2053,2.1739,False,0.1837,0.0309,3069.178,2197.0,3708.0
3692,peripheral_expansion,496375.0,4260375.0,40.5214,0.456,0.033,0.1974,2.1739,False,0.1992,0.0403,2893.6055,2170.0,3492.1
3693,peripheral_expansion,496625.0,4260375.0,40.3183,0.3776,0.0773,0.1921,2.1739,False,0.2012,0.0783,2756.2105,1969.6,3475.0
3694,peripheral_expansion,496875.0,4260375.0,40.9481,0.2688,0.1545,0.1946,2.1739,False,0.2208,0.1526,2398.602,1026.9,3544.0
3695,peripheral_expansion,497375.0,4260375.0,39.6836,0.1072,1.0,0.1981,2.6955,False,0.6007,0.8842,868.7145,70.0,2988.0
3696,peripheral_expansion,502375.0,4260375.0,46.0744,0.6048,0.2868,0.3092,2.6955,False,0.3501,0.285,958.5145,409.9,1943.1
3697,peripheral_expansion,496375.0,4260625.0,42.2239,0.9456,0.0261,0.1915,2.1739,False,0.2518,0.0384,1951.172,1280.6,2461.0
3698,peripheral_expansion,496625.0,4260625.0,41.9066,0.9568,0.0648,0.1846,2.1739,False,0.2593,0.0684,1714.1065,936.9,2279.1
3699,peripheral_expansion,498625.0,4260625.0,39.2766,0.1552,0.251,0.2154,2.6955,False,0.2867,0.2477,1716.2355,482.9,3493.0
3700,peripheral_expansion,498875.0,4260625.0,41.11,0.1408,0.1826,0.2231,2.6955,False,0.2593,0.1809,1918.6885,667.7,3533.0
3701,peripheral_expansion,499125.0,4260625.0,41.2292,0.1296,0.1826,0.2307,2.6955,False,0.2607,0.1811,1900.3335,663.9,3533.2
3702,peripheral_expansion,499375.0,4260625.0,41.1798,0.2144,0.1435,0.2382,2.6955,False,0.2502,0.1433,2010.0235,873.9,3506.0
3703,peripheral_expansion,499625.0,4260625.0,44.8706,0.1392,0.1826,0.2453,2.6955,False,0.2657,0.1814,1796.5785,646.0,3472.1
3704,peripheral_expansion,500125.0,4260625.0,45.3629,0.2352,0.251,0.2575,2.6955,False,0.3006,0.2486,1499.7545,470.0,3278.1
3705,peripheral_expansion,500375.0,4260625.0,45.344,0.352,1.0,0.2621,2.6955,False,0.6308,0.8929,632.451,37.0,2121.4
3706,peripheral_expansion,500625.0,4260625.0,45.1065,0.1152,1.0,0.2653,2.6955,False,0.6182,0.8927,743.518,41.0,2725.0
3707,peripheral_expansion,500875.0,4260625.0,45.3672,0.1696,1.0,0.2671,2.6955,False,0.6219,0.8931,716.9895,39.0,2624.3
3708,peripheral_expansion,501625.0,4260625.0,47.3012,0.1552,0.5013,0.2845,2.6955,True,0.4309,0.4941,1042.965,271.0,3056.1
3709,peripheral_expansion,501875.0,4260625.0,47.0516,0.2656,0.4013,0.2875,2.6955,False,0.3839,0.3965,1101.2945,313.0,2957.0
3710,peripheral_expansion,502125.0,4260625.0,45.2083,0.2944,0.1826,0.2884,2.6955,False,0.281,0.1828,1601.058,626.4,3254.0
3711,peripheral_expansion,529625.0,4260625.0,41.3317,0.4752,0.251,0.0604,1.8787,False,0.2457,0.2455,2270.209,496.9,3488.2
3712,peripheral_expansion,496125.0,4260875.0,43.0016,0.9376,0.2008,0.1969,2.1739,False,0.2999,0.1987,1192.849,485.9,1939.1
3713,peripheral_expansion,499125.0,4260875.0,43.8279,0.3616,0.1545,0.2201,2.6955,False,0.2584,0.1535,1851.411,788.9,3258.0
3714,peripheral_expansion,499875.0,4260875.0,45.054,0.3088,0.1674,0.2379,2.6955,False,0.2646,0.1665,1772.4505,699.7,3300.1
3715,peripheral_expansion,500125.0,4260875.0,44.9783,0.2528,0.6678,0.2426,2.6955,False,0.5072,0.6528,928.1455,198.0,2888.1
3716,peripheral_expansion,502375.0,4260875.0,46.3221,0.5104,0.251,0.268,2.6955,False,0.3181,0.249,1223.9145,462.0,2593.0
3717,peripheral_expansion,508875.0,4260875.0,48.1388,0.2096,0.067,0.2095,2.2214,False,0.2014,0.0695,2605.5265,1708.7,3620.1
3718,peripheral_expansion,496375.0,4261125.0,42.5085,0.784,0.0874,0.185,2.1739,False,0.244,0.0884,2035.6515,1603.0,2343.0
3719,peripheral_expansion,496625.0,4261125.0,40.1001,0.9552,0.0693,0.1774,2.1739,False,0.2584,0.0721,1769.653,957.0,2360.1
3720,peripheral_expansion,499125.0,4261125.0,45.047,0.1696,0.0837,0.2103,2.6955,False,0.2275,0.0853,2289.7045,1075.9,3589.4
3721,peripheral_expansion,525375.0,4261125.0,40.1737,0.4912,0.1435,0.0783,2.4428,False,0.228,0.1401,2355.0495,1015.7,3415.1
3722,peripheral_expansion,525625.0,4261125.0,39.8316,0.4208,0.4013,0.0769,2.4428,False,0.3412,0.3926,1552.343,337.0,3279.2
3723,peripheral_expansion,526125.0,4261125.0,40.054,0.1792,0.4013,0.0742,2.4428,False,0.3308,0.3925,1702.613,350.0,3586.1
3724,peripheral_expansion,496625.0,4261375.0,42.1639,0.8352,0.0693,0.1743,2.1739,False,0.2439,0.0714,2066.4325,1680.0,2393.0
3725,peripheral_expansion,499125.0,4261375.0,45.3068,0.2064,0.0394,0.2011,2.6955,False,0.2175,0.0456,2486.747,1260.9,3629.0
3726,peripheral_expansion,499625.0,4261375.0,44.53,0.1952,0.3345,0.2101,2.6955,False,0.3294,0.3295,1431.235,380.0,3318.1
3727,peripheral_expansion,513375.0,4261375.0,41.581,0.136,0.0804,0.2138,2.4083,False,0.2089,0.0821,2581.9845,1482.0,3671.0
3728,peripheral_expansion,525625.0,4261375.0,41.8316,0.4864,0.251,0.0763,2.4428,False,0.2716,0.2457,1864.284,483.0,3272.0
3729,peripheral_expansion,496125.0,4261625.0,42.4109,0.8224,0.1435,0.1851,2.1739,False,0.2647,0.1424,1641.809,834.6,2152.0
3730,peripheral_expansion,496875.0,4261625.0,42.4094,0.672,0.0718,0.1647,2.1739,False,0.224,0.0726,2449.3315,1939.9,2907.0
3731,peripheral_expansion,498875.0,4261625.0,43.0264,0.6352,0.0693,0.1882,2.6955,False,0.2479,0.0717,2004.519,1106.0,2832.0
3732,peripheral_expansion,499625.0,4261625.0,44.3603,0.368,0.0447,0.2003,2.6955,False,0.2251,0.05,2384.115,1244.0,3442.0
3733,peripheral_expansion,513375.0,4261625.0,41.0605,0.1392,0.1545,0.203,2.4083,False,0.23,0.1529,2261.439,937.7,3614.0
3734,peripheral_expansion,524875.0,4261625.0,41.2058,0.4304,0.2231,0.0798,2.4428,False,0.2554,0.2183,2028.6,532.0,3369.1
3735,peripheral_expansion,494875.0,4261875.0,42.4535,0.448,0.2868,0.2216,2.1739,False,0.2984,0.283,1613.7015,437.9,3062.1
3736,peripheral_expansion,495875.0,4261875.0,42.2492,0.1952,0.5013,0.1881,2.1739,False,0.3949,0.4918,1432.2785,289.0,3386.1
3737,peripheral_expansion,496875.0,4261875.0,42.5265,0.6928,0.0874,0.1617,2.1739,False,0.2297,0.0873,2318.2695,1720.0,2790.1
3738,peripheral_expansion,499625.0,4261875.0,44.9362,0.7456,0.0457,0.1913,2.6955,False,0.2549,0.0517,1844.5395,1102.8,2512.0
3739,peripheral_expansion,495875.0,4262125.0,42.0568,0.4176,0.2231,0.1832,2.1739,False,0.2576,0.2197,1965.9785,534.0,3214.1
3740,peripheral_expansion,496875.0,4262125.0,41.9637,0.8672,0.0913,0.1587,2.1739,False,0.2507,0.0916,1904.4865,1300.9,2437.2
3741,peripheral_expansion,499125.0,4262125.0,43.1803,0.3168,0.0319,0.1771,2.6955,False,0.2154,0.038,2587.232,1321.8,3569.0
3742,peripheral_expansion,502375.0,4262375.0,46.9484,0.776,0.6678,0.1913,0.7902,True,0.4741,0.6508,1203.227,195.0,3393.2
3743,peripheral_expansion,521625.0,4262375.0,43.072,0.1952,0.4013,0.0994,2.8408,False,0.3495,0.3929,1461.544,326.0,3429.3
3744,peripheral_expansion,527875.0,4262375.0,40.7798,0.2416,0.1674,0.0642,2.4428,False,0.2204,0.1633,2455.776,849.7,3647.1
3745,peripheral_expansion,498625.0,4262625.0,42.2485,0.8144,0.0543,0.1584,2.6955,False,0.2577,0.0575,1841.3245,1092.0,2544.1
3746,peripheral_expansion,498875.0,4262625.0,42.5974,0.8496,0.0515,0.1612,2.6955,False,0.2614,0.0554,1750.3065,1050.9,2437.1
3747,peripheral_expansion,499125.0,4262625.0,41.6602,0.832,0.0515,0.1638,2.6955,False,0.2595,0.0554,1813.2375,1085.9,2494.0
3748,peripheral_expansion,503125.0,4262625.0,46.8008,0.7008,0.0195,0.1791,0.7902,False,0.1724,0.0298,3153.952,2419.9,3729.0
3749,peripheral_expansion,503125.0,4262875.0,45.7128,0.7696,0.017,0.1716,0.7902,False,0.1807,0.0283,3118.515,2341.7,3727.1
3750,peripheral_expansion,502875.0,4263125.0,46.8654,0.4896,0.0309,0.1659,0.7902,False,0.1388,0.0349,3386.153,2747.7,3752.0
3751,peripheral_expansion,502625.0,4263375.0,47.1646,0.544,0.0503,0.1602,0.7902,False,0.1497,0.0514,3275.455,2574.9,3736.0
3752,peripheral_expansion,523375.0,4263375.0,42.6215,0.1632,0.1435,0.0828,2.8408,False,0.2331,0.1401,2297.1265,756.9,3652.0
3753,peripheral_expansion,502375.0,4263625.0,46.1307,0.6608,0.2231,0.1545,0.7902,False,0.2298,0.2192,2286.5915,531.9,3674.1
3754,peripheral_expansion,502375.0,4263875.0,45.1975,0.7088,0.5013,0.1487,0.7902,False,0.3805,0.491,1555.2945,279.0,3588.0
3755,peripheral_expansion,502625.0,4263875.0,47.1444,0.5536,0.1339,0.1483,0.7902,False,0.1754,0.1314,2875.183,1235.4,3714.1
3756,peripheral_expansion,503125.0,4263875.0,44.4231,0.3248,0.0353,0.1471,1.7623,False,0.1599,0.0372,3376.0775,2962.8,3660.0
3757,peripheral_expansion,527875.0,4263875.0,40.1816,0.2304,0.4013,0.0616,2.4428,False,0.331,0.3923,1692.6745,349.0,3563.1
3758,peripheral_expansion,502375.0,4264125.0,43.6097,0.5904,0.6678,0.1434,1.9066,False,0.4808,0.649,1168.7575,217.0,2857.3
3759,peripheral_expansion,502875.0,4264125.0,45.5405,0.248,0.1339,0.1425,1.7623,False,0.184,0.1312,2859.648,1288.4,3625.0
3760,peripheral_expansion,503375.0,4264625.0,44.4977,0.1744,0.0773,0.1341,1.7623,False,0.1592,0.0757,3258.154,2532.0,3716.0
3761,peripheral_expansion,491125.0,4264875.0,34.2089,0.5584,1.0,0.2543,2.1739,False,0.6235,0.892,725.081,46.0,2166.1
3762,peripheral_expansion,503375.0,4264875.0,44.7043,0.2064,0.0628,0.1299,1.7623,False,0.1561,0.0616,3333.419,2809.0,3710.0
3763,peripheral_expansion,525625.0,4265375.0,41.7803,0.3488,0.1545,0.0664,2.4428,False,0.2215,0.1507,2427.4865,937.6,3544.1
3764,peripheral_expansion,504375.0,4265625.0,44.3755,0.2896,0.0609,0.1213,1.6619,False,0.1527,0.0595,3383.2845,3002.6,3678.0
3765,peripheral_expansion,505125.0,4265625.0,47.1664,0.1856,0.0874,0.1219,1.6619,False,0.1579,0.0851,3190.172,2037.0,3713.0
3766,peripheral_expansion,526375.0,4265625.0,37.4631,0.2176,1.0,0.0632,2.4428,False,0.5716,0.8677,1085.447,145.0,3275.6
3767,peripheral_expansion,504375.0,4265875.0,46.5879,0.3168,0.0503,0.1177,1.6619,False,0.1542,0.0493,3355.7885,2956.7,3668.0
3768,peripheral_expansion,504625.0,4265875.0,45.9495,0.8448,0.0515,0.118,1.6619,False,0.2168,0.0527,2700.018,1839.9,3336.1
3769,peripheral_expansion,504125.0,4266125.0,48.0291,0.6832,0.0287,0.114,1.9066,False,0.2022,0.0318,2923.4995,2412.9,3309.0
3770,peripheral_expansion,505375.0,4266125.0,46.8793,0.1648,0.067,0.1149,1.6619,False,0.15,0.0651,3324.682,2565.9,3731.0
3771,peripheral_expansion,504875.0,4266375.0,46.1538,0.5504,0.0648,0.1117,1.6619,False,0.1797,0.0636,3118.9985,2544.5,3467.0
3772,peripheral_expansion,522375.0,4266375.0,37.8356,0.9184,0.6678,0.0758,2.8408,False,0.5027,0.6464,710.5195,164.8,1936.3
3773,peripheral_expansion,525125.0,4266375.0,39.3846,0.3056,0.4013,0.0656,2.8408,False,0.3479,0.3924,1482.438,329.0,3405.2
3774,peripheral_expansion,505125.0,4266625.0,47.0554,0.2176,0.0957,0.1087,1.6619,False,0.1599,0.093,3164.331,1906.8,3698.0
3775,peripheral_expansion,505375.0,4266625.0,47.5762,0.216,0.6678,0.1087,1.6619,False,0.4528,0.6473,1496.92,244.0,3473.1
3776,peripheral_expansion,505125.0,4266875.0,46.8277,0.416,0.1058,0.1058,1.7078,False,0.179,0.103,2983.1105,1656.6,3522.1
